"DESCRIPTION","DURATION IN MS","NAME","PARENT SUITE","START TIME","STATUS","STOP TIME","SUB SUITE","SUITE","TEST CLASS","TEST METHOD"
"Test cases for Test_filterAndFormatSearchResults","0","Test_filterAndFormatSearchResults","","2026-08-20","passed","2026-08-20","","Go Test","github.com/specterops/bloodhound/cmd/api/src/api/v2/Test_filterAndFormatSearchResults","Test_filterAndFormatSearchResults"
"Test cases for TestResources_ListAuditLogs_OnlySkip","0","TestResources_ListAuditLogs_OnlySkip","","2026-08-20","passed","2026-08-20","","Go Test","github.com/specterops/bloodhound/cmd/api/src/api/v2/TestResources_ListAuditLogs_OnlySkip","TestResources_ListAuditLogs_OnlySkip"
"Test cases for TestIntPointer","0","TestIntPointer","","2026-08-20","passed","2026-08-20","","Go Test","github.com/specterops/bloodhound/cmd/api/src/database/types/null/TestIntPointer","TestIntPointer"
"","989","open and closes dialog","DatabaseManagement","2026-08-20","passed","2026-08-20","","","",""
"","0","handles empty search string","filterAndSearchEnvironments","2026-08-20","passed","2026-08-20","","search filter","",""
"","7","re-announces the same message by incrementing the span key","AnnouncementProvider","2026-08-20","passed","2026-08-20","","","",""
"Test cases for TestManagementResource_GetUser","19187","TestManagementResource_GetUser","","2026-08-20","passed","2026-08-20","","Go Test","github.com/specterops/bloodhound/cmd/api/src/api/v2/auth/TestManagementResource_GetUser","TestManagementResource_GetUser"
"","6","displays lastlogontimestamp cell as NEVER when the value is -1","ExploreTableDataCell","2026-08-20","passed","2026-08-20","","","",""
"Test cases for TestStore_GetFlagByID","0","TestStore_GetFlagByID","","2026-08-20","passed","2026-08-20","","Go Test","github.com/specterops/bloodhound/server/featureflags/internal/appdb/TestStore_GetFlagByID","TestStore_GetFlagByID"
"","64","returns undefined for an unknown id or when no id is provided","useGetUserNameById","2026-08-20","passed","2026-08-20","","","",""
"","102","temporarily displays the checkmark icon after clicking copy","ExploreTableDataCell","2026-08-20","passed","2026-08-20","","","",""
"Test cases for TestNewDefaultFileServices_ConfiguredS3Provider","4","TestNewDefaultFileServices_ConfiguredS3Provider","","2026-08-20","passed","2026-08-20","","Go Test","github.com/specterops/bloodhound/cmd/api/src/services/storage/TestNewDefaultFileServices_ConfiguredS3Provider","TestNewDefaultFileServices_ConfiguredS3Provider"
"Test cases for TestStorageFileService_GetFile","38","TestStorageFileService_GetFile","","2026-08-20","passed","2026-08-20","","Go Test","github.com/specterops/bloodhound/packages/go/storage/TestStorageFileService_GetFile","TestStorageFileService_GetFile"
"","0","filters by azure platform","filterAndSearchEnvironments","2026-08-20","passed","2026-08-20","","platform filters","",""
"","81","shows the search panel when isCurrentSearchOpen is true","GraphControls","2026-08-20","passed","2026-08-20","","Searching current results","",""
"","17","dedupes edges before adding them to the graph","Explore utils","2026-08-20","passed","2026-08-20","","initGraph","",""
"Test cases for TestTimeIsZero","0","TestTimeIsZero","","2026-08-20","passed","2026-08-20","","Go Test","github.com/specterops/bloodhound/cmd/api/src/database/types/null/TestTimeIsZero","TestTimeIsZero"
"","10","returns when label limit is reached","useTagLimits","2026-08-20","passed","2026-08-20","","","",""
"","2","Default label and sizing are used when graph of origin does not specify","copySigmaNodesToGraphlibGraph","2026-08-20","passed","2026-08-20","","","",""
"","12","will update the selected filters based on the values stored in query params when the initialize function is called","usePathfindingFilters","2026-08-20","passed","2026-08-20","","","",""
"","233","clicking an enabled header toggles content (single mode)","<DetailsAccordion />","2026-08-20","passed","2026-08-20","","","",""
"Test cases for Test_UseHarness","1","Test_UseHarness","","2026-08-20","passed","2026-08-20","","Go Test","github.com/specterops/bloodhound/packages/go/lab/Test_UseHarness","Test_UseHarness"
"Test cases for TestPredefinedSIDSuffixes","0","TestPredefinedSIDSuffixes","","2026-08-20","passed","2026-08-20","","Go Test","github.com/specterops/bloodhound/packages/go/analysis/ad/wellknown/TestPredefinedSIDSuffixes","TestPredefinedSIDSuffixes"
"","483","handles removing from a tier zero asset group","AssetGroupMenuItem","2026-08-20","passed","2026-08-20","","removing from an asset group","",""
"","209","calls setExploreParams with only the expandedSection label when selecting any accordion that is not composition","EdgeInfoContent","2026-08-20","passed","2026-08-20","","EdgeInfoContent support for Deep Linking","",""
"Test cases for TestResources_ProcessIngestTask","6","TestResources_ProcessIngestTask","","2026-08-20","passed","2026-08-20","","Go Test","github.com/specterops/bloodhound/cmd/api/src/api/v2/TestResources_ProcessIngestTask","TestResources_ProcessIngestTask"
"","364","renders the Import Query Dialog","ImportQueryDialog","2026-08-20","passed","2026-08-20","","","",""
"Test cases for TestResources_ListADDomainContainedComputers","1","TestResources_ListADDomainContainedComputers","","2026-08-20","passed","2026-08-20","","Go Test","github.com/specterops/bloodhound/cmd/api/src/api/v2/TestResources_ListADDomainContainedComputers","TestResources_ListADDomainContainedComputers"
"Test cases for TestManagementResource_DeleteUser_UserBhCtxNotFound","0","TestManagementResource_DeleteUser_UserBhCtxNotFound","","2026-08-20","passed","2026-08-20","","Go Test","github.com/specterops/bloodhound/cmd/api/src/api/v2/auth/TestManagementResource_DeleteUser_UserBhCtxNotFound","TestManagementResource_DeleteUser_UserBhCtxNotFound"
"","1","returns empty arrays when kinds data has empty arrays","graphSchema","2026-08-20","passed","2026-08-20","","","",""
"","84","updates value when an invalid date typed","ManagedDatePicker - value","2026-08-20","passed","2026-08-20","","","",""
"Test cases for TestRegisterBHCEMetrics","1","TestRegisterBHCEMetrics","","2026-08-20","passed","2026-08-20","","Go Test","github.com/specterops/bloodhound/packages/go/metricsregistration/TestRegisterBHCEMetrics","TestRegisterBHCEMetrics"
"","236","validates that the name input is under the max length","Tag Form","2026-08-20","passed","2026-08-20","","","",""
"","702","calls onSave when valid form inputs are provided","PasswordDialog","2026-08-20","passed","2026-08-20","","","",""
"","1","filters by name search (case insensitive)","filterAndSearchEnvironments","2026-08-20","passed","2026-08-20","","search filter","",""
"","0","returns paramValue as EnvironmentAggregation for unknown values (custom types)","useEnvironmentParams","2026-08-20","passed","2026-08-20","","parseEnvironmentAggregation","",""
"Test cases for TestSignRequestTeeFailure","0","TestSignRequestTeeFailure","","2026-08-20","passed","2026-08-20","","Go Test","github.com/specterops/bloodhound/cmd/api/src/api/TestSignRequestTeeFailure","TestSignRequestTeeFailure"
"Test cases for Test_runMaybeCachedEntityQuery","2","Test_runMaybeCachedEntityQuery","","2026-08-20","passed","2026-08-20","","Go Test","github.com/specterops/bloodhound/cmd/api/src/queries/Test_runMaybeCachedEntityQuery","Test_runMaybeCachedEntityQuery"
"","878","should hide Environmental Targeted Access Control panel when showEnvironmentAccessControls prop is true and power user role is selected","UpdateUserForm","2026-08-20","passed","2026-08-20","","","",""
"Test cases for TestPredefinedNodeNamePrefixes","0","TestPredefinedNodeNamePrefixes","","2026-08-20","passed","2026-08-20","","Go Test","github.com/specterops/bloodhound/packages/go/analysis/ad/wellknown/TestPredefinedNodeNamePrefixes","TestPredefinedNodeNamePrefixes"
"","0","The node radius is adjusted for nodes that have their ""highlighted"" property set to true since the highlight adds some padding","getNodeRadius","2026-08-20","passed","2026-08-20","","","",""
"Test cases for TestFlatMap","0","TestFlatMap","","2026-08-20","passed","2026-08-20","","Go Test","github.com/specterops/bloodhound/packages/go/slicesext/TestFlatMap","TestFlatMap"
"Test cases for TestHandlers_CancelAnalysisRequest","1","TestHandlers_CancelAnalysisRequest","","2026-08-20","passed","2026-08-20","","Go Test","github.com/specterops/bloodhound/server/analysis/internal/handlers/TestHandlers_CancelAnalysisRequest","TestHandlers_CancelAnalysisRequest"
"","4","does not put polite messages in the assertive region","AnnouncementProvider","2026-08-20","passed","2026-08-20","","","",""
"","218","should render","NoDataDialog","2026-08-20","passed","2026-08-20","","","",""
"Test cases for TestAuth_CreateSSOSession","2","TestAuth_CreateSSOSession","","2026-08-20","passed","2026-08-20","","Go Test","github.com/specterops/bloodhound/cmd/api/src/api/v2/auth/TestAuth_CreateSSOSession","TestAuth_CreateSSOSession"
"Test cases for TestIsValidEmail","0","TestIsValidEmail","","2026-08-20","passed","2026-08-20","","Go Test","github.com/specterops/bloodhound/cmd/api/src/utils/TestIsValidEmail","TestIsValidEmail"
"","0","returns the known info map values for a known type (Active Directory)","getOpenGraphEnvironmentInfo","2026-08-20","passed","2026-08-20","","","",""
"","59","returns when zone limit is reached","useTagLimits","2026-08-20","passed","2026-08-20","","","",""
"Test cases for TestMarshalFloat","0","TestMarshalFloat","","2026-08-20","passed","2026-08-20","","Go Test","github.com/specterops/bloodhound/cmd/api/src/database/types/null/TestMarshalFloat","TestMarshalFloat"
"Test cases for TestManagementResource_UpdateUser_GetUserError","1191","TestManagementResource_UpdateUser_GetUserError","","2026-08-20","passed","2026-08-20","","Go Test","github.com/specterops/bloodhound/cmd/api/src/api/v2/auth/TestManagementResource_UpdateUser_GetUserError","TestManagementResource_UpdateUser_GetUserError"
"Test cases for TestNodeNamePrefix_String","0","TestNodeNamePrefix_String","","2026-08-20","passed","2026-08-20","","Go Test","github.com/specterops/bloodhound/packages/go/analysis/ad/wellknown/TestNodeNamePrefix_String","TestNodeNamePrefix_String"
"","66","should render a navigation list item","MainNav","2026-08-20","passed","2026-08-20","","","",""
"","61","renders section when no errors occur","EntityInfoCollapsibleSection","2026-08-20","passed","2026-08-20","","","",""
"","4","matches all AD edges","Make sure pathfinding filterable edges match schemagen","2026-08-20","passed","2026-08-20","","","",""
"","94","calls handleFilterChange with all filter types and empty strings when clicked while filters are active","AssetGroupEdit","2026-08-20","passed","2026-08-20","","Clear Filters button","",""
"","184","renders Label as first tab and is also the initially selected on first render in Labels View/Tab","Selected Details Tabs","2026-08-20","passed","2026-08-20","","Selected Details Tabs - Params present","",""
"","116","should should reflect the checked state for public query","SavedQueryPermissions","2026-08-20","passed","2026-08-20","","","",""
"","687","should render","ExploreTable","2026-08-20","passed","2026-08-20","","","",""
"Test cases for TestMarshalInt64Text","0","TestMarshalInt64Text","","2026-08-20","passed","2026-08-20","","Go Test","github.com/specterops/bloodhound/cmd/api/src/database/types/null/TestMarshalInt64Text","TestMarshalInt64Text"
"","331","displays an autofocused text input","SearchCurrentNodes","2026-08-20","passed","2026-08-20","","","",""
"Test cases for TestResources_ExportSavedQueries","25","TestResources_ExportSavedQueries","","2026-08-20","passed","2026-08-20","","Go Test","github.com/specterops/bloodhound/cmd/api/src/api/v2/TestResources_ExportSavedQueries","TestResources_ExportSavedQueries"
"Test cases for TestGenericClone","0","TestGenericClone","","2026-08-20","passed","2026-08-20","","Go Test","github.com/specterops/bloodhound/cmd/api/src/utils/TestGenericClone","TestGenericClone"
"Test cases for TestSavedQueries_IsString","0","TestSavedQueries_IsString","","2026-08-20","passed","2026-08-20","","Go Test","github.com/specterops/bloodhound/cmd/api/src/model/TestSavedQueries_IsString","TestSavedQueries_IsString"
"Test cases for TestHandlers_GetAllFlags","5","TestHandlers_GetAllFlags","","2026-08-20","passed","2026-08-20","","Go Test","github.com/specterops/bloodhound/server/featureflags/internal/handlers/TestHandlers_GetAllFlags","TestHandlers_GetAllFlags"
"","0","returns fallback Cypher message when ruleType is undefined and seeds are required","getErrorMessage","2026-08-20","passed","2026-08-20","","","",""
"Test cases for TestManagementResource_DeleteUser_GetUserError","1","TestManagementResource_DeleteUser_GetUserError","","2026-08-20","passed","2026-08-20","","Go Test","github.com/specterops/bloodhound/cmd/api/src/api/v2/auth/TestManagementResource_DeleteUser_GetUserError","TestManagementResource_DeleteUser_GetUserError"
"","14","returns a prefer wait in the header when db config timeout limit setting is disabled and state of is disable query limit is true","useExploreGraph","2026-08-20","passed","2026-08-20","userSettings","exploreGraphQueryFactory","",""
"Test cases for TestResources_GetAssetGroupMemberCount_DBError","0","TestResources_GetAssetGroupMemberCount_DBError","","2026-08-20","passed","2026-08-20","","Go Test","github.com/specterops/bloodhound/cmd/api/src/api/v2/TestResources_GetAssetGroupMemberCount_DBError","TestResources_GetAssetGroupMemberCount_DBError"
"","370","should display correctly","DeleteConfirmationDialog","2026-08-20","passed","2026-08-20","","","",""
"","0","should handle an entity that has no name property","Evaluating the entity display name from a given entity","2026-08-20","passed","2026-08-20","","","",""
"Test cases for TestResources_ListADComputerSQLAdmins","0","TestResources_ListADComputerSQLAdmins","","2026-08-20","passed","2026-08-20","","Go Test","github.com/specterops/bloodhound/cmd/api/src/api/v2/TestResources_ListADComputerSQLAdmins","TestResources_ListADComputerSQLAdmins"
"","1","filters by collected=true when ""yes"" filter is active","filterAndSearchEnvironments","2026-08-20","passed","2026-08-20","","collected filters","",""
"Test cases for TestResources_ListADEntityConstrainedDelegationRights","0","TestResources_ListADEntityConstrainedDelegationRights","","2026-08-20","passed","2026-08-20","","Go Test","github.com/specterops/bloodhound/cmd/api/src/api/v2/TestResources_ListADEntityConstrainedDelegationRights","TestResources_ListADEntityConstrainedDelegationRights"
"","2594","handles delete by source kind","DatabaseManagement","2026-08-20","passed","2026-08-20","","","",""
"Test cases for TestRegister","2","TestRegister","","2026-08-20","passed","2026-08-20","","Go Test","github.com/specterops/bloodhound/server/identity/TestRegister","TestRegister"
"Test cases for TestIsDeadlockError","1","TestIsDeadlockError","","2026-08-20","passed","2026-08-20","","Go Test","github.com/specterops/bloodhound/cmd/api/src/daemons/changelog/TestIsDeadlockError","TestIsDeadlockError"
"Test cases for TestTextUnmarshalString","0","TestTextUnmarshalString","","2026-08-20","passed","2026-08-20","","Go Test","github.com/specterops/bloodhound/cmd/api/src/database/types/null/TestTextUnmarshalString","TestTextUnmarshalString"
"Test cases for TestNewManifest","0","TestNewManifest","","2026-08-20","passed","2026-08-20","","Go Test","github.com/specterops/bloodhound/cmd/api/src/database/migration/TestNewManifest","TestNewManifest"
"","351","sets a primarySearch=id and searchType=node when secondarySearch is falsey","ContextMenu","2026-08-20","passed","2026-08-20","","","",""
"Test cases for TestFeatureFlagManager","1","TestFeatureFlagManager","","2026-08-20","passed","2026-08-20","","Go Test","github.com/specterops/bloodhound/cmd/api/src/daemons/changelog/TestFeatureFlagManager","TestFeatureFlagManager"
"","5101","edges are displayed in alphabetical order","Pathfinding","2026-08-20","passed","2026-08-20","","","",""
"Test cases for TestParseSkipQueryParameter_Invalid","0","TestParseSkipQueryParameter_Invalid","","2026-08-20","passed","2026-08-20","","Go Test","github.com/specterops/bloodhound/cmd/api/src/api/v2/TestParseSkipQueryParameter_Invalid","TestParseSkipQueryParameter_Invalid"
"Test cases for TestRequestWaitDuration","0","TestRequestWaitDuration","","2026-08-20","passed","2026-08-20","","Go Test","github.com/specterops/bloodhound/cmd/api/src/api/middleware/TestRequestWaitDuration","TestRequestWaitDuration"
"Test cases for TestAnalysisPipelineString","0","TestAnalysisPipelineString","","2026-08-20","passed","2026-08-20","","Go Test","github.com/specterops/bloodhound/packages/go/analysis/TestAnalysisPipelineString","TestAnalysisPipelineString"
"","43","does not display notification when user has GRAPH_DB_INGEST_READ permission","FileIngest","2026-08-20","passed","2026-08-20","","","",""
"","57","has a button with text Clear Filters","AssetGroupEdit","2026-08-20","passed","2026-08-20","","Clear Filters button","",""
"Test cases for TestStore_GetDatapipeStatus","1","TestStore_GetDatapipeStatus","","2026-08-20","passed","2026-08-20","","Go Test","github.com/specterops/bloodhound/server/appcfg/internal/appdb/TestStore_GetDatapipeStatus","TestStore_GetDatapipeStatus"
"","0","keeps the latest regardless of input ordering","getLatestStatsByMetricKind","2026-08-20","passed","2026-08-20","","","",""
"","53","does not mutate the original items array when sorting","KindInfoItems","2026-08-20","passed","2026-08-20","","","",""
"Test cases for TestUnmarshalInt64Overflow","0","TestUnmarshalInt64Overflow","","2026-08-20","passed","2026-08-20","","Go Test","github.com/specterops/bloodhound/cmd/api/src/database/types/null/TestUnmarshalInt64Overflow","TestUnmarshalInt64Overflow"
"","446","should accept passwords with unicode symbol characters","CreateUserForm","2026-08-20","passed","2026-08-20","","","",""
"","6","safely handles removing nonexistent key","useObjectState","2026-08-20","passed","2026-08-20","","","",""
"","5","mounts an assertive aria-live region","AnnouncementProvider","2026-08-20","passed","2026-08-20","","","",""
"","34","displays contact admin message when hidden edge is true","EdgeInfoContent","2026-08-20","passed","2026-08-20","","EdgeInfoContent support for hidden edges","",""
"Test cases for TestNewDefaultFileServices_RejectsInvalidConfiguration","1","TestNewDefaultFileServices_RejectsInvalidConfiguration","","2026-08-20","passed","2026-08-20","","Go Test","github.com/specterops/bloodhound/cmd/api/src/services/storage/TestNewDefaultFileServices_RejectsInvalidConfiguration","TestNewDefaultFileServices_RejectsInvalidConfiguration"
"","784","should display all available roles","CreateUserDialog","2026-08-20","passed","2026-08-20","","","",""
"","79","enables filtering out for tags that are treated as Labels (including Owned)","the useAssetGroupTags utilities","2026-08-20","passed","2026-08-20","","","",""
"Test cases for TestResources_ListAssetGroupCollections","2","TestResources_ListAssetGroupCollections","","2026-08-20","passed","2026-08-20","","Go Test","github.com/specterops/bloodhound/cmd/api/src/api/v2/TestResources_ListAssetGroupCollections","TestResources_ListAssetGroupCollections"
"Test cases for TestResources_UpdateAssetGroupSelectors_GetAssetGroupError","0","TestResources_UpdateAssetGroupSelectors_GetAssetGroupError","","2026-08-20","passed","2026-08-20","","Go Test","github.com/specterops/bloodhound/cmd/api/src/api/v2/TestResources_UpdateAssetGroupSelectors_GetAssetGroupError","TestResources_UpdateAssetGroupSelectors_GetAssetGroupError"
"","155","renders Zone as first tab and is also the initially selected on first render in Zone View/Tab","Selected Details Tabs","2026-08-20","passed","2026-08-20","","Selected Details Tabs - Params present","",""
"","10","does not render when selector is default","Delete Selector Button rendering","2026-08-20","passed","2026-08-20","","","",""
"","765","handles adding to tier zero asset group","AssetGroupMenuItem","2026-08-20","passed","2026-08-20","","adding to an asset group","",""
"","57","opens when keyboard shortcut is pressed","GraphControls","2026-08-20","passed","2026-08-20","","Searching current results","",""
"Test cases for TestResources_GetAssetGroupMemberCount_IDMalformed","0","TestResources_GetAssetGroupMemberCount_IDMalformed","","2026-08-20","passed","2026-08-20","","Go Test","github.com/specterops/bloodhound/cmd/api/src/api/v2/TestResources_GetAssetGroupMemberCount_IDMalformed","TestResources_GetAssetGroupMemberCount_IDMalformed"
"Test cases for TestRegister","0","TestRegister","","2026-08-20","passed","2026-08-20","","Go Test","github.com/specterops/bloodhound/server/identity/internal/routes/TestRegister","TestRegister"
"","1","succeeds for valid password with unicode characters","testPassword","2026-08-20","passed","2026-08-20","","","",""
"","205","a null response from the server is handled","ExploreSearchCombobox with null response","2026-08-20","passed","2026-08-20","","","",""
"Test cases for TestDefineSID","1","TestDefineSID","","2026-08-20","passed","2026-08-20","","Go Test","github.com/specterops/bloodhound/packages/go/analysis/ad/wellknown/TestDefineSID","TestDefineSID"
"","1","should compute offset vertices for bezier curves at a given intersection","bezier","2026-08-20","passed","2026-08-20","","","",""
"Test cases for TestStore_GetEnvironmentTargetedAccessControlForUser","0","TestStore_GetEnvironmentTargetedAccessControlForUser","","2026-08-20","passed","2026-08-20","","Go Test","github.com/specterops/bloodhound/server/etac/internal/appdb/TestStore_GetEnvironmentTargetedAccessControlForUser","TestStore_GetEnvironmentTargetedAccessControlForUser"
"Test cases for TestFileServiceResolver_CopiesServices","5","TestFileServiceResolver_CopiesServices","","2026-08-20","passed","2026-08-20","","Go Test","github.com/specterops/bloodhound/cmd/api/src/services/storage/TestFileServiceResolver_CopiesServices","TestFileServiceResolver_CopiesServices"
"Test cases for TestResources_GetAZEntityInformation","149","TestResources_GetAZEntityInformation","","2026-08-20","passed","2026-08-20","","Go Test","github.com/specterops/bloodhound/cmd/api/src/api/v2/TestResources_GetAZEntityInformation","TestResources_GetAZEntityInformation"
"","301","calls handleError with ruleType when creating a rule fails","Rule Form","2026-08-20","passed","2026-08-20","","","",""
"Test cases for TestVersion_GreaterThan","0","TestVersion_GreaterThan","","2026-08-20","passed","2026-08-20","","Go Test","github.com/specterops/bloodhound/cmd/api/src/version/TestVersion_GreaterThan","TestVersion_GreaterThan"
"","271","should call the checkbox filter function when clicking on a checkbox input","Checkbox group","2026-08-20","passed","2026-08-20","","","",""
"Test cases for TestRoleAssignments_NodeHasRole","0","TestRoleAssignments_NodeHasRole","","2026-08-20","passed","2026-08-20","","Go Test","github.com/specterops/bloodhound/packages/go/analysis/azure/TestRoleAssignments_NodeHasRole","TestRoleAssignments_NodeHasRole"
"","1","falls back to the default Cypher message when ruleType is undefined and seeds are required","handleError","2026-08-20","passed","2026-08-20","","","",""
"","35","upon selecting a source and destination node, updates the URL with a searchType of 'pathfinding' and the object ids for the source and destination nodes","usePathfindingSearch","2026-08-20","passed","2026-08-20","","","",""
"","7","returns a date string only if passed a string with a matching key","Formatting strings via formatPrimive","2026-08-20","passed","2026-08-20","","","",""
"","122","prevents a user from proceeding if the file is not valid","File Upload","2026-08-20","passed","2026-08-20","","","",""
"Test cases for TestURLJoinPathEscapesSlashes","0","TestURLJoinPathEscapesSlashes","","2026-08-20","passed","2026-08-20","","Go Test","github.com/specterops/bloodhound/cmd/api/src/api/TestURLJoinPathEscapesSlashes","TestURLJoinPathEscapesSlashes"
"","178","renders the Object Information section and node properties","EntityObjectInformation","2026-08-20","passed","2026-08-20","","","",""
"","7","fully replaces state","useObjectState","2026-08-20","passed","2026-08-20","","","",""
"Test cases for TestResources_ListFileUploadJobs","0","TestResources_ListFileUploadJobs","","2026-08-20","passed","2026-08-20","","Go Test","github.com/specterops/bloodhound/cmd/api/src/api/v2/TestResources_ListFileUploadJobs","TestResources_ListFileUploadJobs"
"","6","reads, sorts, and deduplicates repeated value parameters as a some selection","useMultiValueFilterParams","2026-08-20","passed","2026-08-20","","","",""
"","531","renders a list of asset group members","GroupManagement","2026-08-20","passed","2026-08-20","","","",""
"Test cases for Test_hasCycle","0","Test_hasCycle","","2026-08-20","passed","2026-08-20","","Go Test","github.com/specterops/bloodhound/packages/go/lab/Test_hasCycle","Test_hasCycle"
"Test cases for TestResources_CreateSavedQuery_InvalidBody","0","TestResources_CreateSavedQuery_InvalidBody","","2026-08-20","passed","2026-08-20","","Go Test","github.com/specterops/bloodhound/cmd/api/src/api/v2/TestResources_CreateSavedQuery_InvalidBody","TestResources_CreateSavedQuery_InvalidBody"
"","123","renders count for a selected zone if prop is set","DynamicDetails","2026-08-20","passed","2026-08-20","","","",""
"","370","should disable Cancel and Save buttons while isLoading is true","CreateUserDialog","2026-08-20","passed","2026-08-20","","","",""
"","6","isLoading returns as expected based on all queries combined","queriesAreLoadingOrErrored","2026-08-20","passed","2026-08-20","","","",""
"","13","writes a normalized some selection while replacing existing filter parameters and preserving unrelated ones","useMultiValueFilterParams","2026-08-20","passed","2026-08-20","","","",""
"","276","renders analyze now section","AnalyzeNowConfiguration","2026-08-20","passed","2026-08-20","","","",""
"","1","shows some collection methods for the given job","toCollected","2026-08-20","passed","2026-08-20","","","",""
"","572","should call onSubmit with initiation_url of selected SSO provider","LoginViaSSOForm","2026-08-20","passed","2026-08-20","","","",""
"Test cases for TestDurationValidator","0","TestDurationValidator","","2026-08-20","passed","2026-08-20","","Go Test","github.com/specterops/bloodhound/cmd/api/src/utils/validation/TestDurationValidator","TestDurationValidator"
"","124","renders details for a selected rule and is of type ""Cypher""","DynamicDetails","2026-08-20","passed","2026-08-20","","","",""
"Test cases for TestResources_GetEnterpriseCAEntityInfo","259","TestResources_GetEnterpriseCAEntityInfo","","2026-08-20","passed","2026-08-20","","Go Test","github.com/specterops/bloodhound/cmd/api/src/api/v2/TestResources_GetEnterpriseCAEntityInfo","TestResources_GetEnterpriseCAEntityInfo"
"","543","renders the form for creating a new rule","Rule Form","2026-08-20","passed","2026-08-20","","","",""
"Test cases for TestFloatScan","0","TestFloatScan","","2026-08-20","passed","2026-08-20","","Go Test","github.com/specterops/bloodhound/cmd/api/src/database/types/null/TestFloatScan","TestFloatScan"
"","1","returns a comma separated number when provided with a number > 999","numberFormatting","2026-08-20","passed","2026-08-20","","","",""
"","0","should exclude operations within a tag when only the path matches but not all paths","opsFilter","2026-08-20","passed","2026-08-20","","","",""
"","633","opens and closes the filter","FileIngestFilterDialog","2026-08-20","passed","2026-08-20","","","",""
"","364","renders a snackbar notification in the dom and tests autoHideDuration","AppNotifications","2026-08-20","passed","2026-08-20","","","",""
"Test cases for TestResources_CreateAssetGroup","0","TestResources_CreateAssetGroup","","2026-08-20","passed","2026-08-20","","Go Test","github.com/specterops/bloodhound/cmd/api/src/api/v2/TestResources_CreateAssetGroup","TestResources_CreateAssetGroup"
"","9","does not return when label limit is not reached","useTagLimits","2026-08-20","passed","2026-08-20","","","",""
"Test cases for TestLocalStore_Get","19","TestLocalStore_Get","","2026-08-20","passed","2026-08-20","","Go Test","github.com/specterops/bloodhound/packages/go/storage/TestLocalStore_Get","TestLocalStore_Get"
"","2679","should close the edge filtering dialog when user clicks apply button","EdgeFilter","2026-08-20","passed","2026-08-20","","","",""
"","11","displays CaretUp icon when the sortOrder is asc","ColumnHeaders","2026-08-20","passed","2026-08-20","","SortableHeader","",""
"Test cases for TestResources_ListADDomainContainedOUs","0","TestResources_ListADDomainContainedOUs","","2026-08-20","passed","2026-08-20","","Go Test","github.com/specterops/bloodhound/cmd/api/src/api/v2/TestResources_ListADDomainContainedOUs","TestResources_ListADDomainContainedOUs"
"","0","returns the distance between two coordinates","getDistanceBetween","2026-08-20","passed","2026-08-20","","","",""
"Test cases for TestResources_DeleteSavedQuery_PublicQueryAndUserIsAdmin","0","TestResources_DeleteSavedQuery_PublicQueryAndUserIsAdmin","","2026-08-20","passed","2026-08-20","","Go Test","github.com/specterops/bloodhound/cmd/api/src/api/v2/TestResources_DeleteSavedQuery_PublicQueryAndUserIsAdmin","TestResources_DeleteSavedQuery_PublicQueryAndUserIsAdmin"
"","1","calculates skip correctly for pageParam > 1","createHistoryParams","2026-08-20","passed","2026-08-20","","","",""
"","65","sorts items by position ascending","KindInfoItems","2026-08-20","passed","2026-08-20","","","",""
"","190","displays the label for each result","SearchCurrentNodes","2026-08-20","passed","2026-08-20","","","",""
"","45","calls onDataError and renders nothing when the request fails","OpenGraphInfo","2026-08-20","passed","2026-08-20","","","",""
"Test cases for TestResources_ListAuditLogs_PredicateMismatchWithColumn","0","TestResources_ListAuditLogs_PredicateMismatchWithColumn","","2026-08-20","passed","2026-08-20","","Go Test","github.com/specterops/bloodhound/cmd/api/src/api/v2/TestResources_ListAuditLogs_PredicateMismatchWithColumn","TestResources_ListAuditLogs_PredicateMismatchWithColumn"
"","0","returns all environments when both ""yes"" and ""no"" filters are active","filterAndSearchEnvironments","2026-08-20","passed","2026-08-20","","collected filters","",""
"TestRewriteLegacyNameMatchIngestibleEndpoint_CasingGatedByUseRawObjectIDs verifies that theimplicit legacy match_by ""name"" rewrite uses a case-sensitive operator (OperatorEquals) whenuseRawObjectIDs is true, and a case-insensitive operator (OperatorEqualsIgnoreCase) when false.","0","TestRewriteLegacyNameMatchIngestibleEndpoint_CasingGatedByUseRawObjectIDs","","2026-08-20","passed","2026-08-20","","Go Test","github.com/specterops/bloodhound/cmd/api/src/services/graphify/endpoint/TestRewriteLegacyNameMatchIngestibleEndpoint_CasingGatedByUseRawObjectIDs","TestRewriteLegacyNameMatchIngestibleEndpoint_CasingGatedByUseRawObjectIDs"
"Test cases for TestService_GetNode_RendersKindInfoMarkdown","0","TestService_GetNode_RendersKindInfoMarkdown","","2026-08-20","passed","2026-08-20","","Go Test","github.com/specterops/bloodhound/server/graphdb/internal/services/TestService_GetNode_RendersKindInfoMarkdown","TestService_GetNode_RendersKindInfoMarkdown"
"","16","should be aligned to right of screen","GenericErrorBoundaryFallback","2026-08-20","passed","2026-08-20","","","",""
"","453","renders no asset group edit options without graph write permissions","ContextMenu","2026-08-20","passed","2026-08-20","","","",""
"Test cases for TestNewDefaultFileServices","5","TestNewDefaultFileServices","","2026-08-20","passed","2026-08-20","","Go Test","github.com/specterops/bloodhound/cmd/api/src/services/storage/TestNewDefaultFileServices","TestNewDefaultFileServices"
"","8","should recognize azure properties","validating a node property against the shared generated schema","2026-08-20","passed","2026-08-20","","","",""
"","248","displays validation error messages when Save button is clicked and no form input is provided","PasswordDialog","2026-08-20","passed","2026-08-20","","","",""
"Test cases for TestReadRFC3339","0","TestReadRFC3339","","2026-08-20","passed","2026-08-20","","Go Test","github.com/specterops/bloodhound/cmd/api/src/utils/TestReadRFC3339","TestReadRFC3339"
"Test cases for TestDatabase_NullUUID","0","TestDatabase_NullUUID","","2026-08-20","passed","2026-08-20","","Go Test","github.com/specterops/bloodhound/cmd/api/src/database/TestDatabase_NullUUID","TestDatabase_NullUUID"
"Test cases for Test_TopLevel","0","Test_TopLevel","","2026-08-20","passed","2026-08-20","","Go Test","github.com/specterops/bloodhound/packages/go/schemagen/csgen/Test_TopLevel","Test_TopLevel"
"Test cases for TestRoleAssignments_NodesWithRole","0","TestRoleAssignments_NodesWithRole","","2026-08-20","passed","2026-08-20","","Go Test","github.com/specterops/bloodhound/packages/go/analysis/azure/TestRoleAssignments_NodesWithRole","TestRoleAssignments_NodesWithRole"
"","1073","opens a submenu when user hovers over `Copy`","ContextMenu","2026-08-20","passed","2026-08-20","","","",""
"Test cases for TestManagementResource_ListUsers_InvalidFilterPredicate","0","TestManagementResource_ListUsers_InvalidFilterPredicate","","2026-08-20","passed","2026-08-20","","Go Test","github.com/specterops/bloodhound/cmd/api/src/api/v2/auth/TestManagementResource_ListUsers_InvalidFilterPredicate","TestManagementResource_ListUsers_InvalidFilterPredicate"
"","228","renders additional actions before JSON in the supplied order","GraphControls","2026-08-20","passed","2026-08-20","","Exporting json","",""
"","356","has date range input filters","FileIngestFilterDialog","2026-08-20","passed","2026-08-20","","Date Range Inputs","",""
"","473","should accept passwords with standard special characters","CreateUserForm","2026-08-20","passed","2026-08-20","","","",""
"","79","should on clicking remove call clearSelectedItem","EntityInfoHeader","2026-08-20","passed","2026-08-20","","","",""
"","137","shows ""API Expiration Date"" column header when expiration is enabled","UserTokenManagementDialog - API Expiration Date column","2026-08-20","passed","2026-08-20","","","",""
"Test cases for TestResources_DeleteSavedQuery_UserNotAdmin","0","TestResources_DeleteSavedQuery_UserNotAdmin","","2026-08-20","passed","2026-08-20","","Go Test","github.com/specterops/bloodhound/cmd/api/src/api/v2/TestResources_DeleteSavedQuery_UserNotAdmin","TestResources_DeleteSavedQuery_UserNotAdmin"
"","73","displays the value from filterParams.node_type","AssetGroupEdit","2026-08-20","passed","2026-08-20","","Node Type dropdown filter","",""
"","0","excludes non-collected environments when risk filter is active","filterAndSearchEnvironments","2026-08-20","passed","2026-08-20","","risk filters","",""
"Test cases for TestParseVersion","0","TestParseVersion","","2026-08-20","passed","2026-08-20","","Go Test","github.com/specterops/bloodhound/cmd/api/src/version/TestParseVersion","TestParseVersion"
"","561","sets exploreSearchTab param to node when the user clicks the `Search` tab","ExploreSearch sets searchType on tab changing","2026-08-20","passed","2026-08-20","","","",""
"Test cases for TestManagementResource_ListAuthTokens_InvalidColumn","0","TestManagementResource_ListAuthTokens_InvalidColumn","","2026-08-20","passed","2026-08-20","","Go Test","github.com/specterops/bloodhound/cmd/api/src/api/v2/auth/TestManagementResource_ListAuthTokens_InvalidColumn","TestManagementResource_ListAuthTokens_InvalidColumn"
"Test cases for TestTagScanner_NextTopLevelTag","0","TestTagScanner_NextTopLevelTag","","2026-08-20","passed","2026-08-20","","Go Test","github.com/specterops/bloodhound/cmd/api/src/services/upload/TestTagScanner_NextTopLevelTag","TestTagScanner_NextTopLevelTag"
"","11","respects the initial sort state parameters passed in","useSortParams","2026-08-20","passed","2026-08-20","","","",""
"","185","toggles sort order when clicking sortable header","RulesAccordion","2026-08-20","passed","2026-08-20","","","",""
"","0","sums all relationship metric values","getRelationshipsTotalCount","2026-08-20","passed","2026-08-20","","","",""
"Test cases for TestDetectContentType","33","TestDetectContentType","","2026-08-20","passed","2026-08-20","","Go Test","github.com/specterops/bloodhound/packages/go/storage/TestDetectContentType","TestDetectContentType"
"Test cases for TestManagementResource_ListAuthTokens_DBError","0","TestManagementResource_ListAuthTokens_DBError","","2026-08-20","passed","2026-08-20","","Go Test","github.com/specterops/bloodhound/cmd/api/src/api/v2/auth/TestManagementResource_ListAuthTokens_DBError","TestManagementResource_ListAuthTokens_DBError"
"","282","sets a secondary=id and searchType=pathfinding when primary is truthy","ContextMenu","2026-08-20","passed","2026-08-20","","","",""
"Test cases for TestSeekToKey","0","TestSeekToKey","","2026-08-20","passed","2026-08-20","","Go Test","github.com/specterops/bloodhound/cmd/api/src/services/graphify/TestSeekToKey","TestSeekToKey"
"","253","disables sortable headers only while their accordions are closed","RulesAccordion","2026-08-20","passed","2026-08-20","","","",""
"","1","prevents MouseCoords events","preventAllDefaults","2026-08-20","passed","2026-08-20","","","",""
"","0","runs a cypher search when the query param is set to ""cypher""","useExploreGraph","2026-08-20","passed","2026-08-20","","exploreGraphQueryFactory","",""
"Test cases for TestTracker_HasEdge_DuplicateCalls","0","TestTracker_HasEdge_DuplicateCalls","","2026-08-20","passed","2026-08-20","","Go Test","github.com/specterops/bloodhound/packages/go/analysis/post/TestTracker_HasEdge_DuplicateCalls","TestTracker_HasEdge_DuplicateCalls"
"","51","should render a button with the passed in display text","GraphButton","2026-08-20","passed","2026-08-20","","","",""
"Test cases for TestStore_GetAnalysisRequest","1","TestStore_GetAnalysisRequest","","2026-08-20","passed","2026-08-20","","Go Test","github.com/specterops/bloodhound/server/analysis/internal/appdb/TestStore_GetAnalysisRequest","TestStore_GetAnalysisRequest"
"","0","returns OpenGraph defaults for an unknown type","getOpenGraphEnvironmentInfo","2026-08-20","passed","2026-08-20","","","",""
"TestRegister_RoutesRequireAuthentication dispatches real requests through the wiredrouter to verify that the registered routes are guarded by authentication middleware.The handlers themselves trust the middleware to enforce this contract; if the routewireup ever loses RequirePermissions/RequireAuth, this test will fail.","2","TestRegister_RoutesRequireAuthentication","","2026-08-20","passed","2026-08-20","","Go Test","github.com/specterops/bloodhound/server/analysis/internal/routes/TestRegister_RoutesRequireAuthentication","TestRegister_RoutesRequireAuthentication"
"","2562","Kebab menu click causes the callback function to be called with the correct parameters","ExploreTable","2026-08-20","passed","2026-08-20","","","",""
"Test cases for TestWriteBasicResponse","0","TestWriteBasicResponse","","2026-08-20","passed","2026-08-20","","Go Test","github.com/specterops/bloodhound/cmd/api/src/api/TestWriteBasicResponse","TestWriteBasicResponse"
"Test cases for TestInt64From","0","TestInt64From","","2026-08-20","passed","2026-08-20","","Go Test","github.com/specterops/bloodhound/cmd/api/src/database/types/null/TestInt64From","TestInt64From"
"Test cases for TestQueries_BuildEntityQueryParams","0","TestQueries_BuildEntityQueryParams","","2026-08-20","passed","2026-08-20","","Go Test","github.com/specterops/bloodhound/cmd/api/src/queries/TestQueries_BuildEntityQueryParams","TestQueries_BuildEntityQueryParams"
"","149","shows the direct object and expanded object list when results are present for both","Seed Selection Results","2026-08-20","passed","2026-08-20","","","",""
"","2","receives the current stored value as the previous state","useLocalStorage","2026-08-20","passed","2026-08-20","","functional updater","",""
"","249","disables the create provider button for a user with the auditor role","SSOConfiguration","2026-08-20","passed","2026-08-20","","","",""
"Test cases for TestKeyEncoder_Key_VaryingInputs","0","TestKeyEncoder_Key_VaryingInputs","","2026-08-20","passed","2026-08-20","","Go Test","github.com/specterops/bloodhound/packages/go/analysis/post/TestKeyEncoder_Key_VaryingInputs","TestKeyEncoder_Key_VaryingInputs"
"","55","links to the specified route with global params intact when triggered by a splat route","AppLink","2026-08-20","passed","2026-08-20","","","",""
"","7","hides the item when only the feature flag passes","useSubNavRoutes","2026-08-20","passed","2026-08-20","","combined gates","",""
"","0","returns false if arrays have different elements","areArraysSimilar","2026-08-20","passed","2026-08-20","","","",""
"Test cases for TestResources_ListADComputerConstrainedDelegationUsers","0","TestResources_ListADComputerConstrainedDelegationUsers","","2026-08-20","passed","2026-08-20","","Go Test","github.com/specterops/bloodhound/cmd/api/src/api/v2/TestResources_ListADComputerConstrainedDelegationUsers","TestResources_ListADComputerConstrainedDelegationUsers"
"","1164","displays validation error messages when password does not meet requirements","PasswordDialog","2026-08-20","passed","2026-08-20","","","",""
"","7","does not put assertive messages in the polite region","AnnouncementProvider","2026-08-20","passed","2026-08-20","","","",""
"Test cases for TestManagementResource_EnrollMFA","3294","TestManagementResource_EnrollMFA","","2026-08-20","passed","2026-08-20","","Go Test","github.com/specterops/bloodhound/cmd/api/src/api/v2/auth/TestManagementResource_EnrollMFA","TestManagementResource_EnrollMFA"
"","20","sets autoDisplayTable to false if query returns no results","useExploreTableAutoDisplay","2026-08-20","passed","2026-08-20","","","",""
"Test cases for TestAddOwnerRoleIDs","0","TestAddOwnerRoleIDs","","2026-08-20","passed","2026-08-20","","Go Test","github.com/specterops/bloodhound/packages/go/analysis/azure/TestAddOwnerRoleIDs","TestAddOwnerRoleIDs"
"","171","respects openIndex (default opened panel)","<DetailsAccordion />","2026-08-20","passed","2026-08-20","","","",""
"","430","Expand button causes table to expand to full height","ExploreTable","2026-08-20","passed","2026-08-20","","","",""
"Test cases for TestAnalysisPipelineStepString","1","TestAnalysisPipelineStepString","","2026-08-20","passed","2026-08-20","","Go Test","github.com/specterops/bloodhound/packages/go/analysis/TestAnalysisPipelineStepString","TestAnalysisPipelineStepString"
"","112","disables the user actions menu for a user with the auditor role","User Actions Menu","2026-08-20","passed","2026-08-20","","Button Menu State","",""
"Test cases for TestCreateUser_Success","1007","TestCreateUser_Success","","2026-08-20","passed","2026-08-20","","Go Test","github.com/specterops/bloodhound/cmd/api/src/api/v2/auth/TestCreateUser_Success","TestCreateUser_Success"
"Test cases for Test_ConvertAppFederatedIdentityCredential","0","Test_ConvertAppFederatedIdentityCredential","","2026-08-20","passed","2026-08-20","","Go Test","github.com/specterops/bloodhound/packages/go/ein/Test_ConvertAppFederatedIdentityCredential","Test_ConvertAppFederatedIdentityCredential"
"TestRegister_RoutesRequireAuthentication dispatches real requests through the wiredrouter to verify that the registered route is guarded by authentication middleware.The handlers themselves trust the middleware to enforce this contract; if the routewireup ever loses RequireAuth, this test will fail.","0","TestRegister_RoutesRequireAuthentication","","2026-08-20","passed","2026-08-20","","Go Test","github.com/specterops/bloodhound/server/appcfg/internal/routes/TestRegister_RoutesRequireAuthentication","TestRegister_RoutesRequireAuthentication"
"","0","should compute the length of a line segment","bezier","2026-08-20","passed","2026-08-20","","","",""
"","103","renders a single item when items is an object","<DetailsAccordion />","2026-08-20","passed","2026-08-20","","","",""
"","0","returns paramValue as EnvironmentAggregation if paramValue is active-directory","useEnvironmentParams","2026-08-20","passed","2026-08-20","","parseEnvironmentAggregation","",""
"","6","reads an explicitly empty value parameter as none","useMultiValueFilterParams","2026-08-20","passed","2026-08-20","","","",""
"Test cases for TestResources_DeleteSavedQuery_IsPublicSavedQueryDBError","0","TestResources_DeleteSavedQuery_IsPublicSavedQueryDBError","","2026-08-20","passed","2026-08-20","","Go Test","github.com/specterops/bloodhound/cmd/api/src/api/v2/TestResources_DeleteSavedQuery_IsPublicSavedQueryDBError","TestResources_DeleteSavedQuery_IsPublicSavedQueryDBError"
"Test cases for TestResources_ImportSavedQuery","49","TestResources_ImportSavedQuery","","2026-08-20","passed","2026-08-20","","Go Test","github.com/specterops/bloodhound/cmd/api/src/api/v2/TestResources_ImportSavedQuery","TestResources_ImportSavedQuery"
"","6","sorts and dedupes the values in the configured default selection","useMultiValueFilterParams","2026-08-20","passed","2026-08-20","","","",""
"","59","renders note header correctly","HistoryNotes Component","2026-08-20","passed","2026-08-20","","","",""
"Test cases for TestGetPlatformAggregateStats_Failure","2","TestGetPlatformAggregateStats_Failure","","2026-08-20","passed","2026-08-20","","Go Test","github.com/specterops/bloodhound/cmd/api/src/api/v2/TestGetPlatformAggregateStats_Failure","TestGetPlatformAggregateStats_Failure"
"Test cases for TestMarshalInt64","0","TestMarshalInt64","","2026-08-20","passed","2026-08-20","","Go Test","github.com/specterops/bloodhound/cmd/api/src/database/types/null/TestMarshalInt64","TestMarshalInt64"
"","520","should display Environmental Targeted Access Control panel when showEnvironmentAccessControls prop is true and read-only role is selected","CreateUserForm","2026-08-20","passed","2026-08-20","","","",""
"","227","should display ""Disable Multi-Factor Authentication?"" title","Enable2FADialog","2026-08-20","passed","2026-08-20","","","",""
"Test cases for Test_AuthMiddleware","0","Test_AuthMiddleware","","2026-08-20","passed","2026-08-20","","Go Test","github.com/specterops/bloodhound/cmd/api/src/api/middleware/Test_AuthMiddleware","Test_AuthMiddleware"
"Test cases for TestPreMigrationDaemonsResolvesRetainedFileService","2","TestPreMigrationDaemonsResolvesRetainedFileService","","2026-08-20","passed","2026-08-20","","Go Test","github.com/specterops/bloodhound/cmd/api/src/services/TestPreMigrationDaemonsResolvesRetainedFileService","TestPreMigrationDaemonsResolvesRetainedFileService"
"Test cases for Test_GetApplicationConfigurations","0","Test_GetApplicationConfigurations","","2026-08-20","passed","2026-08-20","","Go Test","github.com/specterops/bloodhound/cmd/api/src/api/v2/Test_GetApplicationConfigurations","Test_GetApplicationConfigurations"
"","213","should fire Cancel once with false","DeleteConfirmationDialog","2026-08-20","passed","2026-08-20","","","",""
"","1","EXTENDED ROUNDING when thresholds are set: does not abbreviate numbers < 10000","numberFormatting","2026-08-20","passed","2026-08-20","","","",""
"","105","should display the logged in user's full name","UserProfile","2026-08-20","passed","2026-08-20","","","",""
"Test cases for TestStringSetValid","0","TestStringSetValid","","2026-08-20","passed","2026-08-20","","Go Test","github.com/specterops/bloodhound/cmd/api/src/database/types/null/TestStringSetValid","TestStringSetValid"
"Test cases for TestFileServiceResolver_Resolve","7","TestFileServiceResolver_Resolve","","2026-08-20","passed","2026-08-20","","Go Test","github.com/specterops/bloodhound/cmd/api/src/services/storage/TestFileServiceResolver_Resolve","TestFileServiceResolver_Resolve"
"Test cases for TestUnmarshalTimeText","0","TestUnmarshalTimeText","","2026-08-20","passed","2026-08-20","","Go Test","github.com/specterops/bloodhound/cmd/api/src/database/types/null/TestUnmarshalTimeText","TestUnmarshalTimeText"
"Test cases for TestResources_ListSourceKinds","133","TestResources_ListSourceKinds","","2026-08-20","passed","2026-08-20","","Go Test","github.com/specterops/bloodhound/cmd/api/src/api/v2/TestResources_ListSourceKinds","TestResources_ListSourceKinds"
"","545","opens nested sections and updates URL params correctly","EntityInfoDataTable","2026-08-20","passed","2026-08-20","","Node count for nested table that counts all sections","",""
"Test cases for TestService_FilterEnvironmentsByAccess","1","TestService_FilterEnvironmentsByAccess","","2026-08-20","passed","2026-08-20","","Go Test","github.com/specterops/bloodhound/server/etac/internal/services/TestService_FilterEnvironmentsByAccess","TestService_FilterEnvironmentsByAccess"
"","11","does not render when selector data is not defined","Delete Selector Button rendering","2026-08-20","passed","2026-08-20","","","",""
"","627","should close the dialog when the Cancel button is clicked","Privilege Zones History Filter Dialog","2026-08-20","passed","2026-08-20","","","",""
"","21","enables the upload button when the user has manage ingest permission","File Upload","2026-08-20","passed","2026-08-20","","","",""
"TestMigrator_GenerateManifest tests the full integrity of a Manifest generatedfrom 3 different Source's:1) Correct number of total migrations detected.2) Correct number of versions detected.3) The VersionTable has all versions, in order.4) All versions have the correct number of migrations.5) Schema files generate v0.0.0 migrations.6) Migrations are ordered within each version, in the order the Source was defined.","0","TestMigrator_GenerateManifest","","2026-08-20","passed","2026-08-20","","Go Test","github.com/specterops/bloodhound/cmd/api/src/database/migration/TestMigrator_GenerateManifest","TestMigrator_GenerateManifest"
"","185","only sends dirty fields in the request when updating","Tag Form","2026-08-20","passed","2026-08-20","","","",""
"","137","does not make feature-flag request if user is not fully authenticated","app","2026-08-20","passed","2026-08-20","","<Inner />","",""
"Test cases for TestParseUserIP_RemoteAddrOnly","0","TestParseUserIP_RemoteAddrOnly","","2026-08-20","passed","2026-08-20","","Go Test","github.com/specterops/bloodhound/cmd/api/src/api/middleware/TestParseUserIP_RemoteAddrOnly","TestParseUserIP_RemoteAddrOnly"
"","322","Selecting an edge with a Computer target node that haslaps is enabled shows correct Windows Abuse text","EdgeInfoContent","2026-08-20","passed","2026-08-20","","","",""
"","0","EXTENDED ROUNDING when thresholds are set: abbreviates numbers larger than 1000 and should not round the tenth place digit","numberFormatting","2026-08-20","passed","2026-08-20","","","",""
"","0","returns false if value is 'string'","searchParams","2026-08-20","passed","2026-08-20","","isEmptyParam","",""
"Test cases for Test_filterAndFormatSearchResults_default","0","Test_filterAndFormatSearchResults_default","","2026-08-20","passed","2026-08-20","","Go Test","github.com/specterops/bloodhound/cmd/api/src/api/v2/Test_filterAndFormatSearchResults_default","Test_filterAndFormatSearchResults_default"
"Test cases for TestManagementResource_ServeMetadata","11","TestManagementResource_ServeMetadata","","2026-08-20","passed","2026-08-20","","Go Test","github.com/specterops/bloodhound/cmd/api/src/api/v2/auth/TestManagementResource_ServeMetadata","TestManagementResource_ServeMetadata"
"Test cases for TestGenericMap","0","TestGenericMap","","2026-08-20","passed","2026-08-20","","Go Test","github.com/specterops/bloodhound/cmd/api/src/utils/TestGenericMap","TestGenericMap"
"Test cases for TestDomainSelectors_GetFilterCriteria_InvalidFilterColumn","0","TestDomainSelectors_GetFilterCriteria_InvalidFilterColumn","","2026-08-20","passed","2026-08-20","","Go Test","github.com/specterops/bloodhound/cmd/api/src/model/TestDomainSelectors_GetFilterCriteria_InvalidFilterColumn","TestDomainSelectors_GetFilterCriteria_InvalidFilterColumn"
"","53","sorts by node_kind_id as tertiary key when position and title are equal","KindInfoItems","2026-08-20","passed","2026-08-20","","","",""
"","1030","should call onSubmit with password when reset password button clicked","PasswordResetForm","2026-08-20","passed","2026-08-20","","","",""
"","109","should show a copy button if the cells text if the cell is not a boolean","ExploreTableDataCell","2026-08-20","passed","2026-08-20","","","",""
"Test cases for TestArgon2_ParseDigest","0","TestArgon2_ParseDigest","","2026-08-20","passed","2026-08-20","","Go Test","github.com/specterops/bloodhound/packages/go/crypto/TestArgon2_ParseDigest","TestArgon2_ParseDigest"
"","15","disables useAvailableEnvironment and does not attempt calling handleInitialEnvironment if queryOptions.enabled","useInitialEnvironment","2026-08-20","passed","2026-08-20","","","",""
"","101","sets the table height from the number of fixed-height rows","ActiveExtensionsCard","2026-08-20","passed","2026-08-20","","","",""
"Test cases for TestDeleteCollectedGraphData_SetBasedNodeDeletion","0","TestDeleteCollectedGraphData_SetBasedNodeDeletion","","2026-08-20","passed","2026-08-20","","Go Test","github.com/specterops/bloodhound/cmd/api/src/daemons/datapipe/TestDeleteCollectedGraphData_SetBasedNodeDeletion","TestDeleteCollectedGraphData_SetBasedNodeDeletion"
"","96","should call the onClick function when clicked","GraphButton","2026-08-20","passed","2026-08-20","","","",""
"","1","returns query config when searchType is relationship and all required params are passed","useExploreGraph","2026-08-20","passed","2026-08-20","relationship search queries","exploreGraphQueryFactory","",""
"Test cases for TestService_ResolveTagIDsWithFallback","0","TestService_ResolveTagIDsWithFallback","","2026-08-20","passed","2026-08-20","","Go Test","github.com/specterops/bloodhound/server/assetgrouptags/internal/services/TestService_ResolveTagIDsWithFallback","TestService_ResolveTagIDsWithFallback"
"","3","should include all operations when the tag matches the term","opsFilter","2026-08-20","passed","2026-08-20","","","",""
"","158","renders a preview version","PrivilegeZonesCypherEditor Search component for Zone Management","2026-08-20","passed","2026-08-20","","","",""
"","56","should render when search string is at the beginning of the text","HighlightedText","2026-08-20","passed","2026-08-20","","","",""
"Test cases for TestStore_GetNodeKindsByNames","1","TestStore_GetNodeKindsByNames","","2026-08-20","passed","2026-08-20","","Go Test","github.com/specterops/bloodhound/server/graphdb/internal/appdb/TestStore_GetNodeKindsByNames","TestStore_GetNodeKindsByNames"
"","434","provides accessible names without visible label text","GraphControls","2026-08-20","passed","2026-08-20","","Accessible icon controls","",""
"","2299","Preserves sample results when switching between Object ID and Cypher rule types","Rule Form","2026-08-20","passed","2026-08-20","","","",""
"Test cases for TestManagementResource_SSOLoginHandler","6","TestManagementResource_SSOLoginHandler","","2026-08-20","passed","2026-08-20","","Go Test","github.com/specterops/bloodhound/cmd/api/src/api/v2/auth/TestManagementResource_SSOLoginHandler","TestManagementResource_SSOLoginHandler"
"Test cases for TestCopyMatchExpressionsSorted","1","TestCopyMatchExpressionsSorted","","2026-08-20","passed","2026-08-20","","Go Test","github.com/specterops/bloodhound/cmd/api/src/services/graphify/endpoint/TestCopyMatchExpressionsSorted","TestCopyMatchExpressionsSorted"
"","2512","search highlights matching substring with text-link class","Pathfinding","2026-08-20","passed","2026-08-20","","","",""
"Test cases for TestStore_GetNode","2","TestStore_GetNode","","2026-08-20","passed","2026-08-20","","Go Test","github.com/specterops/bloodhound/server/graphdb/internal/appdb/TestStore_GetNode","TestStore_GetNode"
"","137","renders an accessible trigger button labeled by the label prop","GraphMenu","2026-08-20","passed","2026-08-20","","","",""
"","6","updates key in state","useObjectState","2026-08-20","passed","2026-08-20","","","",""
"","2","stores a string value in localStorage","useLocalStorage","2026-08-20","passed","2026-08-20","","setValue","",""
"","0","escapes a backslash","escapeCypherString","2026-08-20","passed","2026-08-20","","","",""
"","3","returns null when no environment is selected","getStatsComponent","2026-08-20","passed","2026-08-20","","","",""
"","168","renders enabled Zone and Rule tabs and disabled Object tab","Selected Details Tabs","2026-08-20","passed","2026-08-20","","Selected Details Tabs - Params present","",""
"","432","disables a nested graph data option while its source kind is selected","GraphDataCheckboxes","2026-08-20","passed","2026-08-20","","","",""
"","2","removes the key when null is passed to the setter","useLocalStorage","2026-08-20","passed","2026-08-20","","setValue","",""
"","326","emits allGraphData true when the parent is checked from some","GraphDataCheckboxes","2026-08-20","passed","2026-08-20","","","",""
"","4484","search forces sections to expand when there is a match","Pathfinding","2026-08-20","passed","2026-08-20","","","",""
"","13","uses an xl max width and gutters by default","PageWithTitle","2026-08-20","passed","2026-08-20","","","",""
"Test cases for TestIngestJobs_ValidFilters","0","TestIngestJobs_ValidFilters","","2026-08-20","passed","2026-08-20","","Go Test","github.com/specterops/bloodhound/cmd/api/src/model/TestIngestJobs_ValidFilters","TestIngestJobs_ValidFilters"
"","180","has the correct value for the links in the breadcrumbs","Create Update pages","2026-08-20","passed","2026-08-20","","","",""
"Test cases for TestRoleMembers","0","TestRoleMembers","","2026-08-20","passed","2026-08-20","","Go Test","github.com/specterops/bloodhound/packages/go/analysis/azure/TestRoleMembers","TestRoleMembers"
"Test cases for TestResources_ListADDomainInboundTrusts","1","TestResources_ListADDomainInboundTrusts","","2026-08-20","passed","2026-08-20","","Go Test","github.com/specterops/bloodhound/cmd/api/src/api/v2/TestResources_ListADDomainInboundTrusts","TestResources_ListADDomainInboundTrusts"
"","0","filters by critical risk level","filterAndSearchEnvironments","2026-08-20","passed","2026-08-20","","risk filters","",""
"Test cases for TestOpenGraphSchemaService_GetSchemaFindings","1","TestOpenGraphSchemaService_GetSchemaFindings","","2026-08-20","passed","2026-08-20","","Go Test","github.com/specterops/bloodhound/cmd/api/src/services/opengraphschema/TestOpenGraphSchemaService_GetSchemaFindings","TestOpenGraphSchemaService_GetSchemaFindings"
"","593","should call onSave when save button is clicked","SaveQueryDialog","2026-08-20","passed","2026-08-20","","","",""
"","475","should not allow leading or trailing empty spaces","CreateUserForm","2026-08-20","passed","2026-08-20","","","",""
"","8346","checking a subcategory updates all children (edge types) in its group","Pathfinding","2026-08-20","passed","2026-08-20","","","",""
"Test cases for TestRegister","0","TestRegister","","2026-08-20","passed","2026-08-20","","Go Test","github.com/specterops/bloodhound/server/featureflags/TestRegister","TestRegister"
"","1","returns the edge and both of its endpoint nodes","SigmaChart Utils","2026-08-20","passed","2026-08-20","when an edge is selected","getFullPathHighlightedEntities","",""
"Test cases for TestResources_UpdateSavedQuery_QueryBelongsToAnotherUser","0","TestResources_UpdateSavedQuery_QueryBelongsToAnotherUser","","2026-08-20","passed","2026-08-20","","Go Test","github.com/specterops/bloodhound/cmd/api/src/api/v2/TestResources_UpdateSavedQuery_QueryBelongsToAnotherUser","TestResources_UpdateSavedQuery_QueryBelongsToAnotherUser"
"","40","calls setSelected with correct data on click","NoteCell component","2026-08-20","passed","2026-08-20","","","",""
"","457","displays a warning dialog when mounted","EarlyAccessFeatures","2026-08-20","passed","2026-08-20","","","",""
"","11","shows items when all required permissions are granted","useSubNavRoutes","2026-08-20","passed","2026-08-20","","permissions gate","",""
"","542","shows error notification when deletion fails","ActiveExtensionsCard","2026-08-20","passed","2026-08-20","","","",""
"Test cases for TestResources_GetDatabaseCompleteness","110","TestResources_GetDatabaseCompleteness","","2026-08-20","passed","2026-08-20","","Go Test","github.com/specterops/bloodhound/cmd/api/src/api/v2/TestResources_GetDatabaseCompleteness","TestResources_GetDatabaseCompleteness"
"","515","calls handleFilterChange when a node type is selected","AssetGroupEdit","2026-08-20","passed","2026-08-20","","Node Type dropdown filter","",""
"","4011","categories default to expanded","Pathfinding","2026-08-20","passed","2026-08-20","","","",""
"","165","renders the form for editing an existing label","Tag Form","2026-08-20","passed","2026-08-20","","","",""
"Test cases for TestFeatureFlag_HA","302","TestFeatureFlag_HA","","2026-08-20","passed","2026-08-20","","Go Test","github.com/specterops/bloodhound/cmd/api/src/daemons/changelog/TestFeatureFlag_HA","TestFeatureFlag_HA"
"","592","should display Environmental Targeted Access Control panel when showEnvironmentAccessControls prop is true and user role is selected","UpdateUserForm","2026-08-20","passed","2026-08-20","","","",""
"","127","renders error message on error","ObjectCountPanel","2026-08-20","passed","2026-08-20","","","",""
"","72","disables the upload file button when the user does not have the opengraph write permission","SchemaUploadDialog","2026-08-20","passed","2026-08-20","","","",""
"","106","upon selecting a source node, updates the URL with a searchType of 'node' and primarySearch of the node's objectid","useNodeSearch","2026-08-20","passed","2026-08-20","","","",""
"","97","should not display api key management button","Api Keys","2026-08-20","passed","2026-08-20","","","",""
"Test cases for TestGormLogAdapter_Info","1","TestGormLogAdapter_Info","","2026-08-20","passed","2026-08-20","","Go Test","github.com/specterops/bloodhound/cmd/api/src/database/TestGormLogAdapter_Info","TestGormLogAdapter_Info"
"","3","uses the provided threshold when determining whether the scroll is close enough to the bottom","useInfiniteScroll","2026-08-20","passed","2026-08-20","","","",""
"","0","returns zero for empty input","getRelationshipsTotalCount","2026-08-20","passed","2026-08-20","","","",""
"Test cases for TestCreateNodeStartsWithSearchGraphCriteria_Search","0","TestCreateNodeStartsWithSearchGraphCriteria_Search","","2026-08-20","passed","2026-08-20","","Go Test","github.com/specterops/bloodhound/cmd/api/src/queries/TestCreateNodeStartsWithSearchGraphCriteria_Search","TestCreateNodeStartsWithSearchGraphCriteria_Search"
"","10","should not render when data is present","NoDataDialog","2026-08-20","passed","2026-08-20","","","",""
"","72","renders a ListItemActionMenu component","ListItemActionMenu","2026-08-20","passed","2026-08-20","","","",""
"","191","renders the component with all info and switch off","CitrixRDPConfiguration","2026-08-20","passed","2026-08-20","","Initial render","",""
"","0","The data is fetching","Getting the text for the disabled item display for a search when there are no results","2026-08-20","passed","2026-08-20","","Loading states","",""
"","62","correctly handles the hygiene ID with value 0 by not omitting it in the params value even though 0 is falsey","usePZQueryParams","2026-08-20","passed","2026-08-20","","","",""
"Test cases for TestResources_DeleteSavedQuery_NotPublicQueryAndUserIsAdmin","0","TestResources_DeleteSavedQuery_NotPublicQueryAndUserIsAdmin","","2026-08-20","passed","2026-08-20","","Go Test","github.com/specterops/bloodhound/cmd/api/src/api/v2/TestResources_DeleteSavedQuery_NotPublicQueryAndUserIsAdmin","TestResources_DeleteSavedQuery_NotPublicQueryAndUserIsAdmin"
"Test cases for Test_setRawValue","1","Test_setRawValue","","2026-08-20","passed","2026-08-20","","Go Test","github.com/specterops/bloodhound/cmd/api/src/config/Test_setRawValue","Test_setRawValue"
"","622","sets the selectedItem param and closes the search panel when a node is selected","GraphControls","2026-08-20","passed","2026-08-20","","Searching current results","",""
"","434","should display ""Generate/Revoke API Tokens"" title","UserTokenManagementDialog","2026-08-20","passed","2026-08-20","","","",""
"","42","renders relationship kind items with correct test-id","KindInfoItems","2026-08-20","passed","2026-08-20","","","",""
"Test cases for TestWriteResultRawJson","0","TestWriteResultRawJson","","2026-08-20","passed","2026-08-20","","Go Test","github.com/specterops/bloodhound/cmd/api/src/utils/TestWriteResultRawJson","TestWriteResultRawJson"
"Test cases for TestMarshalBoolText","0","TestMarshalBoolText","","2026-08-20","passed","2026-08-20","","Go Test","github.com/specterops/bloodhound/cmd/api/src/database/types/null/TestMarshalBoolText","TestMarshalBoolText"
"","0","adds OpenGraph types dynamically alongside the known types","getOpenGraphEnvironmentInfoMap","2026-08-20","passed","2026-08-20","","","",""
"","505","clicking cancel on the form takes the user back to the details page the user was on previously","Rule Form","2026-08-20","passed","2026-08-20","","","",""
"","99","disables the search button when isCurrentSearchOpen is true","GraphControls","2026-08-20","passed","2026-08-20","","Searching current results","",""
"Test cases for TestResources_ListADDomainForeignUsers","1","TestResources_ListADDomainForeignUsers","","2026-08-20","passed","2026-08-20","","Go Test","github.com/specterops/bloodhound/cmd/api/src/api/v2/TestResources_ListADDomainForeignUsers","TestResources_ListADDomainForeignUsers"
"","1","returns query config when searchType is composition and valid RelationshipDetailsWithInfo is provided","useExploreGraph","2026-08-20","passed","2026-08-20","composition search queries","exploreGraphQueryFactory","",""
"","9","does not set the document title when no title prop is provided","PageWithTitle","2026-08-20","passed","2026-08-20","","","",""
"Test cases for TestNormalizeEinNodeProperties","0","TestNormalizeEinNodeProperties","","2026-08-20","passed","2026-08-20","","Go Test","github.com/specterops/bloodhound/cmd/api/src/services/graphify/TestNormalizeEinNodeProperties","TestNormalizeEinNodeProperties"
"Test cases for TestLocalStore_Move","51","TestLocalStore_Move","","2026-08-20","passed","2026-08-20","","Go Test","github.com/specterops/bloodhound/packages/go/storage/TestLocalStore_Move","TestLocalStore_Move"
"","21","renders custom icon overlap correctly","NodeIcon","2026-08-20","passed","2026-08-20","","","",""
"","0","returns false when the response is undefined","isNodeResponse","2026-08-20","passed","2026-08-20","","","",""
"","36","renders correctly when an unexpected nodeType is passed","NodeIcon","2026-08-20","passed","2026-08-20","","","",""
"","0","returns Cypher message when ruleType is SeedTypeCypher and seeds are required","getErrorMessage","2026-08-20","passed","2026-08-20","","","",""
"","1099","shows indeterminate states when some graph data is selected","GraphDataCheckboxes","2026-08-20","passed","2026-08-20","","","",""
"Test cases for TestResources_UpdateSavedQuery_OwnPrivateQuery_Success","0","TestResources_UpdateSavedQuery_OwnPrivateQuery_Success","","2026-08-20","passed","2026-08-20","","Go Test","github.com/specterops/bloodhound/cmd/api/src/api/v2/TestResources_UpdateSavedQuery_OwnPrivateQuery_Success","TestResources_UpdateSavedQuery_OwnPrivateQuery_Success"
"","0","fails for password without digits","testPassword","2026-08-20","passed","2026-08-20","","","",""
"Test cases for TestUnmarshalInt64OverflowToInt64","0","TestUnmarshalInt64OverflowToInt64","","2026-08-20","passed","2026-08-20","","Go Test","github.com/specterops/bloodhound/cmd/api/src/database/types/null/TestUnmarshalInt64OverflowToInt64","TestUnmarshalInt64OverflowToInt64"
"","303","The reset password and two-factor authentication options should not appear in profile page if the user is configured for SAML login","UserProfile with SSO User","2026-08-20","passed","2026-08-20","","","",""
"Test cases for TestValidateTOTPSecret","0","TestValidateTOTPSecret","","2026-08-20","passed","2026-08-20","","Go Test","github.com/specterops/bloodhound/cmd/api/src/auth/TestValidateTOTPSecret","TestValidateTOTPSecret"
"Test cases for TestGetAzureDataQualityStats_Success","0","TestGetAzureDataQualityStats_Success","","2026-08-20","passed","2026-08-20","","Go Test","github.com/specterops/bloodhound/cmd/api/src/api/v2/TestGetAzureDataQualityStats_Success","TestGetAzureDataQualityStats_Success"
"Test cases for TestContextMiddlewareBypassDisabled","0","TestContextMiddlewareBypassDisabled","","2026-08-20","passed","2026-08-20","","Go Test","github.com/specterops/bloodhound/cmd/api/src/api/middleware/TestContextMiddlewareBypassDisabled","TestContextMiddlewareBypassDisabled"
"Test cases for Test_FixtureTeardown","0","Test_FixtureTeardown","","2026-08-20","passed","2026-08-20","","Go Test","github.com/specterops/bloodhound/packages/go/lab/Test_FixtureTeardown","Test_FixtureTeardown"
"","63","displays a warning when there is a problem fetching the list of collectors","DownloadCollectors","2026-08-20","passed","2026-08-20","","","",""
"","363","filters by the selected user","FileIngestFilterDialog","2026-08-20","passed","2026-08-20","","User Select","",""
"Test cases for TestResources_ListADGPOAffectedUsers","0","TestResources_ListADGPOAffectedUsers","","2026-08-20","passed","2026-08-20","","Go Test","github.com/specterops/bloodhound/cmd/api/src/api/v2/TestResources_ListADGPOAffectedUsers","TestResources_ListADGPOAffectedUsers"
"","129","renders the Zone/Labels Tab content when first tab is chosen","Selected Details Tab Content","2026-08-20","passed","2026-08-20","","","",""
"","11","keeps callbacks stable across renders","useObjectState","2026-08-20","passed","2026-08-20","","","",""
"Test cases for TestRenderNodeKindInfoMarkdown","0","TestRenderNodeKindInfoMarkdown","","2026-08-20","passed","2026-08-20","","Go Test","github.com/specterops/bloodhound/server/graphdb/internal/services/TestRenderNodeKindInfoMarkdown","TestRenderNodeKindInfoMarkdown"
"Test cases for TestFloatEqual","0","TestFloatEqual","","2026-08-20","passed","2026-08-20","","Go Test","github.com/specterops/bloodhound/cmd/api/src/database/types/null/TestFloatEqual","TestFloatEqual"
"Test cases for TestResources_EndIngestJob","92","TestResources_EndIngestJob","","2026-08-20","passed","2026-08-20","","Go Test","github.com/specterops/bloodhound/cmd/api/src/api/v2/TestResources_EndIngestJob","TestResources_EndIngestJob"
"Test cases for TestStorageFileService_DeleteFileWithOptions_PreservesEmptyParentWhenPruningDisabled","13","TestStorageFileService_DeleteFileWithOptions_PreservesEmptyParentWhenPruningDisabled","","2026-08-20","passed","2026-08-20","","Go Test","github.com/specterops/bloodhound/packages/go/storage/TestStorageFileService_DeleteFileWithOptions_PreservesEmptyParentWhenPruningDisabled","TestStorageFileService_DeleteFileWithOptions_PreservesEmptyParentWhenPruningDisabled"
"","657","should render the pathfinding search controls when searchType is pathfinding","ExploreSearch rendering per tab","2026-08-20","passed","2026-08-20","","","",""
"","17","does not add a query param if the search term is empty","useNodeSearch","2026-08-20","passed","2026-08-20","","","",""
"","372","should render","LoginViaSSOForm","2026-08-20","passed","2026-08-20","","","",""
"","0","returns only the known types when no environments are provided","getOpenGraphEnvironmentInfoMap","2026-08-20","passed","2026-08-20","","","",""
"Test cases for TestConvertDomainToNode_DomainInvalidProperties","0","TestConvertDomainToNode_DomainInvalidProperties","","2026-08-20","passed","2026-08-20","","Go Test","github.com/specterops/bloodhound/packages/go/ein/TestConvertDomainToNode_DomainInvalidProperties","TestConvertDomainToNode_DomainInvalidProperties"
"","1986","should clear out the sso provider id from submission data when the authentication method is changed","UpdateUserDialog","2026-08-20","passed","2026-08-20","","","",""
"Test cases for TestStorageFileService_WriteFileFromReader","38","TestStorageFileService_WriteFileFromReader","","2026-08-20","passed","2026-08-20","","Go Test","github.com/specterops/bloodhound/packages/go/storage/TestStorageFileService_WriteFileFromReader","TestStorageFileService_WriteFileFromReader"
"Test cases for TestIngestControl_FetchRetainedIngestFiles","9","TestIngestControl_FetchRetainedIngestFiles","","2026-08-20","passed","2026-08-20","","Go Test","github.com/specterops/bloodhound/cmd/api/src/api/tools/TestIngestControl_FetchRetainedIngestFiles","TestIngestControl_FetchRetainedIngestFiles"
"Test cases for TestUnmarshalString","0","TestUnmarshalString","","2026-08-20","passed","2026-08-20","","Go Test","github.com/specterops/bloodhound/cmd/api/src/database/types/null/TestUnmarshalString","TestUnmarshalString"
"","9","dismisses the ""no permission"" notification on unmount","useFinishedJobs","2026-08-20","passed","2026-08-20","","","",""
"","778","opens the entity information panel for the auto-selected node","GraphView","2026-08-20","passed","2026-08-20","","","",""
"","0","Will ignore what is to the left of the first colon if it doesnt match an existing kind and will treat all as keyword","parseKeywordAndTypeValue","2026-08-20","passed","2026-08-20","","","",""
"","10","should not render if open === false","ConfirmUpdateQueryDialog","2026-08-20","passed","2026-08-20","","","",""
"","0","returns false when the response contains relationship_id instead","isNodeResponse","2026-08-20","passed","2026-08-20","","","",""
"Test cases for TestKindInfoInput_MarkdownContent","4","TestKindInfoInput_MarkdownContent","","2026-08-20","passed","2026-08-20","","Go Test","github.com/specterops/bloodhound/cmd/api/src/model/TestKindInfoInput_MarkdownContent","TestKindInfoInput_MarkdownContent"
"","136","returns false when no nodes are available","useGraphHasData","2026-08-20","passed","2026-08-20","","","",""
"","616","shows the provided tooltip text when the tooltip prop is set","GraphMenu","2026-08-20","passed","2026-08-20","","","",""
"","15","sets autoDisplayTable to false if query returns nodes only but the enabled prop is false","useExploreTableAutoDisplay","2026-08-20","passed","2026-08-20","","","",""
"Test cases for TestOrphanFileSweeper_ClearStoredIngestFiles","22","TestOrphanFileSweeper_ClearStoredIngestFiles","","2026-08-20","passed","2026-08-20","","Go Test","github.com/specterops/bloodhound/cmd/api/src/daemons/datapipe/TestOrphanFileSweeper_ClearStoredIngestFiles","TestOrphanFileSweeper_ClearStoredIngestFiles"
"Test cases for TestResources_ListADDomainContainedGroups","3","TestResources_ListADDomainContainedGroups","","2026-08-20","passed","2026-08-20","","Go Test","github.com/specterops/bloodhound/cmd/api/src/api/v2/TestResources_ListADDomainContainedGroups","TestResources_ListADDomainContainedGroups"
"","135","shows ""Expired"" in red when the expiration date has already passed","UserTokenManagementDialog - API Expiration Date column","2026-08-20","passed","2026-08-20","","","",""
"Test cases for TestManagementResource_UpdateUser_ETAC","2864","TestManagementResource_UpdateUser_ETAC","","2026-08-20","passed","2026-08-20","","Go Test","github.com/specterops/bloodhound/cmd/api/src/api/v2/auth/TestManagementResource_UpdateUser_ETAC","TestManagementResource_UpdateUser_ETAC"
"Test cases for TestSaveDataQuality","10","TestSaveDataQuality","","2026-08-20","passed","2026-08-20","","Go Test","github.com/specterops/bloodhound/cmd/api/src/services/dataquality/TestSaveDataQuality","TestSaveDataQuality"
"","301","should display a ""Configure Multi-Factor Authentication"" modal","UserProfile","2026-08-20","passed","2026-08-20","","""Multi-Factor Authentication"" switch","",""
"","444","renders correctly with requiresCurrentPassword false","PasswordDialog","2026-08-20","passed","2026-08-20","","","",""
"","20","renders disabled prop when flag is not enabled","FeatureFlag","2026-08-20","passed","2026-08-20","","","",""
"Test cases for TestService_GetRelationship_RendersRelationshipContext","0","TestService_GetRelationship_RendersRelationshipContext","","2026-08-20","passed","2026-08-20","","Go Test","github.com/specterops/bloodhound/server/graphdb/internal/services/TestService_GetRelationship_RendersRelationshipContext","TestService_GetRelationship_RendersRelationshipContext"
"Test cases for TestLoginFailure","0","TestLoginFailure","","2026-08-20","passed","2026-08-20","","Go Test","github.com/specterops/bloodhound/cmd/api/src/api/v2/auth/TestLoginFailure","TestLoginFailure"
"TestCacheEntryDigester_DigestEndpoint_MatchByProperty tests the sorting and hashinglogic when MatchBy is set to MatchByProperty.","0","TestCacheEntryDigester_DigestEndpoint_MatchByProperty","","2026-08-20","passed","2026-08-20","","Go Test","github.com/specterops/bloodhound/cmd/api/src/services/graphify/endpoint/TestCacheEntryDigester_DigestEndpoint_MatchByProperty","TestCacheEntryDigester_DigestEndpoint_MatchByProperty"
"","199","navigates to all rules when clicking ""All Rules""","RulesAccordion","2026-08-20","passed","2026-08-20","","","",""
"Test cases for TestJSONFloat_MarshalJSON_NaN","0","TestJSONFloat_MarshalJSON_NaN","","2026-08-20","passed","2026-08-20","","Go Test","github.com/specterops/bloodhound/cmd/api/src/database/types/nan/TestJSONFloat_MarshalJSON_NaN","TestJSONFloat_MarshalJSON_NaN"
"Test cases for TestGC_Start","1002","TestGC_Start","","2026-08-20","passed","2026-08-20","","Go Test","github.com/specterops/bloodhound/cmd/api/src/daemons/gc/TestGC_Start","TestGC_Start"
"","84","renders node kind items with correct test-id","KindInfoItems","2026-08-20","passed","2026-08-20","","","",""
"","14","when user does not have a disallowed role for a route with disallowed roles, they see the normal page","AuthenticatedRoute","2026-08-20","passed","2026-08-20","","","",""
"Test cases for TestResources_ListAuditLogs_SortingError","0","TestResources_ListAuditLogs_SortingError","","2026-08-20","passed","2026-08-20","","Go Test","github.com/specterops/bloodhound/cmd/api/src/api/v2/TestResources_ListAuditLogs_SortingError","TestResources_ListAuditLogs_SortingError"
"Test cases for TestCacheEntryDigester_PoolStateReuse","0","TestCacheEntryDigester_PoolStateReuse","","2026-08-20","passed","2026-08-20","","Go Test","github.com/specterops/bloodhound/cmd/api/src/services/graphify/endpoint/TestCacheEntryDigester_PoolStateReuse","TestCacheEntryDigester_PoolStateReuse"
"Test cases for TestURLJoinPathNoPrefix","0","TestURLJoinPathNoPrefix","","2026-08-20","passed","2026-08-20","","Go Test","github.com/specterops/bloodhound/cmd/api/src/api/TestURLJoinPathNoPrefix","TestURLJoinPathNoPrefix"
"Test cases for TestManagementResource_UpdateUser_IDMalformed","1203","TestManagementResource_UpdateUser_IDMalformed","","2026-08-20","passed","2026-08-20","","Go Test","github.com/specterops/bloodhound/cmd/api/src/api/v2/auth/TestManagementResource_UpdateUser_IDMalformed","TestManagementResource_UpdateUser_IDMalformed"
"Test cases for TestWritePaginated","2","TestWritePaginated","","2026-08-20","passed","2026-08-20","","Go Test","github.com/specterops/bloodhound/packages/go/responses/TestWritePaginated","TestWritePaginated"
"Test cases for TestHandlers_ListRoles","0","TestHandlers_ListRoles","","2026-08-20","passed","2026-08-20","","Go Test","github.com/specterops/bloodhound/server/identity/internal/handlers/TestHandlers_ListRoles","TestHandlers_ListRoles"
"Copyright 2021 The Go Authors. All rights reserved.TestConcat was ripped from go1.22 source and should be replaced with the stdlib implementation when we move to 1.22Original source: https:","0","TestConcat_too_large","","2026-08-20","passed","2026-08-20","","Go Test","github.com/specterops/bloodhound/packages/go/slicesext/TestConcat_too_large","TestConcat_too_large"
"","0","uses the correct entity name in the Object ID message","getErrorMessage","2026-08-20","passed","2026-08-20","","","",""
"","857","should render","CypherSearch","2026-08-20","passed","2026-08-20","","","",""
"","9","returns undefined query state when itemId is undefined","useGraphItem","2026-08-20","passed","2026-08-20","","","",""
"Test cases for TestHandlers_GetPermission","2","TestHandlers_GetPermission","","2026-08-20","passed","2026-08-20","","Go Test","github.com/specterops/bloodhound/server/identity/internal/handlers/TestHandlers_GetPermission","TestHandlers_GetPermission"
"Test cases for TestManagementResource_ServeSigningCertificate","11","TestManagementResource_ServeSigningCertificate","","2026-08-20","passed","2026-08-20","","Go Test","github.com/specterops/bloodhound/cmd/api/src/api/v2/auth/TestManagementResource_ServeSigningCertificate","TestManagementResource_ServeSigningCertificate"
"Test cases for TestManagementResource_ListSAMLSignOnEndpoints","5","TestManagementResource_ListSAMLSignOnEndpoints","","2026-08-20","passed","2026-08-20","","Go Test","github.com/specterops/bloodhound/cmd/api/src/api/v2/auth/TestManagementResource_ListSAMLSignOnEndpoints","TestManagementResource_ListSAMLSignOnEndpoints"
"","347","opens the menu and renders its children when the trigger is clicked","GraphMenu","2026-08-20","passed","2026-08-20","","","",""
"Test cases for Test_filterAndFormatSearchResults_filterEnvironments","0","Test_filterAndFormatSearchResults_filterEnvironments","","2026-08-20","passed","2026-08-20","","Go Test","github.com/specterops/bloodhound/cmd/api/src/api/v2/Test_filterAndFormatSearchResults_filterEnvironments","Test_filterAndFormatSearchResults_filterEnvironments"
"Test cases for TestRewriter_Enter_ADAttackPathsShortcut_ReplacesKinds","0","TestRewriter_Enter_ADAttackPathsShortcut_ReplacesKinds","","2026-08-20","passed","2026-08-20","","Go Test","github.com/specterops/bloodhound/cmd/api/src/queries/TestRewriter_Enter_ADAttackPathsShortcut_ReplacesKinds","TestRewriter_Enter_ADAttackPathsShortcut_ReplacesKinds"
"","2065","Clicking header allows user to sort by column","ExploreTable","2026-08-20","passed","2026-08-20","","","",""
"","0","returns disabled config when searchType is not composition","useExploreGraph","2026-08-20","passed","2026-08-20","composition search queries","exploreGraphQueryFactory","",""
"","0","keeps the first-seen stat when created_at values are missing or invalid","getLatestStatsByMetricKind","2026-08-20","passed","2026-08-20","","","",""
"","704","calls delete mutation when confirm button is clicked with correct input","ActiveExtensionsCard","2026-08-20","passed","2026-08-20","","","",""
"","14","shows items when the user has admin permissions","useSubNavRoutes","2026-08-20","passed","2026-08-20","","adminOnly gate","",""
"","57","renders a link to the documentation","BloodHoundConfiguration","2026-08-20","passed","2026-08-20","","","",""
"","5","reads an explicit none selection from the URL","useMultiValueFilterParams","2026-08-20","passed","2026-08-20","","","",""
"","619","AZRole information panel will not display a section for PIM Assignments","EntityInfoContent","2026-08-20","passed","2026-08-20","","","",""
"","181","a name value is required to submit the form","Tag Form","2026-08-20","passed","2026-08-20","","","",""
"","695","should render with a full list of multiple tenants and domains and no open graph environments as feature flag is off","Simple Environment Selector","2026-08-20","passed","2026-08-20","","","",""
"Test cases for TestResources_GetPathfindingResult","0","TestResources_GetPathfindingResult","","2026-08-20","passed","2026-08-20","","Go Test","github.com/specterops/bloodhound/cmd/api/src/api/v2/TestResources_GetPathfindingResult","TestResources_GetPathfindingResult"
"","230","enables the create user button when the user is admin role","Users","2026-08-20","passed","2026-08-20","","","",""
"","1031","allows switching between the Zones and Labels tabs","Zone Management","2026-08-20","passed","2026-08-20","","","",""
"Test cases for TestBOMEncoding","0","TestBOMEncoding","","2026-08-20","passed","2026-08-20","","Go Test","github.com/specterops/bloodhound/packages/go/bomenc/TestBOMEncoding","TestBOMEncoding"
"Test cases for Test_PrimaryDisplayKinds_Add","0","Test_PrimaryDisplayKinds_Add","","2026-08-20","passed","2026-08-20","","Go Test","github.com/specterops/bloodhound/packages/go/graphschema/Test_PrimaryDisplayKinds_Add","Test_PrimaryDisplayKinds_Add"
"","439","filters by the selected date range","FileIngestFilterDialog","2026-08-20","passed","2026-08-20","","Date Range Inputs","",""
"","183","a name value is required to submit the form","Rule Form","2026-08-20","passed","2026-08-20","","","",""
"","1","removes the key when undefined is passed to the setter","useLocalStorage","2026-08-20","passed","2026-08-20","","setValue","",""
"Test cases for Test_filterAndFormatSearchResults_filterEnvironmentsEmpty","0","Test_filterAndFormatSearchResults_filterEnvironmentsEmpty","","2026-08-20","passed","2026-08-20","","Go Test","github.com/specterops/bloodhound/cmd/api/src/api/v2/Test_filterAndFormatSearchResults_filterEnvironmentsEmpty","Test_filterAndFormatSearchResults_filterEnvironmentsEmpty"
"","808","renders a button and a menu","CreateMenu","2026-08-20","passed","2026-08-20","","oidc_support feature flag enabled","",""
"","3","returns true when the response contains relationship_id","isRelationshipResponse","2026-08-20","passed","2026-08-20","","","",""
"","220","closes","ListItemActionMenu","2026-08-20","passed","2026-08-20","","","",""
"","280","calls onChange with initial default columns when ""Reset Default"" is clicked","ManageColumnsComboBox","2026-08-20","passed","2026-08-20","","","",""
"Test cases for TestStore_SetFlag","2","TestStore_SetFlag","","2026-08-20","passed","2026-08-20","","Go Test","github.com/specterops/bloodhound/server/featureflags/internal/appdb/TestStore_SetFlag","TestStore_SetFlag"
"Test cases for TestResources_DeleteAssetGroupTagSelector","1","TestResources_DeleteAssetGroupTagSelector","","2026-08-20","passed","2026-08-20","","Go Test","github.com/specterops/bloodhound/cmd/api/src/api/v2/TestResources_DeleteAssetGroupTagSelector","TestResources_DeleteAssetGroupTagSelector"
"","284","should disable Cancel and Save buttons while isLoading is true","UpdateUserDialog","2026-08-20","passed","2026-08-20","","","",""
"Test cases for TestResources_ListADOUContainedUsers","1","TestResources_ListADOUContainedUsers","","2026-08-20","passed","2026-08-20","","Go Test","github.com/specterops/bloodhound/cmd/api/src/api/v2/TestResources_ListADOUContainedUsers","TestResources_ListADOUContainedUsers"
"Test cases for TestLocalStore_Stat","31","TestLocalStore_Stat","","2026-08-20","passed","2026-08-20","","Go Test","github.com/specterops/bloodhound/packages/go/storage/TestLocalStore_Stat","TestLocalStore_Stat"
"Test cases for TestIngestJobs_IsSortable","0","TestIngestJobs_IsSortable","","2026-08-20","passed","2026-08-20","","Go Test","github.com/specterops/bloodhound/cmd/api/src/model/TestIngestJobs_IsSortable","TestIngestJobs_IsSortable"
"","21","renders null if network fails to return valid asset group membership list","AssetGroupMenuItem","2026-08-20","passed","2026-08-20","","adding to an asset group","",""
"Test cases for Test_UseHooks","0","Test_UseHooks","","2026-08-20","passed","2026-08-20","","Go Test","github.com/specterops/bloodhound/packages/go/lab/Test_UseHooks","Test_UseHooks"
"","431","should render saml info provider","SSOProviderTable","2026-08-20","passed","2026-08-20","","","",""
"","13","sets autoDisplayTable to false if query type is pathfinding","useExploreTableAutoDisplay","2026-08-20","passed","2026-08-20","","","",""
"","24","should display an error message if data does not return from the API","Context Selector Error","2026-08-20","passed","2026-08-20","","","",""
"Test cases for TestSortJSONArrays","2","TestSortJSONArrays","","2026-08-20","passed","2026-08-20","","Go Test","github.com/specterops/bloodhound/cmd/api/src/utils/test/TestSortJSONArrays","TestSortJSONArrays"
"Test cases for TestOpenGraphSchemaService_ListExtensions","4","TestOpenGraphSchemaService_ListExtensions","","2026-08-20","passed","2026-08-20","","Go Test","github.com/specterops/bloodhound/cmd/api/src/services/opengraphschema/TestOpenGraphSchemaService_ListExtensions","TestOpenGraphSchemaService_ListExtensions"
"Test cases for TestManagementResource_ListUsers_Filtered","0","TestManagementResource_ListUsers_Filtered","","2026-08-20","passed","2026-08-20","","Go Test","github.com/specterops/bloodhound/cmd/api/src/api/v2/auth/TestManagementResource_ListUsers_Filtered","TestManagementResource_ListUsers_Filtered"
"TestRegister_RoutesRequireAuthentication dispatches real unauthenticatedrequests through the wired router to verify that every registered extensionsroute is guarded by authentication middleware. If the route wireup everloses RequirePermissions(), this test will fail.","0","TestRegister_RoutesRequireAuthentication","","2026-08-20","passed","2026-08-20","","Go Test","github.com/specterops/bloodhound/server/extensions/internal/routes/TestRegister_RoutesRequireAuthentication","TestRegister_RoutesRequireAuthentication"
"Test cases for TestHeaderMatches","0","TestHeaderMatches","","2026-08-20","passed","2026-08-20","","Go Test","github.com/specterops/bloodhound/cmd/api/src/utils/TestHeaderMatches","TestHeaderMatches"
"Test cases for TestAddWhereClauseToNeo4jQuery_WithWhereClause","0","TestAddWhereClauseToNeo4jQuery_WithWhereClause","","2026-08-20","passed","2026-08-20","","Go Test","github.com/specterops/bloodhound/cmd/api/src/api/v2/TestAddWhereClauseToNeo4jQuery_WithWhereClause","TestAddWhereClauseToNeo4jQuery_WithWhereClause"
"","102","should render all of the options as checkboxes","Checkbox group","2026-08-20","passed","2026-08-20","","","",""
"","1","uppercases boolean values","Formatting boolean properties","2026-08-20","passed","2026-08-20","","","",""
"Test cases for TestResources_ShareSavedQueriesPermissions_SavingPermissionsErrors","0","TestResources_ShareSavedQueriesPermissions_SavingPermissionsErrors","","2026-08-20","passed","2026-08-20","","Go Test","github.com/specterops/bloodhound/cmd/api/src/api/v2/TestResources_ShareSavedQueriesPermissions_SavingPermissionsErrors","TestResources_ShareSavedQueriesPermissions_SavingPermissionsErrors"
"","735","should display all available roles","UpdateUserDialog","2026-08-20","passed","2026-08-20","","","",""
"","133","calls handleInitialEnvironment with the highest impactValue as the initial environment","useInitialEnvironment","2026-08-20","passed","2026-08-20","","","",""
"","183","Hides selector information if additionalSections is false","EntityInfoDataTableList","2026-08-20","passed","2026-08-20","","","",""
"Test cases for TestNewAuditLog_BadAuthContext","0","TestNewAuditLog_BadAuthContext","","2026-08-20","passed","2026-08-20","","Go Test","github.com/specterops/bloodhound/cmd/api/src/database/TestNewAuditLog_BadAuthContext","TestNewAuditLog_BadAuthContext"
"","4266","calls onQuerySucess but does not does not entity info panel when search returns zero nodes","CypherSearch","2026-08-20","passed","2026-08-20","","Minimize explorer page elements when multiple nodes are returned","",""
"Test cases for TestService_CancelAnalysisRequest","0","TestService_CancelAnalysisRequest","","2026-08-20","passed","2026-08-20","","Go Test","github.com/specterops/bloodhound/server/analysis/internal/services/TestService_CancelAnalysisRequest","TestService_CancelAnalysisRequest"
"","67","includes all traversable OpenGraph edges in their own category when they are available via the API","useEdgeCategories","2026-08-20","passed","2026-08-20","","","",""
"","1","returns an all selection when every option is selected","getNextSelection","2026-08-20","passed","2026-08-20","","","",""
"Test cases for TestNewRewriter","0","TestNewRewriter","","2026-08-20","passed","2026-08-20","","Go Test","github.com/specterops/bloodhound/cmd/api/src/queries/TestNewRewriter","TestNewRewriter"
"Test cases for TestResources_ListKinds","139","TestResources_ListKinds","","2026-08-20","passed","2026-08-20","","Go Test","github.com/specterops/bloodhound/cmd/api/src/api/v2/TestResources_ListKinds","TestResources_ListKinds"
"Test cases for TestOrphanFileSweeper_Clear","0","TestOrphanFileSweeper_Clear","","2026-08-20","passed","2026-08-20","","Go Test","github.com/specterops/bloodhound/cmd/api/src/daemons/datapipe/TestOrphanFileSweeper_Clear","TestOrphanFileSweeper_Clear"
"","19","selector members refetches on sort change","the useAssetGroupTags utilities","2026-08-20","passed","2026-08-20","","","",""
"","1","fails for password without lowercase letters","testPassword","2026-08-20","passed","2026-08-20","","","",""
"","93","calls getAssetGroupTags for topTagId","DetailsRoot","2026-08-20","passed","2026-08-20","","","",""
"Test cases for TestTenantRoles","0","TestTenantRoles","","2026-08-20","passed","2026-08-20","","Go Test","github.com/specterops/bloodhound/packages/go/analysis/azure/TestTenantRoles","TestTenantRoles"
"Test cases for TestResources_ListAssetGroupMembers","5","TestResources_ListAssetGroupMembers","","2026-08-20","passed","2026-08-20","","Go Test","github.com/specterops/bloodhound/cmd/api/src/api/v2/TestResources_ListAssetGroupMembers","TestResources_ListAssetGroupMembers"
"Test cases for TestEncodingInterface","0","TestEncodingInterface","","2026-08-20","passed","2026-08-20","","Go Test","github.com/specterops/bloodhound/packages/go/bomenc/TestEncodingInterface","TestEncodingInterface"
"","74","calls onSort when clicked with a tooltip","ColumnHeaders","2026-08-20","passed","2026-08-20","","SortableHeader with Tooltip","",""
"Test cases for TestManagementResource_ListPermissions_SortingError","0","TestManagementResource_ListPermissions_SortingError","","2026-08-20","passed","2026-08-20","","Go Test","github.com/specterops/bloodhound/cmd/api/src/api/v2/auth/TestManagementResource_ListPermissions_SortingError","TestManagementResource_ListPermissions_SortingError"
"","3","stores a number value in localStorage","useLocalStorage","2026-08-20","passed","2026-08-20","","setValue","",""
"","82","should hide Environmental Targeted Access Control panel when showEnvironmentAccessControls prop is false","CreateUserForm","2026-08-20","passed","2026-08-20","","","",""
"","910","renders the form for editing an existing rule","Rule Form","2026-08-20","passed","2026-08-20","","","",""
"Test cases for TestKindInfo_Validation","10","TestKindInfo_Validation","","2026-08-20","passed","2026-08-20","","Go Test","github.com/specterops/bloodhound/cmd/api/src/model/TestKindInfo_Validation","TestKindInfo_Validation"
"Test cases for TestFloatValueOrZero","0","TestFloatValueOrZero","","2026-08-20","passed","2026-08-20","","Go Test","github.com/specterops/bloodhound/cmd/api/src/database/types/null/TestFloatValueOrZero","TestFloatValueOrZero"
"","253","renders only the JSON action when no additional actions are supplied","GraphControls","2026-08-20","passed","2026-08-20","","Exporting json","",""
"","288","sets a primarySearch=id and searchType=pathfinding when secondarySearch is truthy","ContextMenu","2026-08-20","passed","2026-08-20","","","",""
"Test cases for TestDomainSelectors_GetFilterableColumns","0","TestDomainSelectors_GetFilterableColumns","","2026-08-20","passed","2026-08-20","","Go Test","github.com/specterops/bloodhound/cmd/api/src/model/TestDomainSelectors_GetFilterableColumns","TestDomainSelectors_GetFilterableColumns"
"Test cases for TestResources_UpdateAssetGroupSelectors_SuccessOwned","0","TestResources_UpdateAssetGroupSelectors_SuccessOwned","","2026-08-20","passed","2026-08-20","","Go Test","github.com/specterops/bloodhound/cmd/api/src/api/v2/TestResources_UpdateAssetGroupSelectors_SuccessOwned","TestResources_UpdateAssetGroupSelectors_SuccessOwned"
"Test cases for TestBHCEStaticHandler","26","TestBHCEStaticHandler","","2026-08-20","passed","2026-08-20","","Go Test","github.com/specterops/bloodhound/cmd/api/src/api/static/TestBHCEStaticHandler","TestBHCEStaticHandler"
"Test cases for TestManagementResource_UpdateOIDCProvider","1","TestManagementResource_UpdateOIDCProvider","","2026-08-20","passed","2026-08-20","","Go Test","github.com/specterops/bloodhound/cmd/api/src/api/v2/auth/TestManagementResource_UpdateOIDCProvider","TestManagementResource_UpdateOIDCProvider"
"Test cases for TestParseKind","0","TestParseKind","","2026-08-20","passed","2026-08-20","","Go Test","github.com/specterops/bloodhound/packages/go/ein/TestParseKind","TestParseKind"
"","744","should hide Environmental Targeted Access Control panel when showEnvironmentAccessControls prop is true and admin role is selected","UpdateUserForm","2026-08-20","passed","2026-08-20","","","",""
"Test cases for TestChangeCache","1","TestChangeCache","","2026-08-20","passed","2026-08-20","","Go Test","github.com/specterops/bloodhound/cmd/api/src/daemons/changelog/TestChangeCache","TestChangeCache"
"","596","should not call onSubmit when expired password is not supplied when reset password button clicked","PasswordResetForm","2026-08-20","passed","2026-08-20","","","",""
"","73","renders multiple items with test-ids","KindInfoItems","2026-08-20","passed","2026-08-20","","","",""
"Test cases for TestFoldr","0","TestFoldr","","2026-08-20","passed","2026-08-20","","Go Test","github.com/specterops/bloodhound/packages/go/slicesext/TestFoldr","TestFoldr"
"","1","Edge is created with correct structure including points array","copySigmaEdgesToGraphlibGraph","2026-08-20","passed","2026-08-20","","","",""
"","1","passes ruleType through optionalParams with empty object","handleError","2026-08-20","passed","2026-08-20","","","",""
"","65","calls openSAMLProviderDialog when create provider button is clicked","CreateMenu","2026-08-20","passed","2026-08-20","","oidc_support feature flag disabled","",""
"","238","should render","SSOProviderTable","2026-08-20","passed","2026-08-20","","","",""
"TestRegister_RoutesRequireAuthentication dispatches real unauthenticatedrequests through the wired router to verify that every registered graphdbroute is guarded by authentication middleware. If the route wireup everloses RequirePermissions(), this test will fail.","0","TestRegister_RoutesRequireAuthentication","","2026-08-20","passed","2026-08-20","","Go Test","github.com/specterops/bloodhound/server/graphdb/internal/routes/TestRegister_RoutesRequireAuthentication","TestRegister_RoutesRequireAuthentication"
"","772","should render an update user form","UpdateUserDialog","2026-08-20","passed","2026-08-20","","","",""
"","0","Empty input is provided","parseKeywordAndTypeValue","2026-08-20","passed","2026-08-20","","","",""
"Test cases for TestOverwriteQueryParamIfHeaderAndParamExist","2","TestOverwriteQueryParamIfHeaderAndParamExist","","2026-08-20","passed","2026-08-20","","Go Test","github.com/specterops/bloodhound/cmd/api/src/utils/test/TestOverwriteQueryParamIfHeaderAndParamExist","TestOverwriteQueryParamIfHeaderAndParamExist"
"","35","should highlight main nav route when navigating to child route","Main Nav Route Highlighting","2026-08-20","passed","2026-08-20","","","",""
"Test cases for TestSIDSuffix_PrependPrefix","0","TestSIDSuffix_PrependPrefix","","2026-08-20","passed","2026-08-20","","Go Test","github.com/specterops/bloodhound/packages/go/analysis/ad/wellknown/TestSIDSuffix_PrependPrefix","TestSIDSuffix_PrependPrefix"
"Test cases for TestResources_UpdateSavedQuery_NoQueryMatch","0","TestResources_UpdateSavedQuery_NoQueryMatch","","2026-08-20","passed","2026-08-20","","Go Test","github.com/specterops/bloodhound/cmd/api/src/api/v2/TestResources_UpdateSavedQuery_NoQueryMatch","TestResources_UpdateSavedQuery_NoQueryMatch"
"","4","uses sequentialLayout by default","Explore utils","2026-08-20","passed","2026-08-20","","initGraph","",""
"","1001","clicking checkbox will remove error if present","DatabaseManagement","2026-08-20","passed","2026-08-20","","","",""
"Test cases for TestTracker_HasEdge_And_DeletedEdges","0","TestTracker_HasEdge_And_DeletedEdges","","2026-08-20","passed","2026-08-20","","Go Test","github.com/specterops/bloodhound/packages/go/analysis/post/TestTracker_HasEdge_And_DeletedEdges","TestTracker_HasEdge_And_DeletedEdges"
"Test cases for TestBoolPointer","1","TestBoolPointer","","2026-08-20","passed","2026-08-20","","Go Test","github.com/specterops/bloodhound/cmd/api/src/database/types/null/TestBoolPointer","TestBoolPointer"
"Test cases for TestParseLimitQueryParameter_Invalid","0","TestParseLimitQueryParameter_Invalid","","2026-08-20","passed","2026-08-20","","Go Test","github.com/specterops/bloodhound/cmd/api/src/api/v2/TestParseLimitQueryParameter_Invalid","TestParseLimitQueryParameter_Invalid"
"Test cases for TestManagementResource_ListUsers_InvalidColumn","4","TestManagementResource_ListUsers_InvalidColumn","","2026-08-20","passed","2026-08-20","","Go Test","github.com/specterops/bloodhound/cmd/api/src/api/v2/auth/TestManagementResource_ListUsers_InvalidColumn","TestManagementResource_ListUsers_InvalidColumn"
"","98","shows the Automatic Certification label and the zone-level disabled message","BasicInfo","2026-08-20","passed","2026-08-20","","when isCertificationDisabledOnZoneLevel is false","",""
"","427","toggles parent from all to none","GraphDataCheckboxes","2026-08-20","passed","2026-08-20","","","",""
"","17","should handle special characters","HighlightedText","2026-08-20","passed","2026-08-20","","","",""
"Test cases for TestEncodingEquality","0","TestEncodingEquality","","2026-08-20","passed","2026-08-20","","Go Test","github.com/specterops/bloodhound/packages/go/bomenc/TestEncodingEquality","TestEncodingEquality"
"Test cases for TestOrphanFileSweeper_ClearLegacyLocalIngestFilesRemovesOrphanDirectoriesIfOld","18","TestOrphanFileSweeper_ClearLegacyLocalIngestFilesRemovesOrphanDirectoriesIfOld","","2026-08-20","passed","2026-08-20","","Go Test","github.com/specterops/bloodhound/cmd/api/src/daemons/datapipe/TestOrphanFileSweeper_ClearLegacyLocalIngestFilesRemovesOrphanDirectoriesIfOld","TestOrphanFileSweeper_ClearLegacyLocalIngestFilesRemovesOrphanDirectoriesIfOld"
"","39","the queries in the list only include nodes and edges that are defined in our schema","common search list","2026-08-20","passed","2026-08-20","","","",""
"","12","clears an ascending sort when sorting the same column","useSortParams","2026-08-20","passed","2026-08-20","","","",""
"","116","should render action list item that handles a function","MainNav","2026-08-20","passed","2026-08-20","","","",""
"","407","renders no asset group edit options without graph write permissions","ContextMenu","2026-08-20","passed","2026-08-20","","","",""
"Test cases for TestIngestControl_DisableIngestFileRetention","19","TestIngestControl_DisableIngestFileRetention","","2026-08-20","passed","2026-08-20","","Go Test","github.com/specterops/bloodhound/cmd/api/src/api/tools/TestIngestControl_DisableIngestFileRetention","TestIngestControl_DisableIngestFileRetention"
"","14","sets autoDisplayTable to false if query type is node","useExploreTableAutoDisplay","2026-08-20","passed","2026-08-20","","","",""
"","315","renders","EarlyAccessFeaturesWarningDialog","2026-08-20","passed","2026-08-20","","","",""
"","893","clears input when dialog is closed and reopened","ActiveExtensionsCard","2026-08-20","passed","2026-08-20","","","",""
"","0","combines platform and collected filters","filterAndSearchEnvironments","2026-08-20","passed","2026-08-20","","combined filters","",""
"Test cases for TestWriteInternalServerError","0","TestWriteInternalServerError","","2026-08-20","passed","2026-08-20","","Go Test","github.com/specterops/bloodhound/packages/go/responses/TestWriteInternalServerError","TestWriteInternalServerError"
"Test cases for TestResources_UpdateSavedQuery_NotAUserAuth","0","TestResources_UpdateSavedQuery_NotAUserAuth","","2026-08-20","passed","2026-08-20","","Go Test","github.com/specterops/bloodhound/cmd/api/src/api/v2/TestResources_UpdateSavedQuery_NotAUserAuth","TestResources_UpdateSavedQuery_NotAUserAuth"
"Test cases for TestManagementResource_ListAuthTokens_Filtered","0","TestManagementResource_ListAuthTokens_Filtered","","2026-08-20","passed","2026-08-20","","Go Test","github.com/specterops/bloodhound/cmd/api/src/api/v2/auth/TestManagementResource_ListAuthTokens_Filtered","TestManagementResource_ListAuthTokens_Filtered"
"","47","renders a button when actor is not BloodHoundString and note exists","NoteCell component","2026-08-20","passed","2026-08-20","","","",""
"Test cases for TestStringPointer","0","TestStringPointer","","2026-08-20","passed","2026-08-20","","Go Test","github.com/specterops/bloodhound/cmd/api/src/database/types/null/TestStringPointer","TestStringPointer"
"","256","should not call onSubmit when input is invalid and Submit button is clicked","UpsertSAMLProviderForm","2026-08-20","passed","2026-08-20","","","",""
"Test cases for TestFilterStructSlice","0","TestFilterStructSlice","","2026-08-20","passed","2026-08-20","","Go Test","github.com/specterops/bloodhound/cmd/api/src/api/TestFilterStructSlice","TestFilterStructSlice"
"Test cases for TestResources_GetCertTemplateEntityInfo","251","TestResources_GetCertTemplateEntityInfo","","2026-08-20","passed","2026-08-20","","Go Test","github.com/specterops/bloodhound/cmd/api/src/api/v2/TestResources_GetCertTemplateEntityInfo","TestResources_GetCertTemplateEntityInfo"
"","209","does not highlight the table option when isExploreTableSelected is true but isExploreLayoutSelected is false","GraphControls","2026-08-20","passed","2026-08-20","","Table view selection state","",""
"Test cases for Test_parseInfoPayload","10","Test_parseInfoPayload","","2026-08-20","passed","2026-08-20","","Go Test","github.com/specterops/bloodhound/cmd/api/src/model/Test_parseInfoPayload","Test_parseInfoPayload"
"","14","when there is no ID in the URL and no tags available, no ID is returned (it is undefined)","usePZQueryParams","2026-08-20","passed","2026-08-20","","","",""
"","714","should render a create user form","CreateUserDialog","2026-08-20","passed","2026-08-20","","","",""
"Test cases for TestGenerateTOTPSecret","0","TestGenerateTOTPSecret","","2026-08-20","passed","2026-08-20","","Go Test","github.com/specterops/bloodhound/cmd/api/src/auth/TestGenerateTOTPSecret","TestGenerateTOTPSecret"
"","1","handles unix time values by converting them to our standard date display format","Formatting number properties","2026-08-20","passed","2026-08-20","","","",""
"","0","returns undefined if graphData is undefined or not a GraphResponse","getExploreTableData","2026-08-20","passed","2026-08-20","","","",""
"Test cases for TestCache_FillFifo","0","TestCache_FillFifo","","2026-08-20","passed","2026-08-20","","Go Test","github.com/specterops/bloodhound/packages/go/cache/TestCache_FillFifo","TestCache_FillFifo"
"","0","returns an all selection when both the new value and the options are empty","getNextSelection","2026-08-20","passed","2026-08-20","","","",""
"Test cases for TestLocalStore_List","54","TestLocalStore_List","","2026-08-20","passed","2026-08-20","","Go Test","github.com/specterops/bloodhound/packages/go/storage/TestLocalStore_List","TestLocalStore_List"
"","60","indicates that filters are inactive","AssetGroupEdit","2026-08-20","passed","2026-08-20","","","",""
"","1","reports an Object ID-specific error when creating a rule and ruleType is SeedTypeObjectId and seeds are required","handleError","2026-08-20","passed","2026-08-20","","","",""
"Test cases for TestGetDataQualityAggregations_Failure","2","TestGetDataQualityAggregations_Failure","","2026-08-20","passed","2026-08-20","","Go Test","github.com/specterops/bloodhound/cmd/api/src/api/v2/TestGetDataQualityAggregations_Failure","TestGetDataQualityAggregations_Failure"
"Test cases for TestDisenrollMFA_Admin_SuccessNoPasswordSSO","925","TestDisenrollMFA_Admin_SuccessNoPasswordSSO","","2026-08-20","passed","2026-08-20","","Go Test","github.com/specterops/bloodhound/cmd/api/src/api/v2/auth/TestDisenrollMFA_Admin_SuccessNoPasswordSSO","TestDisenrollMFA_Admin_SuccessNoPasswordSSO"
"","90","displays ! icon when one of the Affected Object calls fail","EntityInfoDataTable","2026-08-20","passed","2026-08-20","","Node count for nested table that counts all sections","",""
"Test cases for TestFloatSetValid","0","TestFloatSetValid","","2026-08-20","passed","2026-08-20","","Go Test","github.com/specterops/bloodhound/cmd/api/src/database/types/null/TestFloatSetValid","TestFloatSetValid"
"Test cases for TestStore_Get","34","TestStore_Get","","2026-08-20","passed","2026-08-20","","Go Test","github.com/specterops/bloodhound/packages/go/storage/TestStore_Get","TestStore_Get"
"Test cases for TestWriteBinaryResponse","0","TestWriteBinaryResponse","","2026-08-20","passed","2026-08-20","","Go Test","github.com/specterops/bloodhound/cmd/api/src/api/TestWriteBinaryResponse","TestWriteBinaryResponse"
"TestRegister verifies that routes.Register binds the GET /api/v2/relationships/{id}endpoint to the gorilla/mux router so that matching requests are dispatched correctly.","1","TestRegister","","2026-08-20","passed","2026-08-20","","Go Test","github.com/specterops/bloodhound/server/graphdb/internal/routes/TestRegister","TestRegister"
"","1942","should remove the option from the changelog when the corresponding button is clicked","AssetGroupEdit","2026-08-20","passed","2026-08-20","","","",""
"","32","renders nothing when the response contains no stats","OpenGraphInfo","2026-08-20","passed","2026-08-20","","","",""
"","76","should display the ETAC role-based filtering badge when filtering is enabled","Zone Management","2026-08-20","passed","2026-08-20","","","",""
"","0","handles only escapable characters","escapeCypherString","2026-08-20","passed","2026-08-20","","","",""
"Test cases for TestMaybeSubmitRelationshipUpdate","0","TestMaybeSubmitRelationshipUpdate","","2026-08-20","passed","2026-08-20","","Go Test","github.com/specterops/bloodhound/cmd/api/src/services/graphify/TestMaybeSubmitRelationshipUpdate","TestMaybeSubmitRelationshipUpdate"
"","1","should compute coordinates along a quadratic bezier curve for a given t value","bezier","2026-08-20","passed","2026-08-20","","","",""
"Test cases for TestIngestionCoordinator_FlushBuffer","1","TestIngestionCoordinator_FlushBuffer","","2026-08-20","passed","2026-08-20","","Go Test","github.com/specterops/bloodhound/cmd/api/src/daemons/changelog/TestIngestionCoordinator_FlushBuffer","TestIngestionCoordinator_FlushBuffer"
"","0","takes setSearchParams and availableParams returns a function","searchParams","2026-08-20","passed","2026-08-20","","setParamsFactory","",""
"Test cases for Test_parseRelationshipKindsParam","0","Test_parseRelationshipKindsParam","","2026-08-20","passed","2026-08-20","","Go Test","github.com/specterops/bloodhound/cmd/api/src/api/v2/Test_parseRelationshipKindsParam","Test_parseRelationshipKindsParam"
"","0","returns false if value is +0","searchParams","2026-08-20","passed","2026-08-20","","isEmptyParam","",""
"","413","toggles a nested graph data option off","GraphDataCheckboxes","2026-08-20","passed","2026-08-20","","","",""
"Test cases for TestUpload_WriteAndValidateFile","4","TestUpload_WriteAndValidateFile","","2026-08-20","passed","2026-08-20","","Go Test","github.com/specterops/bloodhound/cmd/api/src/services/upload/TestUpload_WriteAndValidateFile","TestUpload_WriteAndValidateFile"
"Test cases for TestStore_GetTierZeroTag","1","TestStore_GetTierZeroTag","","2026-08-20","passed","2026-08-20","","Go Test","github.com/specterops/bloodhound/server/assetgrouptags/internal/appdb/TestStore_GetTierZeroTag","TestStore_GetTierZeroTag"
"Test cases for TestNewStrictNamedArrayArgs","1","TestNewStrictNamedArrayArgs","","2026-08-20","passed","2026-08-20","","Go Test","github.com/specterops/bloodhound/cmd/api/src/database/TestNewStrictNamedArrayArgs","TestNewStrictNamedArrayArgs"
"","13","should render when search string is in the middle of the text","HighlightedText","2026-08-20","passed","2026-08-20","","","",""
"","2818","resets skip to 0 when filters change so rows are visible on the new result set","FileIngestTable","2026-08-20","passed","2026-08-20","","pagination reset","",""
"","480","navigates to object details when clicking an object row","ObjectsAccordion","2026-08-20","passed","2026-08-20","","","",""
"","193","opens the dialog when the button is clicked","SchemaUploadDialog","2026-08-20","passed","2026-08-20","","","",""
"Test cases for TestOpenGraphSchemaService_DeleteExtension","1","TestOpenGraphSchemaService_DeleteExtension","","2026-08-20","passed","2026-08-20","","Go Test","github.com/specterops/bloodhound/cmd/api/src/services/opengraphschema/TestOpenGraphSchemaService_DeleteExtension","TestOpenGraphSchemaService_DeleteExtension"
"","0","should handle an entity that has an empty name property","Evaluating the entity display name from a given entity","2026-08-20","passed","2026-08-20","","","",""
"Test cases for TestResources_ListAuditLogs_InvalidPredicate","0","TestResources_ListAuditLogs_InvalidPredicate","","2026-08-20","passed","2026-08-20","","Go Test","github.com/specterops/bloodhound/cmd/api/src/api/v2/TestResources_ListAuditLogs_InvalidPredicate","TestResources_ListAuditLogs_InvalidPredicate"
"","0","returns default error message for unknown API messages","getErrorMessage","2026-08-20","passed","2026-08-20","","","",""
"","1","pwdlastset","Handling value formatting for Active Directory entity properties lastlogon, lastlogontimestamp, whencreated, and pwdlastset","2026-08-20","passed","2026-08-20","","","",""
"Test cases for TestStorageFileService_DeleteFile_PreservesEmptyParent","14","TestStorageFileService_DeleteFile_PreservesEmptyParent","","2026-08-20","passed","2026-08-20","","Go Test","github.com/specterops/bloodhound/packages/go/storage/TestStorageFileService_DeleteFile_PreservesEmptyParent","TestStorageFileService_DeleteFile_PreservesEmptyParent"
"","1215","renders","DatabaseManagement","2026-08-20","passed","2026-08-20","","","",""
"","1049","shows matching tooltips on hover and keyboard focus","GraphControls","2026-08-20","passed","2026-08-20","","Accessible icon controls","",""
"TestRegister_RoutesRequireAuthentication dispatches real unauthenticated requeststhrough the wired router to verify that the registered routes are guarded byauthentication middleware. If the route wireup ever loses RequirePermissions,this test will fail.","0","TestRegister_RoutesRequireAuthentication","","2026-08-20","passed","2026-08-20","","Go Test","github.com/specterops/bloodhound/server/identity/internal/routes/TestRegister_RoutesRequireAuthentication","TestRegister_RoutesRequireAuthentication"
"","1128","Explore URL Accounts for irregular characters in cypher query","Rule Form","2026-08-20","passed","2026-08-20","","","",""
"","14","does not call onSort when disable=true","ColumnHeaders","2026-08-20","passed","2026-08-20","","SortableHeader","",""
"","9","removes both filter parameters when setting the configured default selection","useMultiValueFilterParams","2026-08-20","passed","2026-08-20","","","",""
"","1068","should call onSave when Save button is clicked and form input is valid","CreateUserDialog","2026-08-20","passed","2026-08-20","","","",""
"Test cases for TestWriteAndValidateJSON_NormalizationError","0","TestWriteAndValidateJSON_NormalizationError","","2026-08-20","passed","2026-08-20","","Go Test","github.com/specterops/bloodhound/cmd/api/src/services/upload/TestWriteAndValidateJSON_NormalizationError","TestWriteAndValidateJSON_NormalizationError"
"Test cases for TestStore_GetExtension","0","TestStore_GetExtension","","2026-08-20","passed","2026-08-20","","Go Test","github.com/specterops/bloodhound/server/extensions/internal/appdb/TestStore_GetExtension","TestStore_GetExtension"
"","272","restores focus to the search button after the panel closes","GraphControls","2026-08-20","passed","2026-08-20","","Searching current results","",""
"Test cases for TestReconcile","1","TestReconcile","","2026-08-20","passed","2026-08-20","","Go Test","github.com/specterops/bloodhound/cmd/api/src/database/TestReconcile","TestReconcile"
"Test cases for TestIntFrom","0","TestIntFrom","","2026-08-20","passed","2026-08-20","","Go Test","github.com/specterops/bloodhound/cmd/api/src/database/types/null/TestIntFrom","TestIntFrom"
"","1","returns undefined for headers when db config timeout limit setting is enabled and state of is disable query limit is true","useExploreGraph","2026-08-20","passed","2026-08-20","userSettings","exploreGraphQueryFactory","",""
"","105","renders the title as a visible h1 heading","PageWithTitle","2026-08-20","passed","2026-08-20","","","",""
"Test cases for TestResources_CreateSavedQuery_EmptyBody","0","TestResources_CreateSavedQuery_EmptyBody","","2026-08-20","passed","2026-08-20","","Go Test","github.com/specterops/bloodhound/cmd/api/src/api/v2/TestResources_CreateSavedQuery_EmptyBody","TestResources_CreateSavedQuery_EmptyBody"
"Test cases for Test_validateGraphExtension","1","Test_validateGraphExtension","","2026-08-20","passed","2026-08-20","","Go Test","github.com/specterops/bloodhound/cmd/api/src/model/Test_validateGraphExtension","Test_validateGraphExtension"
"","0","combines collected and risk filters","filterAndSearchEnvironments","2026-08-20","passed","2026-08-20","","combined filters","",""
"Test cases for TestBuildSQLFilter","1","TestBuildSQLFilter","","2026-08-20","passed","2026-08-20","","Go Test","github.com/specterops/bloodhound/cmd/api/src/model/TestBuildSQLFilter","TestBuildSQLFilter"
"","36","returns Rule Object counts when there is a Tag and a Rule selected (tagId and ruleId are in path params)","useObjectCounts","2026-08-20","passed","2026-08-20","","","",""
"","76","returns true when nodes are available","useGraphHasData","2026-08-20","passed","2026-08-20","","","",""
"","0","returns a none selection when no options are selected","getNextSelection","2026-08-20","passed","2026-08-20","","","",""
"TestRegister verifies that routes.Register binds the GET /api/v2/node-kinds/{id}endpoint to the gorilla/mux router so that matching requests are dispatched correctly.","0","TestRegister","","2026-08-20","passed","2026-08-20","","Go Test","github.com/specterops/bloodhound/server/extensions/internal/routes/TestRegister","TestRegister"
"Test cases for TestGetMFAActivationStatus_Success","0","TestGetMFAActivationStatus_Success","","2026-08-20","passed","2026-08-20","","Go Test","github.com/specterops/bloodhound/cmd/api/src/api/v2/auth/TestGetMFAActivationStatus_Success","TestGetMFAActivationStatus_Success"
"","432","On successful upload, displays a completion of 100% and adds a ""Complete"" button that closes the dialog","SchemaUploadDialog","2026-08-20","passed","2026-08-20","","","",""
"","39","calls getKey for each item (stable keys hook)","<DetailsAccordion />","2026-08-20","passed","2026-08-20","","","",""
"","3","returns default empty labels and relationshipTypes when called with no arguments","graphSchema","2026-08-20","passed","2026-08-20","","","",""
"Test cases for TestResources_GetSearchResult","0","TestResources_GetSearchResult","","2026-08-20","passed","2026-08-20","","Go Test","github.com/specterops/bloodhound/cmd/api/src/api/v2/TestResources_GetSearchResult","TestResources_GetSearchResult"
"","0","fails for empty password","testPassword","2026-08-20","passed","2026-08-20","","","",""
"","12","displays CaretDownOutline icon when the sortOrder is undefined","ColumnHeaders","2026-08-20","passed","2026-08-20","","SortableHeader","",""
"","18","sets autoDisplayTable to false if query type is relationship","useExploreTableAutoDisplay","2026-08-20","passed","2026-08-20","","","",""
"","228","dispatches an action to the delete the associated node","Rule Object Select","2026-08-20","passed","2026-08-20","","","",""
"","5","removes key from state","useObjectState","2026-08-20","passed","2026-08-20","","","",""
"Test cases for TestTimeSetValid","0","TestTimeSetValid","","2026-08-20","passed","2026-08-20","","Go Test","github.com/specterops/bloodhound/cmd/api/src/database/types/null/TestTimeSetValid","TestTimeSetValid"
"Test cases for TestDeduplicateKinds","0","TestDeduplicateKinds","","2026-08-20","passed","2026-08-20","","Go Test","github.com/specterops/bloodhound/cmd/api/src/services/graphify/TestDeduplicateKinds","TestDeduplicateKinds"
"Test cases for TestStore_GetAssetGroupTagByID","1","TestStore_GetAssetGroupTagByID","","2026-08-20","passed","2026-08-20","","Go Test","github.com/specterops/bloodhound/server/assetgrouptags/internal/appdb/TestStore_GetAssetGroupTagByID","TestStore_GetAssetGroupTagByID"
"","0","returns empty array when environments is undefined","filterAndSearchEnvironments","2026-08-20","passed","2026-08-20","","with empty environments","",""
"Test cases for TestMarkdownValidator_Render","4","TestMarkdownValidator_Render","","2026-08-20","passed","2026-08-20","","Go Test","github.com/specterops/bloodhound/cmd/api/src/services/opengraphschema/TestMarkdownValidator_Render","TestMarkdownValidator_Render"
"","117","Verify Vault Reader count is the count returned by All Readers","EntityInfoDataTable","2026-08-20","passed","2026-08-20","","Node count for Vault Readers nested table","",""
"","638","shows a tooltip on hover, defaulting to the label when no tooltip is provided","GraphMenu","2026-08-20","passed","2026-08-20","","","",""
"Test cases for TestWriteResponseWrapperWithTimeWindowAndPagination","0","TestWriteResponseWrapperWithTimeWindowAndPagination","","2026-08-20","passed","2026-08-20","","Go Test","github.com/specterops/bloodhound/cmd/api/src/api/TestWriteResponseWrapperWithTimeWindowAndPagination","TestWriteResponseWrapperWithTimeWindowAndPagination"
"Test cases for Test_UseFixture","0","Test_UseFixture","","2026-08-20","passed","2026-08-20","","Go Test","github.com/specterops/bloodhound/packages/go/lab/Test_UseFixture","Test_UseFixture"
"Test cases for TestQueries_BuildEntityQueryParams_MissingObjectID","0","TestQueries_BuildEntityQueryParams_MissingObjectID","","2026-08-20","passed","2026-08-20","","Go Test","github.com/specterops/bloodhound/cmd/api/src/queries/TestQueries_BuildEntityQueryParams_MissingObjectID","TestQueries_BuildEntityQueryParams_MissingObjectID"
"Test cases for TestMap","0","TestMap","","2026-08-20","passed","2026-08-20","","Go Test","github.com/specterops/bloodhound/packages/go/slicesext/TestMap","TestMap"
"","177","should disable the create provider button if the user lacks AUTH_MANAGE_PROVIDERS permission","SSOConfiguration","2026-08-20","passed","2026-08-20","","","",""
"","178","renders","EarlyAccessFeatureToggle","2026-08-20","passed","2026-08-20","","","",""
"","14","upon performing a search, updates the url params with the base64-encoded current query and sets searchType to 'cypher'","useCypherSearch","2026-08-20","passed","2026-08-20","","","",""
"Test cases for TestParseConfiguration_Storage","0","TestParseConfiguration_Storage","","2026-08-20","passed","2026-08-20","","Go Test","github.com/specterops/bloodhound/cmd/api/src/config/TestParseConfiguration_Storage","TestParseConfiguration_Storage"
"Test cases for TestResources_ListADEntityControllers","0","TestResources_ListADEntityControllers","","2026-08-20","passed","2026-08-20","","Go Test","github.com/specterops/bloodhound/cmd/api/src/api/v2/TestResources_ListADEntityControllers","TestResources_ListADEntityControllers"
"","114","should display an error when error prop is truthy","SaveQueryDialog","2026-08-20","passed","2026-08-20","","","",""
"","551","should focus the metadata control when metadata is the first invalid field","UpsertSAMLProviderForm","2026-08-20","passed","2026-08-20","","","",""
"","26","renders details for a selected rule and is of type ""Object""","DynamicDetails","2026-08-20","passed","2026-08-20","","","",""
"","3","The data is loading","Getting the text for the disabled item display for a search when there are no results","2026-08-20","passed","2026-08-20","","Loading states","",""
"Test cases for TestConvertGenericNode","0","TestConvertGenericNode","","2026-08-20","passed","2026-08-20","","Go Test","github.com/specterops/bloodhound/cmd/api/src/services/graphify/TestConvertGenericNode","TestConvertGenericNode"
"Test cases for TestStorageFileService_MoveFile","38","TestStorageFileService_MoveFile","","2026-08-20","passed","2026-08-20","","Go Test","github.com/specterops/bloodhound/packages/go/storage/TestStorageFileService_MoveFile","TestStorageFileService_MoveFile"
"Test cases for TestCacheEntryDigester_DigestEndpoint_DefaultObjectID","0","TestCacheEntryDigester_DigestEndpoint_DefaultObjectID","","2026-08-20","passed","2026-08-20","","Go Test","github.com/specterops/bloodhound/cmd/api/src/services/graphify/endpoint/TestCacheEntryDigester_DigestEndpoint_DefaultObjectID","TestCacheEntryDigester_DigestEndpoint_DefaultObjectID"
"","12","returns azure environmentInfo when environmentAggregation param is azure","useAvailableEnvironments","2026-08-20","passed","2026-08-20","","useSelectedEnvironment","",""
"Test cases for TestSetValue","1","TestSetValue","","2026-08-20","passed","2026-08-20","","Go Test","github.com/specterops/bloodhound/cmd/api/src/config/TestSetValue","TestSetValue"
"","2","stores an array value in localStorage","useLocalStorage","2026-08-20","passed","2026-08-20","","setValue","",""
"","37","initializes with the given state","useObjectState","2026-08-20","passed","2026-08-20","","","",""
"Test cases for TestWriteAndValidateJSON","11","TestWriteAndValidateJSON","","2026-08-20","passed","2026-08-20","","Go Test","github.com/specterops/bloodhound/cmd/api/src/services/upload/TestWriteAndValidateJSON","TestWriteAndValidateJSON"
"","283","calls onResetColumnSize when ""Reset Size"" is clicked","ManageColumnsComboBox","2026-08-20","passed","2026-08-20","","","",""
"","18","should recognize active directory properties","validating a node property against the shared generated schema","2026-08-20","passed","2026-08-20","","","",""
"","354","should render a SaveQueryDialog","SaveQueryDialog","2026-08-20","passed","2026-08-20","","","",""
"","22","the ID value reflects the URL when it is available","usePZQueryParams","2026-08-20","passed","2026-08-20","","","",""
"Test cases for TestResources_ListADCSEscalations","3","TestResources_ListADCSEscalations","","2026-08-20","passed","2026-08-20","","Go Test","github.com/specterops/bloodhound/cmd/api/src/api/v2/TestResources_ListADCSEscalations","TestResources_ListADCSEscalations"
"","2","determines glyphs with the tier_managent_engine feature flag disabled","getNodeGlyphs","2026-08-20","passed","2026-08-20","","","",""
"Test cases for TestToolContainer_GetScheduledAnalysisConfiguration","1","TestToolContainer_GetScheduledAnalysisConfiguration","","2026-08-20","passed","2026-08-20","","Go Test","github.com/specterops/bloodhound/cmd/api/src/api/tools/TestToolContainer_GetScheduledAnalysisConfiguration","TestToolContainer_GetScheduledAnalysisConfiguration"
"Test cases for TestMergeNodeKinds","0","TestMergeNodeKinds","","2026-08-20","passed","2026-08-20","","Go Test","github.com/specterops/bloodhound/cmd/api/src/services/graphify/TestMergeNodeKinds","TestMergeNodeKinds"
"Test cases for TestAssetGroupMembers_Filter_Equals","0","TestAssetGroupMembers_Filter_Equals","","2026-08-20","passed","2026-08-20","","Go Test","github.com/specterops/bloodhound/cmd/api/src/api/TestAssetGroupMembers_Filter_Equals","TestAssetGroupMembers_Filter_Equals"
"TestRegister_WiresFeatureRoutes verifies that the composition root correctlyattaches the feature module routes to the shared router. Matching arepresentative route from each module proves that Register successfullydelegated to the feature modules.","0","TestRegister_WiresFeatureModuleRoutes","","2026-08-20","passed","2026-08-20","","Go Test","github.com/specterops/bloodhound/server/modules/TestRegister_WiresFeatureModuleRoutes","TestRegister_WiresFeatureModuleRoutes"
"","7","displays lastlogon cell as NEVER when the value is -1","ExploreTableDataCell","2026-08-20","passed","2026-08-20","","","",""
"","16","does not fetch when no id is provided","useGetRelationshipById","2026-08-20","passed","2026-08-20","","","",""
"Test cases for TestIsValidContentTypeForUpload","0","TestIsValidContentTypeForUpload","","2026-08-20","passed","2026-08-20","","Go Test","github.com/specterops/bloodhound/cmd/api/src/api/v2/TestIsValidContentTypeForUpload","TestIsValidContentTypeForUpload"
"","2","lastlogon, lastlogontimestamp","Handling value formatting for Active Directory entity properties lastlogon, lastlogontimestamp, whencreated, and pwdlastset","2026-08-20","passed","2026-08-20","","","",""
"Test cases for TestInt64Scan","0","TestInt64Scan","","2026-08-20","passed","2026-08-20","","Go Test","github.com/specterops/bloodhound/cmd/api/src/database/types/null/TestInt64Scan","TestInt64Scan"
"","2133","""Columns"" button allows user to edit column settings","ExploreTable","2026-08-20","passed","2026-08-20","","","",""
"","138","if a hint is given, it show date placeholder on focus, restores hint on blur","ManagedDatePicker - placeholders","2026-08-20","passed","2026-08-20","","","",""
"","440","should show open graph environment options when the feature flag is enabled","Open Graph feature flag","2026-08-20","passed","2026-08-20","","","",""
"Test cases for TestResources_ListADGPOAffectedTierZero","0","TestResources_ListADGPOAffectedTierZero","","2026-08-20","passed","2026-08-20","","Go Test","github.com/specterops/bloodhound/cmd/api/src/api/v2/TestResources_ListADGPOAffectedTierZero","TestResources_ListADGPOAffectedTierZero"
"","69","fetches relationship data when itemId has the rel_ prefix","useGraphItem","2026-08-20","passed","2026-08-20","","","",""
"Test cases for TestAuditLogin_UserNotFound","0","TestAuditLogin_UserNotFound","","2026-08-20","passed","2026-08-20","","Go Test","github.com/specterops/bloodhound/cmd/api/src/api/TestAuditLogin_UserNotFound","TestAuditLogin_UserNotFound"
"","2","treats a missing key as null when computing the next value","useLocalStorage","2026-08-20","passed","2026-08-20","","functional updater","",""
"Test cases for TestFillAndPopulateDefaultAdminInfo","0","TestFillAndPopulateDefaultAdminInfo","","2026-08-20","passed","2026-08-20","","Go Test","github.com/specterops/bloodhound/cmd/api/src/bootstrap/TestFillAndPopulateDefaultAdminInfo","TestFillAndPopulateDefaultAdminInfo"
"","174","renders with a title","BloodHoundConfiguration","2026-08-20","passed","2026-08-20","","","",""
"","356","calls onLayoutChange with the same layout when the currently selected option is clicked, enabling de-selection","GraphControls","2026-08-20","passed","2026-08-20","","Selecting a layout","",""
"","115","renders the glyph form input when the editing a zone that is not the highest privileged","Tag Form","2026-08-20","passed","2026-08-20","","","",""
"Test cases for TestManagementResource_CreateSAMLProviderMultipart","13","TestManagementResource_CreateSAMLProviderMultipart","","2026-08-20","passed","2026-08-20","","Go Test","github.com/specterops/bloodhound/cmd/api/src/api/v2/auth/TestManagementResource_CreateSAMLProviderMultipart","TestManagementResource_CreateSAMLProviderMultipart"
"Test cases for TestBuildSQLSort","1","TestBuildSQLSort","","2026-08-20","passed","2026-08-20","","Go Test","github.com/specterops/bloodhound/cmd/api/src/api/TestBuildSQLSort","TestBuildSQLSort"
"Test cases for TestIntScan","0","TestIntScan","","2026-08-20","passed","2026-08-20","","Go Test","github.com/specterops/bloodhound/cmd/api/src/database/types/null/TestIntScan","TestIntScan"
"Test cases for TestMatches_FailureStatus","0","TestMatches_FailureStatus","","2026-08-20","passed","2026-08-20","","Go Test","github.com/specterops/bloodhound/cmd/api/src/model/TestMatches_FailureStatus","TestMatches_FailureStatus"
"Helper to verify that encodeAnyValue handles standard types correctly","0","TestEncodeAnyValue","","2026-08-20","passed","2026-08-20","","Go Test","github.com/specterops/bloodhound/cmd/api/src/services/graphify/endpoint/TestEncodeAnyValue","TestEncodeAnyValue"
"Test cases for TestDispatchAnalysisSteps","1","TestDispatchAnalysisSteps","","2026-08-20","passed","2026-08-20","","Go Test","github.com/specterops/bloodhound/packages/go/analysis/TestDispatchAnalysisSteps","TestDispatchAnalysisSteps"
"","70","returns the full environment of the environmentId found in the search params","useAvailableEnvironments","2026-08-20","passed","2026-08-20","","useSelectedEnvironment","",""
"Test cases for TestUrlValidator","0","TestUrlValidator","","2026-08-20","passed","2026-08-20","","Go Test","github.com/specterops/bloodhound/cmd/api/src/utils/validation/TestUrlValidator","TestUrlValidator"
"","3","returns true if value is undefined","searchParams","2026-08-20","passed","2026-08-20","","isEmptyParam","",""
"","98","shows formatted expiration date (yyyy-MM-dd) when expires_at is set","UserTokenManagementDialog - API Expiration Date column","2026-08-20","passed","2026-08-20","","","",""
"","0","returns undefined if graphData is {} or not a GraphResponse","getExploreTableData","2026-08-20","passed","2026-08-20","","","",""
"","211","shows an error state","AssetGroupMenuItem","2026-08-20","passed","2026-08-20","","","",""
"Test cases for TestManagementResource_DeleteUser_Success","1145","TestManagementResource_DeleteUser_Success","","2026-08-20","passed","2026-08-20","","Go Test","github.com/specterops/bloodhound/cmd/api/src/api/v2/auth/TestManagementResource_DeleteUser_Success","TestManagementResource_DeleteUser_Success"
"","514","toggles a source kind on with all nested graph data options","GraphDataCheckboxes","2026-08-20","passed","2026-08-20","","","",""
"Test cases for TestParseAssetGroupTagIdParams","376","TestParseAssetGroupTagIdParams","","2026-08-20","passed","2026-08-20","","Go Test","github.com/specterops/bloodhound/cmd/api/src/api/TestParseAssetGroupTagIdParams","TestParseAssetGroupTagIdParams"
"","793","dark mode should persist between logging in and out","redux store","2026-08-20","passed","2026-08-20","","","",""
"","11","removes the max width but preserves gutters when fullWidth is enabled","PageWithTitle","2026-08-20","passed","2026-08-20","","","",""
"","8","omits sections whose items are all filtered out","useSubNavRoutes","2026-08-20","passed","2026-08-20","","","",""
"","12","shows items when the flag is enabled","useSubNavRoutes","2026-08-20","passed","2026-08-20","","featureFlag gate","",""
"","73","renders the tooltip icon when tooltipText prop is passed","ColumnHeaders","2026-08-20","passed","2026-08-20","","SortableHeader with Tooltip","",""
"","163","should display ""Disable Multi-Factor Authentication"" button","Enable2FADialog","2026-08-20","passed","2026-08-20","","","",""
"Test cases for TestIngestControl_LockConflict","8","TestIngestControl_LockConflict","","2026-08-20","passed","2026-08-20","","Go Test","github.com/specterops/bloodhound/cmd/api/src/api/tools/TestIngestControl_LockConflict","TestIngestControl_LockConflict"
"Test cases for TestEncodingValues","1","TestEncodingValues","","2026-08-20","passed","2026-08-20","","Go Test","github.com/specterops/bloodhound/packages/go/bomenc/TestEncodingValues","TestEncodingValues"
"","22","renders an error fallback when flag is not found","FeatureFlag","2026-08-20","passed","2026-08-20","","","",""
"","11","renders OpenGraphPlatformInfo for an open graph platform aggregate with a kind id","getStatsComponent","2026-08-20","passed","2026-08-20","","","",""
"","61","displays a loading message while fetching extensions","ActiveExtensionsCard","2026-08-20","passed","2026-08-20","","","",""
"Test cases for TestInvalidValueError","0","TestInvalidValueError","","2026-08-20","passed","2026-08-20","","Go Test","github.com/specterops/bloodhound/packages/go/cache/TestInvalidValueError","TestInvalidValueError"
"","828","should eventually render previously configured SSO providers","SSOConfiguration","2026-08-20","passed","2026-08-20","","","",""
"","2078","search filters edges by name","Pathfinding","2026-08-20","passed","2026-08-20","","","",""
"","508","disables checkboxes by default","GraphDataCheckboxes","2026-08-20","passed","2026-08-20","","","",""
"","62","should have a .z-nav class","MainNav","2026-08-20","passed","2026-08-20","","","",""
"","172","renders with the Export and Delete buttons disabled","QuerySearchFilter","2026-08-20","passed","2026-08-20","","","",""
"","387","Close button click causes the callback function to be called","ExploreTable","2026-08-20","passed","2026-08-20","","","",""
"","114","continue button is disabled when no SSO provider has been selected","LoginViaSSOForm","2026-08-20","passed","2026-08-20","","","",""
"","410","should not call onSave when Save button is clicked and form input is invalid","CreateUserDialog","2026-08-20","passed","2026-08-20","","","",""
"Test cases for TestConvertOUToNode_InheritanceHashes","0","TestConvertOUToNode_InheritanceHashes","","2026-08-20","passed","2026-08-20","","Go Test","github.com/specterops/bloodhound/packages/go/ein/TestConvertOUToNode_InheritanceHashes","TestConvertOUToNode_InheritanceHashes"
"","322","shows a loading state","AssetGroupMenuItem","2026-08-20","passed","2026-08-20","","","",""
"","15","when password is expired and not on password reset page, redirects to password reset page","AuthenticatedRoute","2026-08-20","passed","2026-08-20","","","",""
"Test cases for Test_filterAndFormatSearchResults_includeOpenGraphNodes","0","Test_filterAndFormatSearchResults_includeOpenGraphNodes","","2026-08-20","passed","2026-08-20","","Go Test","github.com/specterops/bloodhound/cmd/api/src/api/v2/Test_filterAndFormatSearchResults_includeOpenGraphNodes","Test_filterAndFormatSearchResults_includeOpenGraphNodes"
"","13","sets autoDisplayTable to false if query type is composition","useExploreTableAutoDisplay","2026-08-20","passed","2026-08-20","","","",""
"","121","renders details for a selected zone","DynamicDetails","2026-08-20","passed","2026-08-20","","","",""
"Test cases for TestBoolValueOrZero","0","TestBoolValueOrZero","","2026-08-20","passed","2026-08-20","","Go Test","github.com/specterops/bloodhound/cmd/api/src/database/types/null/TestBoolValueOrZero","TestBoolValueOrZero"
"","132","updates value when a valid date typed","ManagedDatePicker - value","2026-08-20","passed","2026-08-20","","","",""
"Test cases for TestJSONFloat_MarshalJSON","0","TestJSONFloat_MarshalJSON","","2026-08-20","passed","2026-08-20","","Go Test","github.com/specterops/bloodhound/cmd/api/src/database/types/nan/TestJSONFloat_MarshalJSON","TestJSONFloat_MarshalJSON"
"Test cases for TestNewPipelineStepsAreRunnable","0","TestNewPipelineStepsAreRunnable","","2026-08-20","passed","2026-08-20","","Go Test","github.com/specterops/bloodhound/packages/go/analysis/TestNewPipelineStepsAreRunnable","TestNewPipelineStepsAreRunnable"
"","102","button displays ""Enabled"" when flag is enabled","EarlyAccessFeatureToggle","2026-08-20","passed","2026-08-20","","","",""
"Test cases for TestResources_ExportSavedQuery","34","TestResources_ExportSavedQuery","","2026-08-20","passed","2026-08-20","","Go Test","github.com/specterops/bloodhound/cmd/api/src/api/v2/TestResources_ExportSavedQuery","TestResources_ExportSavedQuery"
"Test cases for TestParseGPOData","3","TestParseGPOData","","2026-08-20","passed","2026-08-20","","Go Test","github.com/specterops/bloodhound/packages/go/ein/TestParseGPOData","TestParseGPOData"
"","96","returns an object with values for assetGroupTagId, params, and setPZQueryParams","usePZQueryParams","2026-08-20","passed","2026-08-20","","","",""
"","37","upon selecting just a destination node, updates the URL with a searchType of 'node' and secondarySearch of the node's objectid","usePathfindingSearch","2026-08-20","passed","2026-08-20","","","",""
"","1190","when user performs a single node search, the selected node carries over to the `start node` input field on the pathfinding tab","ExploreSearch interaction","2026-08-20","passed","2026-08-20","","","",""
"","10","returns undefined query state when itemId is null","useGraphItem","2026-08-20","passed","2026-08-20","","","",""
"Test cases for TestResources_ListADComputerPSRemoteUsers","0","TestResources_ListADComputerPSRemoteUsers","","2026-08-20","passed","2026-08-20","","Go Test","github.com/specterops/bloodhound/cmd/api/src/api/v2/TestResources_ListADComputerPSRemoteUsers","TestResources_ListADComputerPSRemoteUsers"
"","117","takes the param appendQueryKey and will append that value to the existing queryKey","useAvailableEnvironments","2026-08-20","passed","2026-08-20","","useAvailableEnvironments","",""
"","17","toggles a descending sort to ascending when sorting the same column","useSortParams","2026-08-20","passed","2026-08-20","","","",""
"","0","filters by multiple platforms","filterAndSearchEnvironments","2026-08-20","passed","2026-08-20","","platform filters","",""
"","112","enables the user actions menu for a user with the administrator role","User Actions Menu","2026-08-20","passed","2026-08-20","","Button Menu State","",""
"Test cases for TestGetAzureDataQualityStats_Failure","0","TestGetAzureDataQualityStats_Failure","","2026-08-20","passed","2026-08-20","","Go Test","github.com/specterops/bloodhound/cmd/api/src/api/v2/TestGetAzureDataQualityStats_Failure","TestGetAzureDataQualityStats_Failure"
"","206","should display ""Cancel"" button","Enable2FADialog","2026-08-20","passed","2026-08-20","","","",""
"","11","removes a notification","AppNotifications","2026-08-20","passed","2026-08-20","","","",""
"Test cases for TestRegister_PanicsOnNilDogTags","2","TestRegister_PanicsOnNilDogTags","","2026-08-20","passed","2026-08-20","","Go Test","github.com/specterops/bloodhound/server/modules/TestRegister_PanicsOnNilDogTags","TestRegister_PanicsOnNilDogTags"
"Test cases for TestResources_GetSavedQuery","94","TestResources_GetSavedQuery","","2026-08-20","passed","2026-08-20","","Go Test","github.com/specterops/bloodhound/cmd/api/src/api/v2/TestResources_GetSavedQuery","TestResources_GetSavedQuery"
"","37","should display a none selected header and a message to select an object when there is no selected node","EntityInfoPanel","2026-08-20","passed","2026-08-20","","","",""
"Test cases for TestStringEqual","0","TestStringEqual","","2026-08-20","passed","2026-08-20","","Go Test","github.com/specterops/bloodhound/cmd/api/src/database/types/null/TestStringEqual","TestStringEqual"
"","1","EXTENDED ROUNDING when thresholds are set: returns a comma separated number when provided with a number > 999","numberFormatting","2026-08-20","passed","2026-08-20","","","",""
"","118","collapses an open item when its header is clicked again","<DetailsAccordion />","2026-08-20","passed","2026-08-20","","","",""
"Test cases for TestManagementResource_SAMLCallbackRedirect","5","TestManagementResource_SAMLCallbackRedirect","","2026-08-20","passed","2026-08-20","","Go Test","github.com/specterops/bloodhound/cmd/api/src/api/v2/auth/TestManagementResource_SAMLCallbackRedirect","TestManagementResource_SAMLCallbackRedirect"
"","321","calls exportToJson util when valid non a empty object is passed as the jsonData prop","GraphControls","2026-08-20","passed","2026-08-20","","Exporting json","",""
"","226","handles adding to non-tier-zero asset group","AssetGroupMenuItem","2026-08-20","passed","2026-08-20","","adding to an asset group","",""
"Test cases for Test_signedRequestDate","0","Test_signedRequestDate","","2026-08-20","passed","2026-08-20","","Go Test","github.com/specterops/bloodhound/cmd/api/src/api/middleware/Test_signedRequestDate","Test_signedRequestDate"
"","4004","calls onQuerySuccess again when user reopens widget and runs another multi-node query","CypherSearch","2026-08-20","passed","2026-08-20","","Minimize explorer page elements when multiple nodes are returned","",""
"","0","returns a function that takes a key found in updatedParams and updates the searchParams with that matching value from updatedParams","searchParams","2026-08-20","passed","2026-08-20","","setSingleParamFactory","",""
"","0","preserves unicode characters","escapeCypherString","2026-08-20","passed","2026-08-20","","","",""
"","245","should render with the correct content","ConfirmUpdateQueryDialog","2026-08-20","passed","2026-08-20","","","",""
"","0","returns null if paramValue is null","useEnvironmentParams","2026-08-20","passed","2026-08-20","","parseEnvironmentAggregation","",""
"Test cases for TestService_ToggleFlag","2","TestService_ToggleFlag","","2026-08-20","passed","2026-08-20","","Go Test","github.com/specterops/bloodhound/server/featureflags/internal/services/TestService_ToggleFlag","TestService_ToggleFlag"
"","390","emits allGraphData true when the last remaining source kind completes the selection","GraphDataCheckboxes","2026-08-20","passed","2026-08-20","","","",""
"TestRegister_RoutesRequireAuthentication dispatches real requests through the wiredrouter to verify that the registered routes are guarded by authentication middleware.The handlers themselves trust the middleware to enforce this contract; if the routewireup ever loses RequirePermissions/RequireAuth, this test will fail.","0","TestRegister_RoutesRequireAuthentication","","2026-08-20","passed","2026-08-20","","Go Test","github.com/specterops/bloodhound/server/featureflags/internal/routes/TestRegister_RoutesRequireAuthentication","TestRegister_RoutesRequireAuthentication"
"","0","returns disabled config when relationshipDetails is undefined","useExploreGraph","2026-08-20","passed","2026-08-20","composition search queries","exploreGraphQueryFactory","",""
"Test cases for TestStore_CreateAnalysisRequest","0","TestStore_CreateAnalysisRequest","","2026-08-20","passed","2026-08-20","","Go Test","github.com/specterops/bloodhound/server/analysis/internal/appdb/TestStore_CreateAnalysisRequest","TestStore_CreateAnalysisRequest"
"","214","closes the dialog when the ""Cancel"" button is clicked","SchemaUploadDialog","2026-08-20","passed","2026-08-20","","","",""
"Test cases for TestOrphanFileSweeper_AddExpectedLocalPath","20","TestOrphanFileSweeper_AddExpectedLocalPath","","2026-08-20","passed","2026-08-20","","Go Test","github.com/specterops/bloodhound/cmd/api/src/daemons/datapipe/TestOrphanFileSweeper_AddExpectedLocalPath","TestOrphanFileSweeper_AddExpectedLocalPath"
"","0","includes relationship_id in the query key","useExploreGraph","2026-08-20","passed","2026-08-20","composition search queries","exploreGraphQueryFactory","",""
"","131","clicking cancel on the form takes the user back to the page the user was on previously","Tag Form","2026-08-20","passed","2026-08-20","","","",""
"","182","renders item name after data is fetched","InfiniteScrollingTable","2026-08-20","passed","2026-08-20","","","",""
"Test cases for TestRegister","0","TestRegister","","2026-08-20","passed","2026-08-20","","Go Test","github.com/specterops/bloodhound/server/analysis/internal/routes/TestRegister","TestRegister"
"","230","disables checkboxes while loading","GraphDataCheckboxes","2026-08-20","passed","2026-08-20","","","",""
"","1395","handles posting a mutation","DatabaseManagement","2026-08-20","passed","2026-08-20","","","",""
"","339","Displays a notification when an error happened when requesting analysis","AnalyzeNowConfiguration","2026-08-20","passed","2026-08-20","","","",""
"","80","allows a consumer to swap the values of the two inputs and update the query params accordingly","usePathfindingSearch","2026-08-20","passed","2026-08-20","","","",""
"","243","closes the dropdown when clicking outside","ManageColumnsComboBox","2026-08-20","passed","2026-08-20","","","",""
"","70","should on clicking remove call clearSelectedItem","EdgeInfoHeader","2026-08-20","passed","2026-08-20","","","",""
"","984","should disable save button while input is empty","SaveQueryDialog","2026-08-20","passed","2026-08-20","","","",""
"Test cases for TestBoolEqual","0","TestBoolEqual","","2026-08-20","passed","2026-08-20","","Go Test","github.com/specterops/bloodhound/cmd/api/src/database/types/null/TestBoolEqual","TestBoolEqual"
"","28","fetches more data when scrolling within the default bottom threshold","useInfiniteScroll","2026-08-20","passed","2026-08-20","","","",""
"Test cases for TestParseAGMembersFromNodes_MissingNodeProperties","1","TestParseAGMembersFromNodes_MissingNodeProperties","","2026-08-20","passed","2026-08-20","","Go Test","github.com/specterops/bloodhound/cmd/api/src/api/v2/TestParseAGMembersFromNodes_MissingNodeProperties","TestParseAGMembersFromNodes_MissingNodeProperties"
"Test cases for TestResources_DeleteSavedQuery_DBError","0","TestResources_DeleteSavedQuery_DBError","","2026-08-20","passed","2026-08-20","","Go Test","github.com/specterops/bloodhound/cmd/api/src/api/v2/TestResources_DeleteSavedQuery_DBError","TestResources_DeleteSavedQuery_DBError"
"Test cases for TestFoldl","0","TestFoldl","","2026-08-20","passed","2026-08-20","","Go Test","github.com/specterops/bloodhound/packages/go/slicesext/TestFoldl","TestFoldl"
"","439","does fires TagToZoneDialog when the Zone option is clicked","TagToZoneLabel","2026-08-20","passed","2026-08-20","","","",""
"","68","has no checked boxes by default","GraphDataCheckboxes","2026-08-20","passed","2026-08-20","","","",""
"","455","emits allGraphData false when the parent is unchecked from all","GraphDataCheckboxes","2026-08-20","passed","2026-08-20","","","",""
"","2511","handles delete all graph data","DatabaseManagement","2026-08-20","passed","2026-08-20","","","",""
"Test cases for TestResources_ListADIssuancePolicyLinkedCertTemplates","208","TestResources_ListADIssuancePolicyLinkedCertTemplates","","2026-08-20","passed","2026-08-20","","Go Test","github.com/specterops/bloodhound/cmd/api/src/api/v2/TestResources_ListADIssuancePolicyLinkedCertTemplates","TestResources_ListADIssuancePolicyLinkedCertTemplates"
"Test cases for TestGetADDataQualityStats_Failure","1","TestGetADDataQualityStats_Failure","","2026-08-20","passed","2026-08-20","","Go Test","github.com/specterops/bloodhound/cmd/api/src/api/v2/TestGetADDataQualityStats_Failure","TestGetADDataQualityStats_Failure"
"Test cases for TestAuthExtensions","3","TestAuthExtensions","","2026-08-20","passed","2026-08-20","","Go Test","github.com/specterops/bloodhound/cmd/api/src/api/TestAuthExtensions","TestAuthExtensions"
"","2","does not fetch more data when there are no more pages","useInfiniteScroll","2026-08-20","passed","2026-08-20","","","",""
"","1594","keeps the search widget open and does not set a selected item when the query returns zero nodes","ExploreSearch handling of cypher query responses","2026-08-20","passed","2026-08-20","","","",""
"Test cases for TestRenderMarkdownRejectsRemovedFunction","0","TestRenderMarkdownRejectsRemovedFunction","","2026-08-20","passed","2026-08-20","","Go Test","github.com/specterops/bloodhound/server/graphdb/internal/services/TestRenderMarkdownRejectsRemovedFunction","TestRenderMarkdownRejectsRemovedFunction"
"","123","shows ""<10 Days to Expire"" warning when token expires within 10 days","UserTokenManagementDialog - API Expiration Date column","2026-08-20","passed","2026-08-20","","","",""
"","3","returns null if paramValue is +0","useEnvironmentParams","2026-08-20","passed","2026-08-20","","parseEnvironmentAggregation","",""
"","373","emits allGraphData false when only some graph data is selected","GraphDataCheckboxes","2026-08-20","passed","2026-08-20","","","",""
"Test cases for TestStore_Stat","33","TestStore_Stat","","2026-08-20","passed","2026-08-20","","Go Test","github.com/specterops/bloodhound/packages/go/storage/TestStore_Stat","TestStore_Stat"
"","9","announces a polite message (default priority)","AnnouncementProvider","2026-08-20","passed","2026-08-20","","","",""
"","6","removes multiple keys from state","useObjectState","2026-08-20","passed","2026-08-20","","","",""
"Test cases for TestGetLimitParamForGraphQuery","0","TestGetLimitParamForGraphQuery","","2026-08-20","passed","2026-08-20","","Go Test","github.com/specterops/bloodhound/cmd/api/src/utils/TestGetLimitParamForGraphQuery","TestGetLimitParamForGraphQuery"
"Test cases for TestParseIntQueryParameter","134","TestParseIntQueryParameter","","2026-08-20","passed","2026-08-20","","Go Test","github.com/specterops/bloodhound/cmd/api/src/api/v2/TestParseIntQueryParameter","TestParseIntQueryParameter"
"Test cases for Test_filterAndFormatSearchResults_filterEnvironments_domainSIDFail","0","Test_filterAndFormatSearchResults_filterEnvironments_domainSIDFail","","2026-08-20","passed","2026-08-20","","Go Test","github.com/specterops/bloodhound/cmd/api/src/api/v2/Test_filterAndFormatSearchResults_filterEnvironments_domainSIDFail","Test_filterAndFormatSearchResults_filterEnvironments_domainSIDFail"
"","185","displays extensions in a table when data is available","ActiveExtensionsCard","2026-08-20","passed","2026-08-20","","","",""
"Test cases for TestResources_GetAssetGroupTags","3","TestResources_GetAssetGroupTags","","2026-08-20","passed","2026-08-20","","Go Test","github.com/specterops/bloodhound/cmd/api/src/api/v2/TestResources_GetAssetGroupTags","TestResources_GetAssetGroupTags"
"","412","clears the applied filter","FileIngestFilterDialog","2026-08-20","passed","2026-08-20","","User Select","",""
"Test cases for TestResources_BuildDeleteRequest","3","TestResources_BuildDeleteRequest","","2026-08-20","passed","2026-08-20","","Go Test","github.com/specterops/bloodhound/cmd/api/src/api/v2/TestResources_BuildDeleteRequest","TestResources_BuildDeleteRequest"
"","753","displays must be new password error messages when current password is the same as new password","PasswordDialog","2026-08-20","passed","2026-08-20","","","",""
"Test cases for TestRewriter_Enter_AllAttackPathsShortcut_TakesPrecedenceOverOtherShortcuts","0","TestRewriter_Enter_AllAttackPathsShortcut_TakesPrecedenceOverOtherShortcuts","","2026-08-20","passed","2026-08-20","","Go Test","github.com/specterops/bloodhound/cmd/api/src/queries/TestRewriter_Enter_AllAttackPathsShortcut_TakesPrecedenceOverOtherShortcuts","TestRewriter_Enter_AllAttackPathsShortcut_TakesPrecedenceOverOtherShortcuts"
"Test cases for TestFilterParseAndValidate_IgnoredParameters","0","TestFilterParseAndValidate_IgnoredParameters","","2026-08-20","passed","2026-08-20","","Go Test","github.com/specterops/bloodhound/packages/go/params/TestFilterParseAndValidate_IgnoredParameters","TestFilterParseAndValidate_IgnoredParameters"
"Test cases for Test_parseLatestVersion","0","Test_parseLatestVersion","","2026-08-20","passed","2026-08-20","","Go Test","github.com/specterops/bloodhound/packages/go/stbernard/git/Test_parseLatestVersion","Test_parseLatestVersion"
"","1","handles null or empty madeBy","createHistoryParams","2026-08-20","passed","2026-08-20","","","",""
"Test cases for TestLoginResource_Logout","8","TestLoginResource_Logout","","2026-08-20","passed","2026-08-20","","Go Test","github.com/specterops/bloodhound/cmd/api/src/api/v2/auth/TestLoginResource_Logout","TestLoginResource_Logout"
"Test cases for TestResources_ListADOUContainedComputers","0","TestResources_ListADOUContainedComputers","","2026-08-20","passed","2026-08-20","","Go Test","github.com/specterops/bloodhound/cmd/api/src/api/v2/TestResources_ListADOUContainedComputers","TestResources_ListADOUContainedComputers"
"","49","mounts a polite aria-live region","AnnouncementProvider","2026-08-20","passed","2026-08-20","","","",""
"","2","does not add optional filters if not present","createHistoryParams","2026-08-20","passed","2026-08-20","","","",""
"Test cases for TestAssetGroupMembers_SortBy","0","TestAssetGroupMembers_SortBy","","2026-08-20","passed","2026-08-20","","Go Test","github.com/specterops/bloodhound/cmd/api/src/api/TestAssetGroupMembers_SortBy","TestAssetGroupMembers_SortBy"
"","427","should display ""Configure Multi-Factor Authentication"" title","Enable2FADialog","2026-08-20","passed","2026-08-20","","","",""
"","0","abbreviates numbers larger than 1000 and should not round the tenth place digit","numberFormatting","2026-08-20","passed","2026-08-20","","","",""
"","184","handles creating a new label","Tag Form","2026-08-20","passed","2026-08-20","","","",""
"Test cases for TestResources_GetAssetGroupMemberCount_Success","0","TestResources_GetAssetGroupMemberCount_Success","","2026-08-20","passed","2026-08-20","","Go Test","github.com/specterops/bloodhound/cmd/api/src/api/v2/TestResources_GetAssetGroupMemberCount_Success","TestResources_GetAssetGroupMemberCount_Success"
"Test cases for TestBuildGDBNodeFilter","0","TestBuildGDBNodeFilter","","2026-08-20","passed","2026-08-20","","Go Test","github.com/specterops/bloodhound/cmd/api/src/model/TestBuildGDBNodeFilter","TestBuildGDBNodeFilter"
"","11","does not request finished jobs if lacking permission","useFinishedJobs","2026-08-20","passed","2026-08-20","","","",""
"","13","navigates to the specified route with global params intact when triggered by a splat route","AppNavigate","2026-08-20","passed","2026-08-20","","","",""
"Test cases for Test_CheckAccessToEnvironments","93","Test_CheckAccessToEnvironments","","2026-08-20","passed","2026-08-20","","Go Test","github.com/specterops/bloodhound/cmd/api/src/api/v2/Test_CheckAccessToEnvironments","Test_CheckAccessToEnvironments"
"Test cases for TestNormalizeToUTF8","0","TestNormalizeToUTF8","","2026-08-20","passed","2026-08-20","","Go Test","github.com/specterops/bloodhound/packages/go/bomenc/TestNormalizeToUTF8","TestNormalizeToUTF8"
"","66","passes expandedPanelSections from useExploreParams to Accordion","KindInfoItems","2026-08-20","passed","2026-08-20","","","",""
"","257","should render an SavedQueryPermissions component","SaveQueryDialog","2026-08-20","passed","2026-08-20","","","",""
"Test cases for TestGenerateQRCodeBase64","0","TestGenerateQRCodeBase64","","2026-08-20","passed","2026-08-20","","Go Test","github.com/specterops/bloodhound/cmd/api/src/auth/TestGenerateQRCodeBase64","TestGenerateQRCodeBase64"
"","129","initializes search tab to the exploreSearchTab on initial render","ExploreSearch sets searchType on tab changing","2026-08-20","passed","2026-08-20","","","",""
"","1","does not overwrite an existing localStorage value with initialValue","useLocalStorage","2026-08-20","passed","2026-08-20","","initial value","",""
"Test cases for TestSupportsETACMiddleware","4","TestSupportsETACMiddleware","","2026-08-20","passed","2026-08-20","","Go Test","github.com/specterops/bloodhound/cmd/api/src/api/middleware/TestSupportsETACMiddleware","TestSupportsETACMiddleware"
"Test cases for TestSavedQueries_GetValidFilterPredicatesAsStrings","0","TestSavedQueries_GetValidFilterPredicatesAsStrings","","2026-08-20","passed","2026-08-20","","Go Test","github.com/specterops/bloodhound/cmd/api/src/model/TestSavedQueries_GetValidFilterPredicatesAsStrings","TestSavedQueries_GetValidFilterPredicatesAsStrings"
"","2","stores a boolean value in localStorage","useLocalStorage","2026-08-20","passed","2026-08-20","","setValue","",""
"Test cases for TestResources_GetAssetGroupTagMemberInfo","0","TestResources_GetAssetGroupTagMemberInfo","","2026-08-20","passed","2026-08-20","","Go Test","github.com/specterops/bloodhound/cmd/api/src/api/v2/TestResources_GetAssetGroupTagMemberInfo","TestResources_GetAssetGroupTagMemberInfo"
"TestOpenGraphSchemaService_UpsertGraphSchemaExtension -","4","TestOpenGraphSchemaService_UpsertGraphSchemaExtension","","2026-08-20","passed","2026-08-20","","Go Test","github.com/specterops/bloodhound/cmd/api/src/services/opengraphschema/TestOpenGraphSchemaService_UpsertGraphSchemaExtension","TestOpenGraphSchemaService_UpsertGraphSchemaExtension"
"Test cases for TestService","0","TestService","","2026-08-20","passed","2026-08-20","","Go Test","github.com/specterops/bloodhound/cmd/api/src/services/dogtags/TestService","TestService"
"Test cases for TestRewriter_Enter_AzureAttackPathsShortcut_ReplacesKinds","0","TestRewriter_Enter_AzureAttackPathsShortcut_ReplacesKinds","","2026-08-20","passed","2026-08-20","","Go Test","github.com/specterops/bloodhound/cmd/api/src/queries/TestRewriter_Enter_AzureAttackPathsShortcut_ReplacesKinds","TestRewriter_Enter_AzureAttackPathsShortcut_ReplacesKinds"
"Test cases for TestBoolFrom","0","TestBoolFrom","","2026-08-20","passed","2026-08-20","","Go Test","github.com/specterops/bloodhound/cmd/api/src/database/types/null/TestBoolFrom","TestBoolFrom"
"","1","isError returns as expected based on all queries combined","queriesAreLoadingOrErrored","2026-08-20","passed","2026-08-20","","","",""
"","145","calls clickHandler when a line item is clicked","PrebuiltSearchList","2026-08-20","passed","2026-08-20","","","",""
"","161","should fire Confirm once with true","ConfirmationDialog","2026-08-20","passed","2026-08-20","","","",""
"","228","renders the QuerySearchFilter component","QuerySearchFilter","2026-08-20","passed","2026-08-20","","","",""
"Test cases for TestErrorReadDomainSIDandNameAsString","0","TestErrorReadDomainSIDandNameAsString","","2026-08-20","passed","2026-08-20","","Go Test","github.com/specterops/bloodhound/packages/go/analysis/ad/internal/nodeprops/TestErrorReadDomainSIDandNameAsString","TestErrorReadDomainSIDandNameAsString"
"Test cases for TestResources_DeleteSavedQuery_DeleteError","0","TestResources_DeleteSavedQuery_DeleteError","","2026-08-20","passed","2026-08-20","","Go Test","github.com/specterops/bloodhound/cmd/api/src/api/v2/TestResources_DeleteSavedQuery_DeleteError","TestResources_DeleteSavedQuery_DeleteError"
"Test cases for TestTimeEqual","0","TestTimeEqual","","2026-08-20","passed","2026-08-20","","Go Test","github.com/specterops/bloodhound/cmd/api/src/database/types/null/TestTimeEqual","TestTimeEqual"
"Test cases for TestResources_ListADComputerDCOMUsers","0","TestResources_ListADComputerDCOMUsers","","2026-08-20","passed","2026-08-20","","Go Test","github.com/specterops/bloodhound/cmd/api/src/api/v2/TestResources_ListADComputerDCOMUsers","TestResources_ListADComputerDCOMUsers"
"Test cases for TestResources_UpdateSavedQuery_InvalidBody","0","TestResources_UpdateSavedQuery_InvalidBody","","2026-08-20","passed","2026-08-20","","Go Test","github.com/specterops/bloodhound/cmd/api/src/api/v2/TestResources_UpdateSavedQuery_InvalidBody","TestResources_UpdateSavedQuery_InvalidBody"
"Test cases for TestManagementResource_UpdateSAMLProviderRequest","14","TestManagementResource_UpdateSAMLProviderRequest","","2026-08-20","passed","2026-08-20","","Go Test","github.com/specterops/bloodhound/cmd/api/src/api/v2/auth/TestManagementResource_UpdateSAMLProviderRequest","TestManagementResource_UpdateSAMLProviderRequest"
"","12","does not open the Schema Upload dialog via drag when the Quick Upload dialog is already open","SchemaUploadDialog","2026-08-20","passed","2026-08-20","","","",""
"","94","renders an input box","SearchBar","2026-08-20","passed","2026-08-20","","","",""
"","410","changes the text from ""Disabled"" to ""Enabled"" when the Rule Status switch is toggled","Rule Form","2026-08-20","passed","2026-08-20","","","",""
"Test cases for TestParsePreferHeaderWait","0","TestParsePreferHeaderWait","","2026-08-20","passed","2026-08-20","","Go Test","github.com/specterops/bloodhound/cmd/api/src/api/middleware/TestParsePreferHeaderWait","TestParsePreferHeaderWait"
"Test cases for TestStringFrom","0","TestStringFrom","","2026-08-20","passed","2026-08-20","","Go Test","github.com/specterops/bloodhound/cmd/api/src/database/types/null/TestStringFrom","TestStringFrom"
"","23","does not show the dropdown by default","ManageColumnsComboBox","2026-08-20","passed","2026-08-20","","","",""
"","27","returns numbers as strings","numberFormatting","2026-08-20","passed","2026-08-20","","","",""
"Test cases for Test_ParseAndValidatePayload","6","Test_ParseAndValidatePayload","","2026-08-20","passed","2026-08-20","","Go Test","github.com/specterops/bloodhound/cmd/api/src/services/upload/Test_ParseAndValidatePayload","Test_ParseAndValidatePayload"
"Test cases for TestGetLatestQueryParameter","0","TestGetLatestQueryParameter","","2026-08-20","passed","2026-08-20","","Go Test","github.com/specterops/bloodhound/cmd/api/src/api/v2/TestGetLatestQueryParameter","TestGetLatestQueryParameter"
"","522","displays correct content based on platform filter AD","CommonSearches","2026-08-20","passed","2026-08-20","","","",""
"","305","calls onToggleNodeLabels when click show all node labels","GraphControls","2026-08-20","passed","2026-08-20","","Toggling labels","",""
"","386","should render an SavedQueryPermissions component","SavedQueryPermissions","2026-08-20","passed","2026-08-20","","","",""
"","0","calls transformToFlatGraphResponse when graphData matches GraphResponse interface","normalizeGraphDataForSigma","2026-08-20","passed","2026-08-20","","","",""
"Test cases for TestNodeAuthorizer_CanAccessNode","0","TestNodeAuthorizer_CanAccessNode","","2026-08-20","passed","2026-08-20","","Go Test","github.com/specterops/bloodhound/server/graphdb/internal/authz/TestNodeAuthorizer_CanAccessNode","TestNodeAuthorizer_CanAccessNode"
"Test cases for TestParseLimitQueryParameter_BadFormat","0","TestParseLimitQueryParameter_BadFormat","","2026-08-20","passed","2026-08-20","","Go Test","github.com/specterops/bloodhound/cmd/api/src/api/v2/TestParseLimitQueryParameter_BadFormat","TestParseLimitQueryParameter_BadFormat"
"","0","reports a Cypher-specific error when ruleType is SeedTypeCypher and seeds are required","handleError","2026-08-20","passed","2026-08-20","","","",""
"Test cases for TestTimeValueOrZero","0","TestTimeValueOrZero","","2026-08-20","passed","2026-08-20","","Go Test","github.com/specterops/bloodhound/cmd/api/src/database/types/null/TestTimeValueOrZero","TestTimeValueOrZero"
"Test cases for TestUnmarshalBool","0","TestUnmarshalBool","","2026-08-20","passed","2026-08-20","","Go Test","github.com/specterops/bloodhound/cmd/api/src/database/types/null/TestUnmarshalBool","TestUnmarshalBool"
"TestMigrator_GenerateManifestAfterVersion builds upon the GenerateManifest testby starting from different version points and spot checking migration counts.","0","TestMigrator_GenerateManifestAfterVersion","","2026-08-20","passed","2026-08-20","","Go Test","github.com/specterops/bloodhound/cmd/api/src/database/migration/TestMigrator_GenerateManifestAfterVersion","TestMigrator_GenerateManifestAfterVersion"
"Test cases for TestManagementResource_UpdateUser_Success","1303","TestManagementResource_UpdateUser_Success","","2026-08-20","passed","2026-08-20","","Go Test","github.com/specterops/bloodhound/cmd/api/src/api/v2/auth/TestManagementResource_UpdateUser_Success","TestManagementResource_UpdateUser_Success"
"","471","should call onSubmit with one time passcode when check code button clicked","OneTimePasscodeForm","2026-08-20","passed","2026-08-20","","","",""
"","931","should not call onSubmit when password does not match confirmation password when reset password button clicked","PasswordResetForm","2026-08-20","passed","2026-08-20","","","",""
"Test cases for TestResources_GetEdgeACLInheritancePath","94","TestResources_GetEdgeACLInheritancePath","","2026-08-20","passed","2026-08-20","","Go Test","github.com/specterops/bloodhound/cmd/api/src/api/v2/TestResources_GetEdgeACLInheritancePath","TestResources_GetEdgeACLInheritancePath"
"","245","should not display generate/revoke api tokens button","User Actions Menu","2026-08-20","passed","2026-08-20","","Api Keys","",""
"Test cases for TestFilterParseAndValidate_Errors","0","TestFilterParseAndValidate_Errors","","2026-08-20","passed","2026-08-20","","Go Test","github.com/specterops/bloodhound/packages/go/params/TestFilterParseAndValidate_Errors","TestFilterParseAndValidate_Errors"
"","3","returns true when WebGL is available in the current browser context","WebGL compatibility check","2026-08-20","passed","2026-08-20","","","",""
"Test cases for TestResources_UpdateSavedQuery_Admin_NonPublicQuery","0","TestResources_UpdateSavedQuery_Admin_NonPublicQuery","","2026-08-20","passed","2026-08-20","","Go Test","github.com/specterops/bloodhound/cmd/api/src/api/v2/TestResources_UpdateSavedQuery_Admin_NonPublicQuery","TestResources_UpdateSavedQuery_Admin_NonPublicQuery"
"","0","returns an empty array for a none selection","getValuesFromSelection","2026-08-20","passed","2026-08-20","","","",""
"","425","displays a “Disable query timeout” checkbox when timeout limit param config is enabled false","ExploreSearch interaction","2026-08-20","passed","2026-08-20","","","",""
"","587","disables the delete button and all checkboxes if the user lacks permission","DatabaseManagement","2026-08-20","passed","2026-08-20","","","",""
"Test cases for TestPermissionsCheckAll","0","TestPermissionsCheckAll","","2026-08-20","passed","2026-08-20","","Go Test","github.com/specterops/bloodhound/cmd/api/src/api/middleware/TestPermissionsCheckAll","TestPermissionsCheckAll"
"","0","returns undefined if graphData is null or not a GraphResponse","getExploreTableData","2026-08-20","passed","2026-08-20","","","",""
"Test cases for TestMatches_Success","0","TestMatches_Success","","2026-08-20","passed","2026-08-20","","Go Test","github.com/specterops/bloodhound/cmd/api/src/model/TestMatches_Success","TestMatches_Success"
"Test cases for TestManagementResource_DeleteUser_BadUserID","0","TestManagementResource_DeleteUser_BadUserID","","2026-08-20","passed","2026-08-20","","Go Test","github.com/specterops/bloodhound/cmd/api/src/api/v2/auth/TestManagementResource_DeleteUser_BadUserID","TestManagementResource_DeleteUser_BadUserID"
"Test cases for TestParseAGMembersFromNodes_","0","TestParseAGMembersFromNodes_","","2026-08-20","passed","2026-08-20","","Go Test","github.com/specterops/bloodhound/cmd/api/src/api/v2/TestParseAGMembersFromNodes_","TestParseAGMembersFromNodes_"
"","455","displays a validation error","ManagedDatePicker - date validation","2026-08-20","passed","2026-08-20","","","",""
"","98","shows the empty form message when Object Rule Form is empty","Seed Selection Results","2026-08-20","passed","2026-08-20","","","",""
"Test cases for TestManagementResource_ListPermissions_DBError","0","TestManagementResource_ListPermissions_DBError","","2026-08-20","passed","2026-08-20","","Go Test","github.com/specterops/bloodhound/cmd/api/src/api/v2/auth/TestManagementResource_ListPermissions_DBError","TestManagementResource_ListPermissions_DBError"
"Test cases for TestMergedFS_ReadDir","0","TestMergedFS_ReadDir","","2026-08-20","passed","2026-08-20","","Go Test","github.com/specterops/bloodhound/cmd/api/src/database/migration/TestMergedFS_ReadDir","TestMergedFS_ReadDir"
"","41","falls back to objectID as name when name field is absent","InfiniteScrollingTable","2026-08-20","passed","2026-08-20","","","",""
"","402","navigates to rule details when clicking a rule row","RulesAccordion","2026-08-20","passed","2026-08-20","","","",""
"","115","does not list sso providers for a role without both the manage providers and read provider permissions","SSOConfiguration","2026-08-20","passed","2026-08-20","","","",""
"","168","should fire Cancel once with false","ConfirmationDialog","2026-08-20","passed","2026-08-20","","","",""
"","622","hides truncated text tooltips at 900px and above","ActiveExtensionsCard","2026-08-20","passed","2026-08-20","","","",""
"Test cases for TestResources_ListADUserSessions","0","TestResources_ListADUserSessions","","2026-08-20","passed","2026-08-20","","Go Test","github.com/specterops/bloodhound/cmd/api/src/api/v2/TestResources_ListADUserSessions","TestResources_ListADUserSessions"
"Test cases for TestSavedQueries_ValidFilters","0","TestSavedQueries_ValidFilters","","2026-08-20","passed","2026-08-20","","Go Test","github.com/specterops/bloodhound/cmd/api/src/model/TestSavedQueries_ValidFilters","TestSavedQueries_ValidFilters"
"Test cases for TestParseOptionalLimitQueryParameter","129","TestParseOptionalLimitQueryParameter","","2026-08-20","passed","2026-08-20","","Go Test","github.com/specterops/bloodhound/cmd/api/src/api/v2/TestParseOptionalLimitQueryParameter","TestParseOptionalLimitQueryParameter"
"","163","renders enabled Zone and Object tabs and disabled Rule tab","Selected Details Tabs","2026-08-20","passed","2026-08-20","","Selected Details Tabs - Params present","",""
"Test cases for TestResources_CypherQuery","135","TestResources_CypherQuery","","2026-08-20","passed","2026-08-20","","Go Test","github.com/specterops/bloodhound/cmd/api/src/api/v2/TestResources_CypherQuery","TestResources_CypherQuery"
"Test cases for TestWriteBasic","0","TestWriteBasic","","2026-08-20","passed","2026-08-20","","Go Test","github.com/specterops/bloodhound/packages/go/responses/TestWriteBasic","TestWriteBasic"
"Test cases for TestResources_DownloadCollectorChecksumByVersion","1","TestResources_DownloadCollectorChecksumByVersion","","2026-08-20","passed","2026-08-20","","Go Test","github.com/specterops/bloodhound/cmd/api/src/api/v2/TestResources_DownloadCollectorChecksumByVersion","TestResources_DownloadCollectorChecksumByVersion"
"","2","runs a node search when the query param is set to ""node""","useExploreGraph","2026-08-20","passed","2026-08-20","","exploreGraphQueryFactory","",""
"Test cases for TestStore_GetRelationship","0","TestStore_GetRelationship","","2026-08-20","passed","2026-08-20","","Go Test","github.com/specterops/bloodhound/server/graphdb/internal/appdb/TestStore_GetRelationship","TestStore_GetRelationship"
"","7","returns all collected environment ids associated to a given aggregation","getEnvironmentAggregationIds","2026-08-20","passed","2026-08-20","","","",""
"","0","handles specific Active Directory properties differently than Azure derived properties","Formatting number properties","2026-08-20","passed","2026-08-20","","","",""
"","62","renders the Cypher Rules Panel when clicking the Rule Tab","Selected Details Tab Content","2026-08-20","passed","2026-08-20","","","",""
"Test cases for TestGetOrderForNeo4jQuery","0","TestGetOrderForNeo4jQuery","","2026-08-20","passed","2026-08-20","","Go Test","github.com/specterops/bloodhound/cmd/api/src/utils/TestGetOrderForNeo4jQuery","TestGetOrderForNeo4jQuery"
"","1215","should display all available SSO providers","UpdateUserDialog","2026-08-20","passed","2026-08-20","","","",""
"","0","returns empty sets when highlightedItem is null","SigmaChart Utils","2026-08-20","passed","2026-08-20","","getFullPathHighlightedEntities","",""
"","140","should call onCancel when return to login button clicked","PasswordResetForm","2026-08-20","passed","2026-08-20","","","",""
"","547","should not have less characters than the minimum requirement","UpdateUserForm","2026-08-20","passed","2026-08-20","","","",""
"TestGooseMigrationFilenamesUseCurrentVersionPrefix is utilized to ensure that all migration files are named accordingto the set naming convention.","3","TestGooseMigrationFilenamesUseCurrentVersionPrefix","","2026-08-20","passed","2026-08-20","","Go Test","github.com/specterops/bloodhound/cmd/api/src/database/migration/TestGooseMigrationFilenamesUseCurrentVersionPrefix","TestGooseMigrationFilenamesUseCurrentVersionPrefix"
"Test cases for TestContextMiddleware_InvalidWaitLessThanZero","0","TestContextMiddleware_InvalidWaitLessThanZero","","2026-08-20","passed","2026-08-20","","Go Test","github.com/specterops/bloodhound/cmd/api/src/api/middleware/TestContextMiddleware_InvalidWaitLessThanZero","TestContextMiddleware_InvalidWaitLessThanZero"
"","137","should display the ""My Profile"" title","UserProfile","2026-08-20","passed","2026-08-20","","","",""
"Test cases for TestResources_DeleteSavedQuery_RecordNotFound_EdgeCase","0","TestResources_DeleteSavedQuery_RecordNotFound_EdgeCase","","2026-08-20","passed","2026-08-20","","Go Test","github.com/specterops/bloodhound/cmd/api/src/api/v2/TestResources_DeleteSavedQuery_RecordNotFound_EdgeCase","TestResources_DeleteSavedQuery_RecordNotFound_EdgeCase"
"Test cases for TestStore_GetFlagByKey","1","TestStore_GetFlagByKey","","2026-08-20","passed","2026-08-20","","Go Test","github.com/specterops/bloodhound/server/featureflags/internal/appdb/TestStore_GetFlagByKey","TestStore_GetFlagByKey"
"Test cases for Test_HarnessSetup","0","Test_HarnessSetup","","2026-08-20","passed","2026-08-20","","Go Test","github.com/specterops/bloodhound/packages/go/lab/Test_HarnessSetup","Test_HarnessSetup"
"","509","calls setFilters when the Confirm button is clicked","Privilege Zones History Filter Dialog","2026-08-20","passed","2026-08-20","","","",""
"","148","initializes search tab to node search if the exploreSearchTab is not a supported tab name on first render","ExploreSearch sets searchType on tab changing","2026-08-20","passed","2026-08-20","","","",""
"","0","propagates environment_kind_id for OpenGraph types","getOpenGraphEnvironmentInfoMap","2026-08-20","passed","2026-08-20","","","",""
"","306","sets a primarySearch=id and searchType=node when secondarySearch is falsey","ContextMenu","2026-08-20","passed","2026-08-20","","","",""
"Test cases for TestStringFromPtr","0","TestStringFromPtr","","2026-08-20","passed","2026-08-20","","Go Test","github.com/specterops/bloodhound/cmd/api/src/database/types/null/TestStringFromPtr","TestStringFromPtr"
"","77","clicking a disabled header does not toggle content","<DetailsAccordion />","2026-08-20","passed","2026-08-20","","","",""
"Test cases for TestAnalysisStepsMerge","8","TestAnalysisStepsMerge","","2026-08-20","passed","2026-08-20","","Go Test","github.com/specterops/bloodhound/cmd/api/src/model/TestAnalysisStepsMerge","TestAnalysisStepsMerge"
"Test cases for TestQueries_BuildEntityQueryParams_InvalidLimit","1","TestQueries_BuildEntityQueryParams_InvalidLimit","","2026-08-20","passed","2026-08-20","","Go Test","github.com/specterops/bloodhound/cmd/api/src/queries/TestQueries_BuildEntityQueryParams_InvalidLimit","TestQueries_BuildEntityQueryParams_InvalidLimit"
"","121","does not show View in Explore if in object rule type","Seed Selection Results","2026-08-20","passed","2026-08-20","","","",""
"","0","Will treat what is to the left of the first colon as a search filter if it matches an existing kind","parseKeywordAndTypeValue","2026-08-20","passed","2026-08-20","","","",""
"","1043","opens a submenu when user hovers over `Copy`","ContextMenu","2026-08-20","passed","2026-08-20","","","",""
"","294","clears selected item when pathfinding search returns results","GraphView","2026-08-20","passed","2026-08-20","","","",""
"","182","calls onClose when user clicks cancel","PasswordDialog","2026-08-20","passed","2026-08-20","","","",""
"Test cases for TestLocalStore_Delete","61","TestLocalStore_Delete","","2026-08-20","passed","2026-08-20","","Go Test","github.com/specterops/bloodhound/packages/go/storage/TestLocalStore_Delete","TestLocalStore_Delete"
"Test cases for TestDefaultRateLimitMiddleware","2","TestDefaultRateLimitMiddleware","","2026-08-20","passed","2026-08-20","","Go Test","github.com/specterops/bloodhound/cmd/api/src/api/middleware/TestDefaultRateLimitMiddleware","TestDefaultRateLimitMiddleware"
"Test cases for TestManagementResource_EnableUserSAML","0","TestManagementResource_EnableUserSAML","","2026-08-20","passed","2026-08-20","","Go Test","github.com/specterops/bloodhound/cmd/api/src/api/v2/auth/TestManagementResource_EnableUserSAML","TestManagementResource_EnableUserSAML"
"","0","returns true if value is ''","searchParams","2026-08-20","passed","2026-08-20","","isEmptyParam","",""
"","11","renders the LabelSelector when available and on a Label page","TagSelector","2026-08-20","passed","2026-08-20","","","",""
"","870","should display generate/revoke api tokens button","User Actions Menu","2026-08-20","passed","2026-08-20","","Api Keys","",""
"","7","displays lastlogontimestamp cell as UNKNOWN when the value is 0","ExploreTableDataCell","2026-08-20","passed","2026-08-20","","","",""
"","74","does not render the analysis toggle when multi tier analysis enabled is false","Tag Form","2026-08-20","passed","2026-08-20","","","",""
"Test cases for TestStore_DeleteAnalysisRequest","0","TestStore_DeleteAnalysisRequest","","2026-08-20","passed","2026-08-20","","Go Test","github.com/specterops/bloodhound/server/analysis/internal/appdb/TestStore_DeleteAnalysisRequest","TestStore_DeleteAnalysisRequest"
"","424","invokes onSelect, closes the menu, and restores focus to the trigger when an item is chosen","GraphMenu","2026-08-20","passed","2026-08-20","","","",""
"","733","sets exploreSearchTab param to cypher when the user clicks the `cypher` tab","ExploreSearch sets searchType on tab changing","2026-08-20","passed","2026-08-20","","","",""
"","268","should fire ""onClose"" once","UserTokenManagementDialog","2026-08-20","passed","2026-08-20","","when user clicks ""Close"" button","",""
"Test cases for TestParseFilterOperator","0","TestParseFilterOperator","","2026-08-20","passed","2026-08-20","","Go Test","github.com/specterops/bloodhound/packages/go/params/TestParseFilterOperator","TestParseFilterOperator"
"","252","handles chevron click event","CommonSearches","2026-08-20","passed","2026-08-20","","","",""
"Test cases for TestAnalysisPipelineStepShouldRun","1","TestAnalysisPipelineStepShouldRun","","2026-08-20","passed","2026-08-20","","Go Test","github.com/specterops/bloodhound/packages/go/analysis/TestAnalysisPipelineStepShouldRun","TestAnalysisPipelineStepShouldRun"
"Test cases for TestNewNodeNamePrefix","0","TestNewNodeNamePrefix","","2026-08-20","passed","2026-08-20","","Go Test","github.com/specterops/bloodhound/packages/go/analysis/ad/wellknown/TestNewNodeNamePrefix","TestNewNodeNamePrefix"
"Test cases for TestTimePointer","0","TestTimePointer","","2026-08-20","passed","2026-08-20","","Go Test","github.com/specterops/bloodhound/cmd/api/src/database/types/null/TestTimePointer","TestTimePointer"
"Test cases for TestIntValueOrZero","0","TestIntValueOrZero","","2026-08-20","passed","2026-08-20","","Go Test","github.com/specterops/bloodhound/cmd/api/src/database/types/null/TestIntValueOrZero","TestIntValueOrZero"
"Test cases for TestStorageFileService_DeleteFileWithOptions_PreservesNonEmptyParent","14","TestStorageFileService_DeleteFileWithOptions_PreservesNonEmptyParent","","2026-08-20","passed","2026-08-20","","Go Test","github.com/specterops/bloodhound/packages/go/storage/TestStorageFileService_DeleteFileWithOptions_PreservesNonEmptyParent","TestStorageFileService_DeleteFileWithOptions_PreservesNonEmptyParent"
"","1112","renders","Privilege Zones History Filter Dialog","2026-08-20","passed","2026-08-20","","","",""
"Test cases for TestFetchTenants","0","TestFetchTenants","","2026-08-20","passed","2026-08-20","","Go Test","github.com/specterops/bloodhound/packages/go/analysis/azure/TestFetchTenants","TestFetchTenants"
"","3","returns empty array when environments is empty","filterAndSearchEnvironments","2026-08-20","passed","2026-08-20","","with empty environments","",""
"","9","renders OpenGraphInfo for a collected open graph environment with an id","getStatsComponent","2026-08-20","passed","2026-08-20","","","",""
"","1590","enables the user actions menu when the user is admin role","Users","2026-08-20","passed","2026-08-20","","","",""
"Test cases for TestResources_GetBaseEntityInfo","214","TestResources_GetBaseEntityInfo","","2026-08-20","passed","2026-08-20","","Go Test","github.com/specterops/bloodhound/cmd/api/src/api/v2/TestResources_GetBaseEntityInfo","TestResources_GetBaseEntityInfo"
"","938","renders a link to the explore page when member is clicked","GroupManagement","2026-08-20","passed","2026-08-20","","","",""
"Test cases for TestAnalysisPipelineResultErrors","0","TestAnalysisPipelineResultErrors","","2026-08-20","passed","2026-08-20","","Go Test","github.com/specterops/bloodhound/packages/go/analysis/TestAnalysisPipelineResultErrors","TestAnalysisPipelineResultErrors"
"Test cases for TestEndNodes","0","TestEndNodes","","2026-08-20","passed","2026-08-20","","Go Test","github.com/specterops/bloodhound/packages/go/analysis/azure/TestEndNodes","TestEndNodes"
"","18","does not show tooltip text by default","ColumnHeaders","2026-08-20","passed","2026-08-20","","SortableHeader with Tooltip","",""
"Test cases for TestNewService","0","TestNewService","","2026-08-20","passed","2026-08-20","","Go Test","github.com/specterops/bloodhound/server/featureflags/internal/services/TestNewService","TestNewService"
"","66","should navigate to the correct page on alt + digit keydown","Keyboard shortcuts","2026-08-20","passed","2026-08-20","","","",""
"","907","shows tooltip text on hover","ColumnHeaders","2026-08-20","passed","2026-08-20","","SortableHeader with Tooltip","",""
"Test cases for TestResources_GetShortestPath_ETAC","43","TestResources_GetShortestPath_ETAC","","2026-08-20","passed","2026-08-20","","Go Test","github.com/specterops/bloodhound/cmd/api/src/api/v2/TestResources_GetShortestPath_ETAC","TestResources_GetShortestPath_ETAC"
"","642","dispatches an action to add the associated node","Rule Object Select","2026-08-20","passed","2026-08-20","","","",""
"Test cases for TestNormalizePath","6","TestNormalizePath","","2026-08-20","passed","2026-08-20","","Go Test","github.com/specterops/bloodhound/packages/go/storage/TestNormalizePath","TestNormalizePath"
"Test cases for TestStore_ListRoles","1","TestStore_ListRoles","","2026-08-20","passed","2026-08-20","","Go Test","github.com/specterops/bloodhound/server/identity/internal/appdb/TestStore_ListRoles","TestStore_ListRoles"
"","0","returns paramValue as EnvironmentAggregation if paramValue is azure","useEnvironmentParams","2026-08-20","passed","2026-08-20","","parseEnvironmentAggregation","",""
"","0","accepts a sort and compare function","areArraysSimilar","2026-08-20","passed","2026-08-20","","","",""
"Test cases for TestRetainedArchiveName","5","TestRetainedArchiveName","","2026-08-20","passed","2026-08-20","","Go Test","github.com/specterops/bloodhound/cmd/api/src/api/tools/TestRetainedArchiveName","TestRetainedArchiveName"
"Test cases for TestResources_UpdateSavedQuery_OwnPublicQuery_Success","0","TestResources_UpdateSavedQuery_OwnPublicQuery_Success","","2026-08-20","passed","2026-08-20","","Go Test","github.com/specterops/bloodhound/cmd/api/src/api/v2/TestResources_UpdateSavedQuery_OwnPublicQuery_Success","TestResources_UpdateSavedQuery_OwnPublicQuery_Success"
"Test cases for TestResources_ListADEntityLinkedGPOs","0","TestResources_ListADEntityLinkedGPOs","","2026-08-20","passed","2026-08-20","","Go Test","github.com/specterops/bloodhound/cmd/api/src/api/v2/TestResources_ListADEntityLinkedGPOs","TestResources_ListADEntityLinkedGPOs"
"Test cases for TestService_GetNode_PreservesTemplateErrorsPerKindInfo","0","TestService_GetNode_PreservesTemplateErrorsPerKindInfo","","2026-08-20","passed","2026-08-20","","Go Test","github.com/specterops/bloodhound/server/graphdb/internal/services/TestService_GetNode_PreservesTemplateErrorsPerKindInfo","TestService_GetNode_PreservesTemplateErrorsPerKindInfo"
"","1862","does not show the ""Disable MFA"" context menu option for users without MFA enabled","Users","2026-08-20","passed","2026-08-20","","","",""
"Test cases for TestCreateUser_FailureDuplicateEmail","1081","TestCreateUser_FailureDuplicateEmail","","2026-08-20","passed","2026-08-20","","Go Test","github.com/specterops/bloodhound/cmd/api/src/api/v2/auth/TestCreateUser_FailureDuplicateEmail","TestCreateUser_FailureDuplicateEmail"
"Test cases for TestDatabase_GetAssetGroupTag","4","TestDatabase_GetAssetGroupTag","","2026-08-20","passed","2026-08-20","","Go Test","github.com/specterops/bloodhound/cmd/api/src/api/v2/TestDatabase_GetAssetGroupTag","TestDatabase_GetAssetGroupTag"
"","1","should include a tag with only the matching operations when the path matches","opsFilter","2026-08-20","passed","2026-08-20","","","",""
"","10","returns the remaining amount of zones available for creation","useTagLimits","2026-08-20","passed","2026-08-20","","","",""
"","25","checks whether more data is needed when loadedCount changes","useInfiniteScroll","2026-08-20","passed","2026-08-20","","","",""
"","324","displays no search results message when search yields no matches","ActiveExtensionsCard","2026-08-20","passed","2026-08-20","","","",""
"","202","removes a node from an asset group tag","AssetGroupMenuItem","2026-08-20","passed","2026-08-20","","","",""
"Test cases for TestConvertAzureManagedCluster_NodeResourceGroupID","0","TestConvertAzureManagedCluster_NodeResourceGroupID","","2026-08-20","passed","2026-08-20","","Go Test","github.com/specterops/bloodhound/cmd/api/src/services/graphify/TestConvertAzureManagedCluster_NodeResourceGroupID","TestConvertAzureManagedCluster_NodeResourceGroupID"
"","1988","should display search results when the user enters text","AssetGroupEdit","2026-08-20","passed","2026-08-20","","","",""
"","73","does not display notification when user has GRAPH_DB_INGEST_MANAGE permission","FileIngest","2026-08-20","passed","2026-08-20","","","",""
"Test cases for TestIngestibleRelationshipsToUpdates_ObjectIDCasing","0","TestIngestibleRelationshipsToUpdates_ObjectIDCasing","","2026-08-20","passed","2026-08-20","","Go Test","github.com/specterops/bloodhound/cmd/api/src/services/graphify/TestIngestibleRelationshipsToUpdates_ObjectIDCasing","TestIngestibleRelationshipsToUpdates_ObjectIDCasing"
"Test cases for TestFloatIsZero","0","TestFloatIsZero","","2026-08-20","passed","2026-08-20","","Go Test","github.com/specterops/bloodhound/cmd/api/src/database/types/null/TestFloatIsZero","TestFloatIsZero"
"","334","renders the popup content with run, edit/share, and delete when the menu trigger","ListItemActionMenu","2026-08-20","passed","2026-08-20","","","",""
"Test cases for TestResources_ListADDomainForeignAdmins","1","TestResources_ListADDomainForeignAdmins","","2026-08-20","passed","2026-08-20","","Go Test","github.com/specterops/bloodhound/cmd/api/src/api/v2/TestResources_ListADDomainForeignAdmins","TestResources_ListADDomainForeignAdmins"
"Test cases for TestResources_ListPublishedToCAs","1","TestResources_ListPublishedToCAs","","2026-08-20","passed","2026-08-20","","Go Test","github.com/specterops/bloodhound/cmd/api/src/api/v2/TestResources_ListPublishedToCAs","TestResources_ListPublishedToCAs"
"","9","constructs correct URLSearchParams with all filters","createHistoryParams","2026-08-20","passed","2026-08-20","","","",""
"Test cases for TestParseOptionalBool","0","TestParseOptionalBool","","2026-08-20","passed","2026-08-20","","Go Test","github.com/specterops/bloodhound/cmd/api/src/api/TestParseOptionalBool","TestParseOptionalBool"
"Test cases for TestFeatureFlagManagerPoller","83","TestFeatureFlagManagerPoller","","2026-08-20","passed","2026-08-20","","Go Test","github.com/specterops/bloodhound/cmd/api/src/daemons/changelog/TestFeatureFlagManagerPoller","TestFeatureFlagManagerPoller"
"Test cases for TestArgon2Digest_String","0","TestArgon2Digest_String","","2026-08-20","passed","2026-08-20","","Go Test","github.com/specterops/bloodhound/packages/go/crypto/TestArgon2Digest_String","TestArgon2Digest_String"
"","3","prevents Sigma defaults events","preventAllDefaults","2026-08-20","passed","2026-08-20","","","",""
"Test cases for TestDetectBOMEncoding","1","TestDetectBOMEncoding","","2026-08-20","passed","2026-08-20","","Go Test","github.com/specterops/bloodhound/packages/go/bomenc/TestDetectBOMEncoding","TestDetectBOMEncoding"
"","0","filters by low risk level","filterAndSearchEnvironments","2026-08-20","passed","2026-08-20","","risk filters","",""
"","13","does not show View in Explore if exploreUrl is not supplied","Seed Selection Results","2026-08-20","passed","2026-08-20","","","",""
"","179","renders the Columns trigger button","ManageColumnsComboBox","2026-08-20","passed","2026-08-20","","","",""
"","208","opens and closes the dialog with the cancel button","Tag Form","2026-08-20","passed","2026-08-20","","","",""
"Test cases for TestQueries_BuildEntityQueryParams_DataTypeCount","0","TestQueries_BuildEntityQueryParams_DataTypeCount","","2026-08-20","passed","2026-08-20","","Go Test","github.com/specterops/bloodhound/cmd/api/src/queries/TestQueries_BuildEntityQueryParams_DataTypeCount","TestQueries_BuildEntityQueryParams_DataTypeCount"
"","100","should display the ""Authentication"" header","UserProfile","2026-08-20","passed","2026-08-20","","","",""
"Test cases for TestResources_ListADComputerRDPUsers","3","TestResources_ListADComputerRDPUsers","","2026-08-20","passed","2026-08-20","","Go Test","github.com/specterops/bloodhound/cmd/api/src/api/v2/TestResources_ListADComputerRDPUsers","TestResources_ListADComputerRDPUsers"
"Test cases for TestRewriter_Enter_NoShortcut_PreservesKinds","0","TestRewriter_Enter_NoShortcut_PreservesKinds","","2026-08-20","passed","2026-08-20","","Go Test","github.com/specterops/bloodhound/cmd/api/src/queries/TestRewriter_Enter_NoShortcut_PreservesKinds","TestRewriter_Enter_NoShortcut_PreservesKinds"
"","12","should render when search string matches text entirely","HighlightedText","2026-08-20","passed","2026-08-20","","","",""
"","63","sets autoDisplayTable to true if query returns nodes only, searchType = cypher, and and enabled is true","useExploreTableAutoDisplay","2026-08-20","passed","2026-08-20","","","",""
"","8","should not render a Field when the provided value is []","Field","2026-08-20","passed","2026-08-20","","","",""
"","867","shows a warning for using labels associated with tags in zone forms","Rule Form","2026-08-20","passed","2026-08-20","","","",""
"","239","renders a snackbar notification in the dom and tests the long autoHideDuration","AppNotifications","2026-08-20","passed","2026-08-20","","","",""
"","2","returns undefined if graphData is undefined","normalizeGraphDataForSigma","2026-08-20","passed","2026-08-20","","","",""
"Test cases for TestResources_UpdateAssetGroupTag","0","TestResources_UpdateAssetGroupTag","","2026-08-20","passed","2026-08-20","","Go Test","github.com/specterops/bloodhound/cmd/api/src/api/v2/TestResources_UpdateAssetGroupTag","TestResources_UpdateAssetGroupTag"
"Test cases for TestService_GetNodeKind","0","TestService_GetNodeKind","","2026-08-20","passed","2026-08-20","","Go Test","github.com/specterops/bloodhound/server/extensions/internal/services/TestService_GetNodeKind","TestService_GetNodeKind"
"","125","buttons are disabled while loading","LoginForm","2026-08-20","passed","2026-08-20","","","",""
"","286","displays 0 when a given sections returns empty, and sums the rest of the sections correctly","EntityInfoDataTable","2026-08-20","passed","2026-08-20","","Node count for nested table that counts all sections","",""
"Test cases for TestService_GetFlagByKey","0","TestService_GetFlagByKey","","2026-08-20","passed","2026-08-20","","Go Test","github.com/specterops/bloodhound/server/featureflags/internal/services/TestService_GetFlagByKey","TestService_GetFlagByKey"
"Test cases for TestStringScan","1","TestStringScan","","2026-08-20","passed","2026-08-20","","Go Test","github.com/specterops/bloodhound/cmd/api/src/database/types/null/TestStringScan","TestStringScan"
"Test cases for TestHandlers_GetNodeByID","0","TestHandlers_GetNodeByID","","2026-08-20","passed","2026-08-20","","Go Test","github.com/specterops/bloodhound/server/graphdb/internal/handlers/TestHandlers_GetNodeByID","TestHandlers_GetNodeByID"
"","47","shows the empty form message when Cypher Rule Form is empty","Seed Selection Results","2026-08-20","passed","2026-08-20","","","",""
"Test cases for TestBuildErrorResponseDefault","0","TestBuildErrorResponseDefault","","2026-08-20","passed","2026-08-20","","Go Test","github.com/specterops/bloodhound/cmd/api/src/api/TestBuildErrorResponseDefault","TestBuildErrorResponseDefault"
"","1546","displays a list of available sharphound and azurehound files to download","DownloadCollectors","2026-08-20","passed","2026-08-20","","","",""
"Test cases for TestFloatInfNaN","0","TestFloatInfNaN","","2026-08-20","passed","2026-08-20","","Go Test","github.com/specterops/bloodhound/cmd/api/src/database/types/null/TestFloatInfNaN","TestFloatInfNaN"
"Test cases for TestFilterParseAndValidate_Enrichment","0","TestFilterParseAndValidate_Enrichment","","2026-08-20","passed","2026-08-20","","Go Test","github.com/specterops/bloodhound/packages/go/params/TestFilterParseAndValidate_Enrichment","TestFilterParseAndValidate_Enrichment"
"","63","when `selectedItem` is null, the combobox does not display an icon","icon rendering","2026-08-20","passed","2026-08-20","","","",""
"Test cases for TestResources_GetAZRelatedEntities","163","TestResources_GetAZRelatedEntities","","2026-08-20","passed","2026-08-20","","Go Test","github.com/specterops/bloodhound/cmd/api/src/api/v2/TestResources_GetAZRelatedEntities","TestResources_GetAZRelatedEntities"
"","0","shows no collection methods","toCollected","2026-08-20","passed","2026-08-20","","","",""
"Test cases for TestSetValuesFromEnv","0","TestSetValuesFromEnv","","2026-08-20","passed","2026-08-20","","Go Test","github.com/specterops/bloodhound/cmd/api/src/config/TestSetValuesFromEnv","TestSetValuesFromEnv"
"","1","returns Object ID message when ruleType is SeedTypeObjectId and seeds are required","getErrorMessage","2026-08-20","passed","2026-08-20","","","",""
"Test cases for TestManagementResource_ListPermissions_PredicateMismatchWithColumn","0","TestManagementResource_ListPermissions_PredicateMismatchWithColumn","","2026-08-20","passed","2026-08-20","","Go Test","github.com/specterops/bloodhound/cmd/api/src/api/v2/auth/TestManagementResource_ListPermissions_PredicateMismatchWithColumn","TestManagementResource_ListPermissions_PredicateMismatchWithColumn"
"","0","A type was provided but no keyword follows the typed filter","Getting the text for the disabled item display for a search when there are no results","2026-08-20","passed","2026-08-20","","Empty data states","",""
"","477","should focus the token name when it is required","UserTokenManagementDialog","2026-08-20","passed","2026-08-20","","when user clicks ""Create Token"" button","",""
"","322","should render","LoginForm","2026-08-20","passed","2026-08-20","","","",""
"","42","returns initialValue when the key is absent from localStorage","useLocalStorage","2026-08-20","passed","2026-08-20","","initial value","",""
"","1359","handles copying the name","CopyMenuItem","2026-08-20","passed","2026-08-20","","","",""
"Test cases for TestStringIsZero","0","TestStringIsZero","","2026-08-20","passed","2026-08-20","","Go Test","github.com/specterops/bloodhound/cmd/api/src/database/types/null/TestStringIsZero","TestStringIsZero"
"Test cases for TestNewLocalStore","23","TestNewLocalStore","","2026-08-20","passed","2026-08-20","","Go Test","github.com/specterops/bloodhound/packages/go/storage/TestNewLocalStore","TestNewLocalStore"
"","0","should return an object denoting that the property is not in the schema when it is unrecognized","validating a node property against the shared generated schema","2026-08-20","passed","2026-08-20","","","",""
"Test cases for TestDomainSelectors_GetFilterCriteria_InvalidFilterPredicate","0","TestDomainSelectors_GetFilterCriteria_InvalidFilterPredicate","","2026-08-20","passed","2026-08-20","","Go Test","github.com/specterops/bloodhound/cmd/api/src/model/TestDomainSelectors_GetFilterCriteria_InvalidFilterPredicate","TestDomainSelectors_GetFilterCriteria_InvalidFilterPredicate"
"","133","renders the analysis toggle when multi tier analysis enabled is true and when editing an existing zone","Tag Form","2026-08-20","passed","2026-08-20","","","",""
"","613","selects the single returned node and closes the search widget when the query returns exactly one node","ExploreSearch handling of cypher query responses","2026-08-20","passed","2026-08-20","","","",""
"","80","displays an error message while fetching fails","ActiveExtensionsCard","2026-08-20","passed","2026-08-20","","","",""
"","1","reports an API error when the name for the rule is not unique","handleError","2026-08-20","passed","2026-08-20","","","",""
"","1","runs a pathfinding search when the query param is set to ""pathfinding""","useExploreGraph","2026-08-20","passed","2026-08-20","","exploreGraphQueryFactory","",""
"","40","sets input text to value","ManagedDatePicker - value","2026-08-20","passed","2026-08-20","","","",""
"Test cases for TestService_GetRequest","0","TestService_GetRequest","","2026-08-20","passed","2026-08-20","","Go Test","github.com/specterops/bloodhound/server/analysis/internal/services/TestService_GetRequest","TestService_GetRequest"
"","5","succeeds for valid password","testPassword","2026-08-20","passed","2026-08-20","","","",""
"Test cases for TestResources_CreateSavedQuery_NotAUserAuth","0","TestResources_CreateSavedQuery_NotAUserAuth","","2026-08-20","passed","2026-08-20","","Go Test","github.com/specterops/bloodhound/cmd/api/src/api/v2/TestResources_CreateSavedQuery_NotAUserAuth","TestResources_CreateSavedQuery_NotAUserAuth"
"","346","sets primarySearch to the node objectId when an item is clicked","EntityInfoDataTableGraphed","2026-08-20","passed","2026-08-20","","clicking a node navigates using the node objectId","",""
"","27","should render skeletons for both cells while loading","LoadContainer","2026-08-20","passed","2026-08-20","","","",""
"Test cases for TestRewriter_Enter_UpdatingClauseSetsHasMutation","0","TestRewriter_Enter_UpdatingClauseSetsHasMutation","","2026-08-20","passed","2026-08-20","","Go Test","github.com/specterops/bloodhound/cmd/api/src/queries/TestRewriter_Enter_UpdatingClauseSetsHasMutation","TestRewriter_Enter_UpdatingClauseSetsHasMutation"
"","224","Selecting an edge with a Computer target node that does not have haslaps enabled shows correct Windows Abuse text","EdgeInfoContent","2026-08-20","passed","2026-08-20","","","",""
"Test cases for TestUnmarshalInt","0","TestUnmarshalInt","","2026-08-20","passed","2026-08-20","","Go Test","github.com/specterops/bloodhound/cmd/api/src/database/types/null/TestUnmarshalInt","TestUnmarshalInt"
"Test cases for TestInt64ValueOrZero","0","TestInt64ValueOrZero","","2026-08-20","passed","2026-08-20","","Go Test","github.com/specterops/bloodhound/cmd/api/src/database/types/null/TestInt64ValueOrZero","TestInt64ValueOrZero"
"Test cases for TestDatabaseWipe","7","TestDatabaseWipe","","2026-08-20","passed","2026-08-20","","Go Test","github.com/specterops/bloodhound/cmd/api/src/api/v2/TestDatabaseWipe","TestDatabaseWipe"
"Test cases for TestParseOptionalBoolEmptyValue","0","TestParseOptionalBoolEmptyValue","","2026-08-20","passed","2026-08-20","","Go Test","github.com/specterops/bloodhound/cmd/api/src/api/TestParseOptionalBoolEmptyValue","TestParseOptionalBoolEmptyValue"
"","1","handles environment with impactValue at exact threshold boundaries","filterAndSearchEnvironments","2026-08-20","passed","2026-08-20","","edge cases","",""
"Test cases for TestBoolFromPtr","0","TestBoolFromPtr","","2026-08-20","passed","2026-08-20","","Go Test","github.com/specterops/bloodhound/cmd/api/src/database/types/null/TestBoolFromPtr","TestBoolFromPtr"
"Test cases for Test_GetAssetGroupMembersBySelector","0","Test_GetAssetGroupMembersBySelector","","2026-08-20","passed","2026-08-20","","Go Test","github.com/specterops/bloodhound/cmd/api/src/api/v2/Test_GetAssetGroupMembersBySelector","Test_GetAssetGroupMembersBySelector"
"Test cases for Test_ConvertAzureRoleManagementPolicyAssignment","0","Test_ConvertAzureRoleManagementPolicyAssignment","","2026-08-20","passed","2026-08-20","","Go Test","github.com/specterops/bloodhound/packages/go/ein/Test_ConvertAzureRoleManagementPolicyAssignment","Test_ConvertAzureRoleManagementPolicyAssignment"
"","191","adds node to asset group tag without confirmation","AssetGroupMenuItem","2026-08-20","passed","2026-08-20","","","",""
"Test cases for TestManagementResource_ListUsers_SortingError","0","TestManagementResource_ListUsers_SortingError","","2026-08-20","passed","2026-08-20","","Go Test","github.com/specterops/bloodhound/cmd/api/src/api/v2/auth/TestManagementResource_ListUsers_SortingError","TestManagementResource_ListUsers_SortingError"
"","6370","expand all button expands all sections after collapsing","Pathfinding","2026-08-20","passed","2026-08-20","","","",""
"","4","returns the selected values for a some selection","getValuesFromSelection","2026-08-20","passed","2026-08-20","","","",""
"","16","disables the upload button and does not populate a table if the user lacks the permission","File Upload","2026-08-20","passed","2026-08-20","","","",""
"","95","should on clicking collapse all remove expandedPanelSections param from url and set isObjectInfoPanelOpen in context to false","EntityInfoHeader","2026-08-20","passed","2026-08-20","","","",""
"Test cases for TestResources_ListPublishedTemplates","0","TestResources_ListPublishedTemplates","","2026-08-20","passed","2026-08-20","","Go Test","github.com/specterops/bloodhound/cmd/api/src/api/v2/TestResources_ListPublishedTemplates","TestResources_ListPublishedTemplates"
"","284","sets the calendar date to match the valid","ManagedDatePicker - value","2026-08-20","passed","2026-08-20","","","",""
"Test cases for TestNewAuditLog_Error","0","TestNewAuditLog_Error","","2026-08-20","passed","2026-08-20","","Go Test","github.com/specterops/bloodhound/cmd/api/src/database/TestNewAuditLog_Error","TestNewAuditLog_Error"
"Test cases for TestWriteArchiveFileToStorage","4","TestWriteArchiveFileToStorage","","2026-08-20","passed","2026-08-20","","Go Test","github.com/specterops/bloodhound/cmd/api/src/services/graphify/TestWriteArchiveFileToStorage","TestWriteArchiveFileToStorage"
"","527","should reject passwords where only a space is used as the special character","CreateUserForm","2026-08-20","passed","2026-08-20","","","",""
"","0","should return true when value partially matches term","compareTerm","2026-08-20","passed","2026-08-20","","","",""
"","6","renders without pulse animation by default","StatusIndicator","2026-08-20","passed","2026-08-20","","","",""
"","46","renders the title","ProcessingIndicator","2026-08-20","passed","2026-08-20","","","",""
"","68","displays security warning","Enable2FADialog","2026-08-20","passed","2026-08-20","","","",""
"","3416","should close the edge filtering dialog when user clicks cancel button","EdgeFilter","2026-08-20","passed","2026-08-20","","","",""
"","131","should render tag to Label content","TagToZoneLabelDialog","2026-08-20","passed","2026-08-20","","","",""
"","402","On unsuccessful upload, notifies with an error and displays a retry button","SchemaUploadDialog","2026-08-20","passed","2026-08-20","","","",""
"Test cases for TestTrackerBuilder_Build_SortsKeysAndIDs","0","TestTrackerBuilder_Build_SortsKeysAndIDs","","2026-08-20","passed","2026-08-20","","Go Test","github.com/specterops/bloodhound/packages/go/analysis/post/TestTrackerBuilder_Build_SortsKeysAndIDs","TestTrackerBuilder_Build_SortsKeysAndIDs"
"","506","displays current password error messages when current password is empty","PasswordDialog","2026-08-20","passed","2026-08-20","","","",""
"","321","displays a completion of 100% and adds a ""Close"" button that closes the dialog after a successful upload","SchemaUploadDialog","2026-08-20","passed","2026-08-20","","","",""
"","414","Displays the rules list if passed in through additional sections","EntityInfoDataTableList","2026-08-20","passed","2026-08-20","","","",""
"","3","should return null if the edge key does not have enough information","getEdgeDataFromKey","2026-08-20","passed","2026-08-20","","","",""
"Test cases for TestManagementResource_UpdateUser_SelfDisable","1292","TestManagementResource_UpdateUser_SelfDisable","","2026-08-20","passed","2026-08-20","","Go Test","github.com/specterops/bloodhound/cmd/api/src/api/v2/auth/TestManagementResource_UpdateUser_SelfDisable","TestManagementResource_UpdateUser_SelfDisable"
"Test cases for TestConvertDomainToNode_InheritanceHashes","0","TestConvertDomainToNode_InheritanceHashes","","2026-08-20","passed","2026-08-20","","Go Test","github.com/specterops/bloodhound/packages/go/ein/TestConvertDomainToNode_InheritanceHashes","TestConvertDomainToNode_InheritanceHashes"
"Test cases for TestMergedFS_Open","0","TestMergedFS_Open","","2026-08-20","passed","2026-08-20","","Go Test","github.com/specterops/bloodhound/cmd/api/src/database/migration/TestMergedFS_Open","TestMergedFS_Open"
"","1","returns the same nodes from the graphData","getExploreTableData","2026-08-20","passed","2026-08-20","","","",""
"Test cases for TestResources_GetSearchResult_ETAC","46","TestResources_GetSearchResult_ETAC","","2026-08-20","passed","2026-08-20","","Go Test","github.com/specterops/bloodhound/cmd/api/src/api/v2/TestResources_GetSearchResult_ETAC","TestResources_GetSearchResult_ETAC"
"Test cases for TestCache_Reset","0","TestCache_Reset","","2026-08-20","passed","2026-08-20","","Go Test","github.com/specterops/bloodhound/packages/go/cache/TestCache_Reset","TestCache_Reset"
"Test cases for TestManagementResource_UpdateUser_UserSelfModify","1378","TestManagementResource_UpdateUser_UserSelfModify","","2026-08-20","passed","2026-08-20","","Go Test","github.com/specterops/bloodhound/cmd/api/src/api/v2/auth/TestManagementResource_UpdateUser_UserSelfModify","TestManagementResource_UpdateUser_UserSelfModify"
"Test cases for TestOrphanFileSweeper_IsExcludedStoragePath","23","TestOrphanFileSweeper_IsExcludedStoragePath","","2026-08-20","passed","2026-08-20","","Go Test","github.com/specterops/bloodhound/cmd/api/src/daemons/datapipe/TestOrphanFileSweeper_IsExcludedStoragePath","TestOrphanFileSweeper_IsExcludedStoragePath"
"Test cases for TestResources_GetGPOEntityInfo","1","TestResources_GetGPOEntityInfo","","2026-08-20","passed","2026-08-20","","Go Test","github.com/specterops/bloodhound/cmd/api/src/api/v2/TestResources_GetGPOEntityInfo","TestResources_GetGPOEntityInfo"
"","560","displays a Upload Files button","FileIngest","2026-08-20","passed","2026-08-20","","","",""
"","167","fires editQuery in context provider","ListItemActionMenu","2026-08-20","passed","2026-08-20","","","",""
"Test cases for TestHasValidRolesForETAC","0","TestHasValidRolesForETAC","","2026-08-20","passed","2026-08-20","","Go Test","github.com/specterops/bloodhound/cmd/api/src/api/v2/auth/TestHasValidRolesForETAC","TestHasValidRolesForETAC"
"Test cases for TestArgon2_Digest","0","TestArgon2_Digest","","2026-08-20","passed","2026-08-20","","Go Test","github.com/specterops/bloodhound/packages/go/crypto/TestArgon2_Digest","TestArgon2_Digest"
"","4","announces a message with assertive priority","AnnouncementProvider","2026-08-20","passed","2026-08-20","","","",""
"","29","renders the search button","GraphControls","2026-08-20","passed","2026-08-20","","Searching current results","",""
"Test cases for TestService_GetDatapipeStatus","0","TestService_GetDatapipeStatus","","2026-08-20","passed","2026-08-20","","Go Test","github.com/specterops/bloodhound/server/appcfg/internal/services/TestService_GetDatapipeStatus","TestService_GetDatapipeStatus"
"Test cases for TestIsValidClientVersion","0","TestIsValidClientVersion","","2026-08-20","passed","2026-08-20","","Go Test","github.com/specterops/bloodhound/cmd/api/src/utils/TestIsValidClientVersion","TestIsValidClientVersion"
"","12","displays CaretDown icon when the sortOrder is desc","ColumnHeaders","2026-08-20","passed","2026-08-20","","SortableHeader","",""
"","282","clicking a delete button calls deleteHandler","PrebuiltSearchList","2026-08-20","passed","2026-08-20","","","",""
"","967","sets input text on date click","ManagedDatePicker - date validation","2026-08-20","passed","2026-08-20","","","",""
"Test cases for TestManagementResource_CreateAuthToken","11813","TestManagementResource_CreateAuthToken","","2026-08-20","passed","2026-08-20","","Go Test","github.com/specterops/bloodhound/cmd/api/src/api/v2/auth/TestManagementResource_CreateAuthToken","TestManagementResource_CreateAuthToken"
"Test cases for TestResources_ListADComputerAdmins","0","TestResources_ListADComputerAdmins","","2026-08-20","passed","2026-08-20","","Go Test","github.com/specterops/bloodhound/cmd/api/src/api/v2/TestResources_ListADComputerAdmins","TestResources_ListADComputerAdmins"
"Test cases for TestResources_ListADDomainForeignGroups","0","TestResources_ListADDomainForeignGroups","","2026-08-20","passed","2026-08-20","","Go Test","github.com/specterops/bloodhound/cmd/api/src/api/v2/TestResources_ListADDomainForeignGroups","TestResources_ListADDomainForeignGroups"
"","8","renders without label when label is empty string","StatusIndicator","2026-08-20","passed","2026-08-20","","","",""
"","0","propagates environment_kind_id when provided","getOpenGraphEnvironmentInfo","2026-08-20","passed","2026-08-20","","","",""
"","319","calls onLayoutChange with the selected layout","GraphControls","2026-08-20","passed","2026-08-20","","Selecting a layout","",""
"","168","renders with a selected icon","Glyph Select Dialog","2026-08-20","passed","2026-08-20","","","",""
"","0","returns an empty array for a some selection with no values","getValuesFromSelection","2026-08-20","passed","2026-08-20","","","",""
"","0","properly displays bitwise integers","Formatting number properties","2026-08-20","passed","2026-08-20","","","",""
"Test cases for TestEnsureServerDirectoriesCreatesRequiredDirectories","1","TestEnsureServerDirectoriesCreatesRequiredDirectories","","2026-08-20","passed","2026-08-20","","Go Test","github.com/specterops/bloodhound/cmd/api/src/bootstrap/TestEnsureServerDirectoriesCreatesRequiredDirectories","TestEnsureServerDirectoriesCreatesRequiredDirectories"
"Test cases for TestOrphanFileSweeper_ClearStoredIngestFilesNormalizesListedPaths","20","TestOrphanFileSweeper_ClearStoredIngestFilesNormalizesListedPaths","","2026-08-20","passed","2026-08-20","","Go Test","github.com/specterops/bloodhound/cmd/api/src/daemons/datapipe/TestOrphanFileSweeper_ClearStoredIngestFilesNormalizesListedPaths","TestOrphanFileSweeper_ClearStoredIngestFilesNormalizesListedPaths"
"Test cases for TestResources_DeleteExtension","133","TestResources_DeleteExtension","","2026-08-20","passed","2026-08-20","","Go Test","github.com/specterops/bloodhound/cmd/api/src/api/v2/TestResources_DeleteExtension","TestResources_DeleteExtension"
"Test cases for TestDomainSelectors_GetFilterCriteria_Domain","0","TestDomainSelectors_GetFilterCriteria_Domain","","2026-08-20","passed","2026-08-20","","Go Test","github.com/specterops/bloodhound/cmd/api/src/model/TestDomainSelectors_GetFilterCriteria_Domain","TestDomainSelectors_GetFilterCriteria_Domain"
"","480","disables any available button toggles if the user lacks the permission","EarlyAccessFeatures","2026-08-20","passed","2026-08-20","","","",""
"Test cases for TestSIDSuffix_String","0","TestSIDSuffix_String","","2026-08-20","passed","2026-08-20","","Go Test","github.com/specterops/bloodhound/packages/go/analysis/ad/wellknown/TestSIDSuffix_String","TestSIDSuffix_String"
"Test cases for TestRewriter_Enter_CombinedADAndAzureShortcut_PreservesOrder","0","TestRewriter_Enter_CombinedADAndAzureShortcut_PreservesOrder","","2026-08-20","passed","2026-08-20","","Go Test","github.com/specterops/bloodhound/cmd/api/src/queries/TestRewriter_Enter_CombinedADAndAzureShortcut_PreservesOrder","TestRewriter_Enter_CombinedADAndAzureShortcut_PreservesOrder"
"Test cases for TestMatches_FailureErrMsg","0","TestMatches_FailureErrMsg","","2026-08-20","passed","2026-08-20","","Go Test","github.com/specterops/bloodhound/cmd/api/src/model/TestMatches_FailureErrMsg","TestMatches_FailureErrMsg"
"Test cases for TestResources_ListADGPOAffectedContainers","3","TestResources_ListADGPOAffectedContainers","","2026-08-20","passed","2026-08-20","","Go Test","github.com/specterops/bloodhound/cmd/api/src/api/v2/TestResources_ListADGPOAffectedContainers","TestResources_ListADGPOAffectedContainers"
"","1","returns all environments when no filters are active","filterAndSearchEnvironments","2026-08-20","passed","2026-08-20","","with no filters applied","",""
"Test cases for TestResources_GetEdgeComposition","110","TestResources_GetEdgeComposition","","2026-08-20","passed","2026-08-20","","Go Test","github.com/specterops/bloodhound/cmd/api/src/api/v2/TestResources_GetEdgeComposition","TestResources_GetEdgeComposition"
"","812","should call onSubmit with email address and password when login button clicked","LoginForm","2026-08-20","passed","2026-08-20","","","",""
"Test cases for TestSignRequestValuesUnsupportedHMACMethod","0","TestSignRequestValuesUnsupportedHMACMethod","","2026-08-20","passed","2026-08-20","","Go Test","github.com/specterops/bloodhound/cmd/api/src/api/TestSignRequestValuesUnsupportedHMACMethod","TestSignRequestValuesUnsupportedHMACMethod"
"Test cases for TestInt64FromPtr","0","TestInt64FromPtr","","2026-08-20","passed","2026-08-20","","Go Test","github.com/specterops/bloodhound/cmd/api/src/database/types/null/TestInt64FromPtr","TestInt64FromPtr"
"","8","disables the upload button when the user does not have manage ingest permission","File Upload","2026-08-20","passed","2026-08-20","","","",""
"Test cases for TestResources_ListADGroupSessions","1","TestResources_ListADGroupSessions","","2026-08-20","passed","2026-08-20","","Go Test","github.com/specterops/bloodhound/cmd/api/src/api/v2/TestResources_ListADGroupSessions","TestResources_ListADGroupSessions"
"","248","The API key management option should appear in profile page if the user is configured for SAML login","UserProfile with SSO User","2026-08-20","passed","2026-08-20","","","",""
"Test cases for TestGetScheme","0","TestGetScheme","","2026-08-20","passed","2026-08-20","","Go Test","github.com/specterops/bloodhound/cmd/api/src/api/middleware/TestGetScheme","TestGetScheme"
"","318","opens confirmation dialog when delete button is clicked","ActiveExtensionsCard","2026-08-20","passed","2026-08-20","","","",""
"Test cases for TestIngestControl_writeRetainedFileToTar","17","TestIngestControl_writeRetainedFileToTar","","2026-08-20","passed","2026-08-20","","Go Test","github.com/specterops/bloodhound/cmd/api/src/api/tools/TestIngestControl_writeRetainedFileToTar","TestIngestControl_writeRetainedFileToTar"
"Test cases for TestService_GetRelationship_ReturnsAccessDeniedForEndpoint","0","TestService_GetRelationship_ReturnsAccessDeniedForEndpoint","","2026-08-20","passed","2026-08-20","","Go Test","github.com/specterops/bloodhound/server/graphdb/internal/services/TestService_GetRelationship_ReturnsAccessDeniedForEndpoint","TestService_GetRelationship_ReturnsAccessDeniedForEndpoint"
"","328","prevents a user from proceeding if the file is not valid","ImportQueryDialog","2026-08-20","passed","2026-08-20","","","",""
"","14","shows hint by default","ManagedDatePicker - placeholders","2026-08-20","passed","2026-08-20","","","",""
"Test cases for TestAnalysisStepNames_ContainsNameForEachDefinedBit","4","TestAnalysisStepNames_ContainsNameForEachDefinedBit","","2026-08-20","passed","2026-08-20","","Go Test","github.com/specterops/bloodhound/cmd/api/src/model/TestAnalysisStepNames_ContainsNameForEachDefinedBit","TestAnalysisStepNames_ContainsNameForEachDefinedBit"
"Test cases for TestManagementResource_GetSelf","2","TestManagementResource_GetSelf","","2026-08-20","passed","2026-08-20","","Go Test","github.com/specterops/bloodhound/cmd/api/src/api/v2/auth/TestManagementResource_GetSelf","TestManagementResource_GetSelf"
"","314","renders a non-primary button as expected","DropdownSelector","2026-08-20","passed","2026-08-20","","","",""
"","3","formats the date string","toFormatted","2026-08-20","passed","2026-08-20","","","",""
"","14","makes no count request when neither a Tag or Rule is selected (tagId and ruleId are undefined from path params","useObjectCounts","2026-08-20","passed","2026-08-20","","","",""
"","408","adds a ""Close"" button that closes the dialog after a failed upload","SchemaUploadDialog","2026-08-20","passed","2026-08-20","","","",""
"Test cases for TestResources_ListADDomainDCSyncers","1","TestResources_ListADDomainDCSyncers","","2026-08-20","passed","2026-08-20","","Go Test","github.com/specterops/bloodhound/cmd/api/src/api/v2/TestResources_ListADDomainDCSyncers","TestResources_ListADDomainDCSyncers"
"Test cases for TestResources_SearchAssetGroupTagHistory","153","TestResources_SearchAssetGroupTagHistory","","2026-08-20","passed","2026-08-20","","Go Test","github.com/specterops/bloodhound/cmd/api/src/api/v2/TestResources_SearchAssetGroupTagHistory","TestResources_SearchAssetGroupTagHistory"
"Test cases for TestQueries_GetEntityObjectIDFromRequestPath","0","TestQueries_GetEntityObjectIDFromRequestPath","","2026-08-20","passed","2026-08-20","","Go Test","github.com/specterops/bloodhound/cmd/api/src/queries/TestQueries_GetEntityObjectIDFromRequestPath","TestQueries_GetEntityObjectIDFromRequestPath"
"","1","returns false when WebGL is not available in the current browser context","WebGL compatibility check","2026-08-20","passed","2026-08-20","","","",""
"","217","disables the JSON button if the JSON is empty","GraphControls","2026-08-20","passed","2026-08-20","","Exporting json","",""
"","0","An unknown error occurred when fetching the data","Getting the text for the disabled item display for a search when there are no results","2026-08-20","passed","2026-08-20","","Error states","",""
"","1002","renders asset group edit options with graph write permissions","ContextMenu","2026-08-20","passed","2026-08-20","","","",""
"","207","handles removing from a non-tier-zero asset group","AssetGroupMenuItem","2026-08-20","passed","2026-08-20","","removing from an asset group","",""
"Test cases for TestResources_ListAssetGroups","0","TestResources_ListAssetGroups","","2026-08-20","passed","2026-08-20","","Go Test","github.com/specterops/bloodhound/cmd/api/src/api/v2/TestResources_ListAssetGroups","TestResources_ListAssetGroups"
"Test cases for TestAuditLogin","0","TestAuditLogin","","2026-08-20","passed","2026-08-20","","Go Test","github.com/specterops/bloodhound/cmd/api/src/api/TestAuditLogin","TestAuditLogin"
"","338","sets a secondary=id and searchType=pathfinding when primary is truethy","ContextMenu","2026-08-20","passed","2026-08-20","","","",""
"","482","calls onSave without current password when requireCurrentPassword is false","PasswordDialog","2026-08-20","passed","2026-08-20","","","",""
"Test cases for TestIntFromPtr","0","TestIntFromPtr","","2026-08-20","passed","2026-08-20","","Go Test","github.com/specterops/bloodhound/cmd/api/src/database/types/null/TestIntFromPtr","TestIntFromPtr"
"Test cases for TestManagementResource_SAMLLoginHandler","14","TestManagementResource_SAMLLoginHandler","","2026-08-20","passed","2026-08-20","","Go Test","github.com/specterops/bloodhound/cmd/api/src/api/v2/auth/TestManagementResource_SAMLLoginHandler","TestManagementResource_SAMLLoginHandler"
"Test cases for TestResources_GetShortestPath","10","TestResources_GetShortestPath","","2026-08-20","passed","2026-08-20","","Go Test","github.com/specterops/bloodhound/cmd/api/src/api/v2/TestResources_GetShortestPath","TestResources_GetShortestPath"
"Test cases for TestNormalizeToUTF8_LargeInput","0","TestNormalizeToUTF8_LargeInput","","2026-08-20","passed","2026-08-20","","Go Test","github.com/specterops/bloodhound/packages/go/bomenc/TestNormalizeToUTF8_LargeInput","TestNormalizeToUTF8_LargeInput"
"","12","populates the cypher search field with the decoded query when the associated query params are set","useCypherSearch","2026-08-20","passed","2026-08-20","","","",""
"","759","reflects the persisted selected layout in the controls menu","GraphView","2026-08-20","passed","2026-08-20","","Layout selection and de-selection","",""
"","502","when a search result is clicked it calls `handleNodeSelected`","ExploreSearchCombobox","2026-08-20","passed","2026-08-20","","","",""
"Test cases for TestGetLatestQueryParameter_LatestMalformed","0","TestGetLatestQueryParameter_LatestMalformed","","2026-08-20","passed","2026-08-20","","Go Test","github.com/specterops/bloodhound/cmd/api/src/api/v2/TestGetLatestQueryParameter_LatestMalformed","TestGetLatestQueryParameter_LatestMalformed"
"Test cases for TestExpireUserAuthSecret_Success","0","TestExpireUserAuthSecret_Success","","2026-08-20","passed","2026-08-20","","Go Test","github.com/specterops/bloodhound/cmd/api/src/api/v2/auth/TestExpireUserAuthSecret_Success","TestExpireUserAuthSecret_Success"
"","336","invokes the selected action, closes the menu, and restores focus","GraphControls","2026-08-20","passed","2026-08-20","","Exporting json","",""
"Test cases for TestResources_ListAuditLogs_DBError","0","TestResources_ListAuditLogs_DBError","","2026-08-20","passed","2026-08-20","","Go Test","github.com/specterops/bloodhound/cmd/api/src/api/v2/TestResources_ListAuditLogs_DBError","TestResources_ListAuditLogs_DBError"
"","1446","shows an error message when unable to delete a rule","Rule Form","2026-08-20","passed","2026-08-20","","","",""
"Test cases for TestTextUnmarshalInt","0","TestTextUnmarshalInt","","2026-08-20","passed","2026-08-20","","Go Test","github.com/specterops/bloodhound/cmd/api/src/database/types/null/TestTextUnmarshalInt","TestTextUnmarshalInt"
"Test cases for FuzzFoldlLazy","0","FuzzFoldlLazy","","2026-08-20","passed","2026-08-20","","Go Test","github.com/specterops/bloodhound/packages/go/slicesext/FuzzFoldlLazy","FuzzFoldlLazy"
"Test cases for TestResources_ListADGroupMembership","0","TestResources_ListADGroupMembership","","2026-08-20","passed","2026-08-20","","Go Test","github.com/specterops/bloodhound/cmd/api/src/api/v2/TestResources_ListADGroupMembership","TestResources_ListADGroupMembership"
"","209","renders correctly with requiresCurrentPassword true","PasswordDialog","2026-08-20","passed","2026-08-20","","","",""
"Test cases for TestParseSkipQueryParameter_BadFormat","0","TestParseSkipQueryParameter_BadFormat","","2026-08-20","passed","2026-08-20","","Go Test","github.com/specterops/bloodhound/cmd/api/src/api/v2/TestParseSkipQueryParameter_BadFormat","TestParseSkipQueryParameter_BadFormat"
"Test cases for TestTimeExactEqual","0","TestTimeExactEqual","","2026-08-20","passed","2026-08-20","","Go Test","github.com/specterops/bloodhound/cmd/api/src/database/types/null/TestTimeExactEqual","TestTimeExactEqual"
"Test cases for TestWriteTimeWindowedResponse","0","TestWriteTimeWindowedResponse","","2026-08-20","passed","2026-08-20","","Go Test","github.com/specterops/bloodhound/cmd/api/src/api/TestWriteTimeWindowedResponse","TestWriteTimeWindowedResponse"
"Test cases for TestResources_ListADEntityControllables","5","TestResources_ListADEntityControllables","","2026-08-20","passed","2026-08-20","","Go Test","github.com/specterops/bloodhound/cmd/api/src/api/v2/TestResources_ListADEntityControllables","TestResources_ListADEntityControllables"
"Test cases for TestGetECAHostedChainedDomains_ForestHosting","0","TestGetECAHostedChainedDomains_ForestHosting","","2026-08-20","passed","2026-08-20","","Go Test","github.com/specterops/bloodhound/packages/go/analysis/ad/TestGetECAHostedChainedDomains_ForestHosting","TestGetECAHostedChainedDomains_ForestHosting"
"","71","sets a consistent height for the empty state","ActiveExtensionsCard","2026-08-20","passed","2026-08-20","","","",""
"Test cases for TestStorageFileService_WriteFile","38","TestStorageFileService_WriteFile","","2026-08-20","passed","2026-08-20","","Go Test","github.com/specterops/bloodhound/packages/go/storage/TestStorageFileService_WriteFile","TestStorageFileService_WriteFile"
"","38","returns the configured default selection when the URL contains no filter parameters","useMultiValueFilterParams","2026-08-20","passed","2026-08-20","","","",""
"","208","displays error if delete button is clicked when no checkbox is selected","DatabaseManagement","2026-08-20","passed","2026-08-20","","","",""
"","52","applies accent styling to headers when accent is true","<DetailsAccordion />","2026-08-20","passed","2026-08-20","","","",""
"","285","on clicking switch shows modal and when clicking confirm closes it and switch changes to enabled","CitrixRDPConfiguration","2026-08-20","passed","2026-08-20","","Click on switch to enable","",""
"","82","does not call onClick when no handler is provided","InfiniteScrollingTable","2026-08-20","passed","2026-08-20","","","",""
"","35","should display the checkbox group title","Checkbox group","2026-08-20","passed","2026-08-20","","","",""
"Test cases for Test_GetAssetGroupMembersByTag","6","Test_GetAssetGroupMembersByTag","","2026-08-20","passed","2026-08-20","","Go Test","github.com/specterops/bloodhound/cmd/api/src/api/v2/Test_GetAssetGroupMembersByTag","Test_GetAssetGroupMembersByTag"
"","156","does not trigger search for fewer than 3 characters","SearchBar","2026-08-20","passed","2026-08-20","","","",""
"","72","fetches relationship data when an id is provided","useGetRelationshipById","2026-08-20","passed","2026-08-20","","","",""
"","34","generates a human-friendly default filename for graph exports","exportGraphData","2026-08-20","passed","2026-08-20","","","",""
"Test cases for TestResources_CreateCustomNodeKindsTest","135","TestResources_CreateCustomNodeKindsTest","","2026-08-20","passed","2026-08-20","","Go Test","github.com/specterops/bloodhound/cmd/api/src/api/v2/TestResources_CreateCustomNodeKindsTest","TestResources_CreateCustomNodeKindsTest"
"Test cases for TestUnmarshalNonIntegerNumberToInt64","0","TestUnmarshalNonIntegerNumberToInt64","","2026-08-20","passed","2026-08-20","","Go Test","github.com/specterops/bloodhound/cmd/api/src/database/types/null/TestUnmarshalNonIntegerNumberToInt64","TestUnmarshalNonIntegerNumberToInt64"
"","10","adds expected text alignment class depending on the textAlign prop","ColumnHeaders","2026-08-20","passed","2026-08-20","","BaseColumnHeader","",""
"Test cases for TestJSONFloat_UnmarshalJSON","0","TestJSONFloat_UnmarshalJSON","","2026-08-20","passed","2026-08-20","","Go Test","github.com/specterops/bloodhound/cmd/api/src/database/types/nan/TestJSONFloat_UnmarshalJSON","TestJSONFloat_UnmarshalJSON"
"","717","renders a button that expands the filter section","AssetGroupEdit","2026-08-20","passed","2026-08-20","","","",""
"Test cases for TestAssetGroupMembers_BuildFilteringConditional_Error","0","TestAssetGroupMembers_BuildFilteringConditional_Error","","2026-08-20","passed","2026-08-20","","Go Test","github.com/specterops/bloodhound/cmd/api/src/api/TestAssetGroupMembers_BuildFilteringConditional_Error","TestAssetGroupMembers_BuildFilteringConditional_Error"
"Test cases for TestHandlers_GetRequest","3","TestHandlers_GetRequest","","2026-08-20","passed","2026-08-20","","Go Test","github.com/specterops/bloodhound/server/analysis/internal/handlers/TestHandlers_GetRequest","TestHandlers_GetRequest"
"Test cases for TestDatabase_checkError_OtherError","0","TestDatabase_checkError_OtherError","","2026-08-20","passed","2026-08-20","","Go Test","github.com/specterops/bloodhound/cmd/api/src/database/TestDatabase_checkError_OtherError","TestDatabase_checkError_OtherError"
"Test cases for TestAnalysisPipelineResultString","0","TestAnalysisPipelineResultString","","2026-08-20","passed","2026-08-20","","Go Test","github.com/specterops/bloodhound/packages/go/analysis/TestAnalysisPipelineResultString","TestAnalysisPipelineResultString"
"Test cases for TestNormalizeHTML","4","TestNormalizeHTML","","2026-08-20","passed","2026-08-20","","Go Test","github.com/specterops/bloodhound/cmd/api/src/services/opengraphschema/TestNormalizeHTML","TestNormalizeHTML"
"Test cases for Test_sortAndSliceResults_limit","0","Test_sortAndSliceResults_limit","","2026-08-20","passed","2026-08-20","","Go Test","github.com/specterops/bloodhound/cmd/api/src/queries/Test_sortAndSliceResults_limit","Test_sortAndSliceResults_limit"
"Test cases for TestAnalysisPipelineIntentString","0","TestAnalysisPipelineIntentString","","2026-08-20","passed","2026-08-20","","Go Test","github.com/specterops/bloodhound/packages/go/analysis/TestAnalysisPipelineIntentString","TestAnalysisPipelineIntentString"
"","536","sets exploreSearchTab param to pathfinding when the user clicks the `pathfinding` tab","ExploreSearch sets searchType on tab changing","2026-08-20","passed","2026-08-20","","","",""
"","377","calls onToggleEdgeLabels when click show all edge labels","GraphControls","2026-08-20","passed","2026-08-20","","Toggling labels","",""
"","141","buttons are disabled while loading","PasswordResetForm","2026-08-20","passed","2026-08-20","","","",""
"Test cases for TestRegister","4","TestRegister","","2026-08-20","passed","2026-08-20","","Go Test","github.com/specterops/bloodhound/server/featureflags/internal/routes/TestRegister","TestRegister"
"Test cases for TestHandlers_GetDatapipeStatus","1","TestHandlers_GetDatapipeStatus","","2026-08-20","passed","2026-08-20","","Go Test","github.com/specterops/bloodhound/server/appcfg/internal/handlers/TestHandlers_GetDatapipeStatus","TestHandlers_GetDatapipeStatus"
"Test cases for TestOpenGraphSchemaService_GetGraphSchemaExtensions","1","TestOpenGraphSchemaService_GetGraphSchemaExtensions","","2026-08-20","passed","2026-08-20","","Go Test","github.com/specterops/bloodhound/cmd/api/src/services/opengraphschema/TestOpenGraphSchemaService_GetGraphSchemaExtensions","TestOpenGraphSchemaService_GetGraphSchemaExtensions"
"","373","shows all extensions when search is cleared","ActiveExtensionsCard","2026-08-20","passed","2026-08-20","","","",""
"Test cases for TestCORSMiddleware","0","TestCORSMiddleware","","2026-08-20","passed","2026-08-20","","Go Test","github.com/specterops/bloodhound/cmd/api/src/api/middleware/TestCORSMiddleware","TestCORSMiddleware"
"","1005","should render","ExploreSearch rendering per tab","2026-08-20","passed","2026-08-20","","","",""
"","48","Should display a list of the asset group members","AssetGroupMemberList","2026-08-20","passed","2026-08-20","","","",""
"","61","renders three animated dots","ProcessingIndicator","2026-08-20","passed","2026-08-20","","","",""
"","53","returns undefined for sort params when no initial state is provided","useSortParams","2026-08-20","passed","2026-08-20","","","",""
"","2","rounds down fractional minutes/days","getSimpleDuration","2026-08-20","passed","2026-08-20","","","",""
"Test cases for TestNewSIDSuffix","0","TestNewSIDSuffix","","2026-08-20","passed","2026-08-20","","Go Test","github.com/specterops/bloodhound/packages/go/analysis/ad/wellknown/TestNewSIDSuffix","TestNewSIDSuffix"
"","208","should render a nav element with logo, two lists, a version number and a powered by","MainNav","2026-08-20","passed","2026-08-20","","","",""
"","0","returns undefined if paramValue is not an expected value","useExploreParams","2026-08-20","passed","2026-08-20","","parseSearchType","",""
"","59","displays a status indicator","StatusIndicator","2026-08-20","passed","2026-08-20","","","",""
"","175","links to the specified route with global params intact","AppLink","2026-08-20","passed","2026-08-20","","","",""
"","112","returns Tag Object counts when there is a Tag selected but no Rule selected (ruleId is undefined from path params)","useObjectCounts","2026-08-20","passed","2026-08-20","","","",""
"Test cases for TestTracker_HasEdge_PropertyChangeDetectedAsDeletion","0","TestTracker_HasEdge_PropertyChangeDetectedAsDeletion","","2026-08-20","passed","2026-08-20","","Go Test","github.com/specterops/bloodhound/packages/go/analysis/post/TestTracker_HasEdge_PropertyChangeDetectedAsDeletion","TestTracker_HasEdge_PropertyChangeDetectedAsDeletion"
"Test cases for TestAddOrderByToNeo4jQuery_WithOrderByClause","0","TestAddOrderByToNeo4jQuery_WithOrderByClause","","2026-08-20","passed","2026-08-20","","Go Test","github.com/specterops/bloodhound/cmd/api/src/api/v2/TestAddOrderByToNeo4jQuery_WithOrderByClause","TestAddOrderByToNeo4jQuery_WithOrderByClause"
"","89","should on clicking collapse all remove expandedPanelSections param from url and set isObjectInfoPanelOpen in context to false","EdgeInfoHeader","2026-08-20","passed","2026-08-20","","","",""
"","1","will return a list of values","Formatting list properties","2026-08-20","passed","2026-08-20","","","",""
"","117","should display the logged in user's email address","UserProfile","2026-08-20","passed","2026-08-20","","","",""
"Test cases for TestResources_CreateAssetGroupTagSelector","0","TestResources_CreateAssetGroupTagSelector","","2026-08-20","passed","2026-08-20","","Go Test","github.com/specterops/bloodhound/cmd/api/src/api/v2/TestResources_CreateAssetGroupTagSelector","TestResources_CreateAssetGroupTagSelector"
"","0","separates node and relationship stats","getMetricStatsByType","2026-08-20","passed","2026-08-20","","","",""
"Test cases for TestWriteError","0","TestWriteError","","2026-08-20","passed","2026-08-20","","Go Test","github.com/specterops/bloodhound/packages/go/responses/TestWriteError","TestWriteError"
"","523","renders the Namespace column header with an informational icon","ActiveExtensionsCard","2026-08-20","passed","2026-08-20","","","",""
"Test cases for TestRequireAllEnvironmentAccessMiddleware","0","TestRequireAllEnvironmentAccessMiddleware","","2026-08-20","passed","2026-08-20","","Go Test","github.com/specterops/bloodhound/cmd/api/src/api/middleware/TestRequireAllEnvironmentAccessMiddleware","TestRequireAllEnvironmentAccessMiddleware"
"","271","displays 0 when a given sections returns empty, and sums the rest of the sections correctly","EntityInfoDataTableGraphed","2026-08-20","passed","2026-08-20","","Node count for nested table that counts all sections","",""
"","198","renders the form for editing an existing zone","Tag Form","2026-08-20","passed","2026-08-20","","","",""
"Test cases for TestResources_DeleteAssetGroup","0","TestResources_DeleteAssetGroup","","2026-08-20","passed","2026-08-20","","Go Test","github.com/specterops/bloodhound/cmd/api/src/api/v2/TestResources_DeleteAssetGroup","TestResources_DeleteAssetGroup"
"","1","returns false when the response contains node_id instead","isRelationshipResponse","2026-08-20","passed","2026-08-20","","","",""
"","66","enables correctly returning the tag associated with Tier Zero (position value of 1) from the list of tags","the useAssetGroupTags utilities","2026-08-20","passed","2026-08-20","","","",""
"","157","constrains long zone names to the details panel width","Selected Details Tabs","2026-08-20","passed","2026-08-20","","","",""
"Test cases for TestHandlers_GetRelationshipKindByID","1","TestHandlers_GetRelationshipKindByID","","2026-08-20","passed","2026-08-20","","Go Test","github.com/specterops/bloodhound/server/extensions/internal/handlers/TestHandlers_GetRelationshipKindByID","TestHandlers_GetRelationshipKindByID"
"Test cases for TestContextMiddleware","0","TestContextMiddleware","","2026-08-20","passed","2026-08-20","","Go Test","github.com/specterops/bloodhound/cmd/api/src/api/middleware/TestContextMiddleware","TestContextMiddleware"
"Test cases for TestDisenrollMFA_Admin_Success","3192","TestDisenrollMFA_Admin_Success","","2026-08-20","passed","2026-08-20","","Go Test","github.com/specterops/bloodhound/cmd/api/src/api/v2/auth/TestDisenrollMFA_Admin_Success","TestDisenrollMFA_Admin_Success"
"Test cases for TestTextUnmarshalBool","0","TestTextUnmarshalBool","","2026-08-20","passed","2026-08-20","","Go Test","github.com/specterops/bloodhound/cmd/api/src/database/types/null/TestTextUnmarshalBool","TestTextUnmarshalBool"
"","0","returns empty array when combined filters match nothing","filterAndSearchEnvironments","2026-08-20","passed","2026-08-20","","combined filters","",""
"","65","excludes API edges that are associated with one of our built-in schema types","useEdgeCategories","2026-08-20","passed","2026-08-20","","","",""
"","158","displays appropriate text when there are no matches for search term","SearchCurrentNodes","2026-08-20","passed","2026-08-20","","","",""
"","9","does not render highlight for non-active tag","SelectedHighlight","2026-08-20","passed","2026-08-20","","","",""
"Test cases for TestService_GetNode_IgnoresEmptyKindInfoContent","0","TestService_GetNode_IgnoresEmptyKindInfoContent","","2026-08-20","passed","2026-08-20","","Go Test","github.com/specterops/bloodhound/server/graphdb/internal/services/TestService_GetNode_IgnoresEmptyKindInfoContent","TestService_GetNode_IgnoresEmptyKindInfoContent"
"","20","tag members refetches on environment change","the useAssetGroupTags utilities","2026-08-20","passed","2026-08-20","","","",""
"Test cases for TestManagementResource_UpdateUser_LookupActiveSessionsError","1270","TestManagementResource_UpdateUser_LookupActiveSessionsError","","2026-08-20","passed","2026-08-20","","Go Test","github.com/specterops/bloodhound/cmd/api/src/api/v2/auth/TestManagementResource_UpdateUser_LookupActiveSessionsError","TestManagementResource_UpdateUser_LookupActiveSessionsError"
"","312","calls openOIDCProviderDialog when OIDC Provider menu item is clicked","CreateMenu","2026-08-20","passed","2026-08-20","","oidc_support feature flag enabled","",""
"","224","highlights the table option instead of selectedLayout when table is selected on a cypher query","GraphControls","2026-08-20","passed","2026-08-20","","Table view selection state","",""
"","450","toggles parent from some to all","GraphDataCheckboxes","2026-08-20","passed","2026-08-20","","","",""
"","369","does fires TagToLabelDialog when the Label option is clicked","TagToZoneLabel","2026-08-20","passed","2026-08-20","","","",""
"Test cases for TestRRuleValidator","0","TestRRuleValidator","","2026-08-20","passed","2026-08-20","","Go Test","github.com/specterops/bloodhound/cmd/api/src/utils/validation/TestRRuleValidator","TestRRuleValidator"
"Test cases for TestConvertAzureRoleEligibilityScheduleInstanceToRel","0","TestConvertAzureRoleEligibilityScheduleInstanceToRel","","2026-08-20","passed","2026-08-20","","Go Test","github.com/specterops/bloodhound/packages/go/ein/TestConvertAzureRoleEligibilityScheduleInstanceToRel","TestConvertAzureRoleEligibilityScheduleInstanceToRel"
"","17","should display hidden label for hidden edge","EdgeInfoHeader","2026-08-20","passed","2026-08-20","","","",""
"","548","should not allow the input to exceed the allowed length","CreateUserForm","2026-08-20","passed","2026-08-20","","","",""
"","65","when there is no ID in the URL the highest position tag ID is returned","usePZQueryParams","2026-08-20","passed","2026-08-20","","","",""
"","205","does not highlight any layout option on first load when no layout has been manually selected","GraphControls","2026-08-20","passed","2026-08-20","","Selecting a layout","",""
"","1","returns graphData as is if it doesnt match the GraphResponse interface","normalizeGraphDataForSigma","2026-08-20","passed","2026-08-20","","","",""
"Test cases for TestMarshalString","0","TestMarshalString","","2026-08-20","passed","2026-08-20","","Go Test","github.com/specterops/bloodhound/cmd/api/src/database/types/null/TestMarshalString","TestMarshalString"
"Test cases for TestRequestWaitDuration_Failure","0","TestRequestWaitDuration_Failure","","2026-08-20","passed","2026-08-20","","Go Test","github.com/specterops/bloodhound/cmd/api/src/api/middleware/TestRequestWaitDuration_Failure","TestRequestWaitDuration_Failure"
"Test cases for TestCreateRuntimeDependenciesInitializesDefaultFileServices","2","TestCreateRuntimeDependenciesInitializesDefaultFileServices","","2026-08-20","passed","2026-08-20","","Go Test","github.com/specterops/bloodhound/cmd/api/src/services/TestCreateRuntimeDependenciesInitializesDefaultFileServices","TestCreateRuntimeDependenciesInitializesDefaultFileServices"
"","206","can render","ExploreSearchCombobox","2026-08-20","passed","2026-08-20","","","",""
"","124","renders loading skeletons while the query is pending","OpenGraphInfo","2026-08-20","passed","2026-08-20","","","",""
"","50","is not overwritten when node properties contain an id field","useExploreTableRowsAndColumns","2026-08-20","passed","2026-08-20","","bhGraphId","",""
"","1003","should hide Environmental Targeted Access Control panel when showEnvironmentAccessControls prop is true and power user role is selected","CreateUserForm","2026-08-20","passed","2026-08-20","","","",""
"Test cases for TestNewFeatureFlagRequestAdapter","1","TestNewFeatureFlagRequestAdapter","","2026-08-20","passed","2026-08-20","","Go Test","github.com/specterops/bloodhound/server/featureflags/TestNewFeatureFlagRequestAdapter","TestNewFeatureFlagRequestAdapter"
"","13","does not include OpenGraph edges when the associated feature flag is disabled","useEdgeCategories","2026-08-20","passed","2026-08-20","","","",""
"Test cases for TestWriteCSV","0","TestWriteCSV","","2026-08-20","passed","2026-08-20","","Go Test","github.com/specterops/bloodhound/packages/go/responses/TestWriteCSV","TestWriteCSV"
"Test cases for TestDisenrollMFA_Failure","0","TestDisenrollMFA_Failure","","2026-08-20","passed","2026-08-20","","Go Test","github.com/specterops/bloodhound/cmd/api/src/api/v2/auth/TestDisenrollMFA_Failure","TestDisenrollMFA_Failure"
"","1","floors DateTime objects to the nearest minute","floorToNearestMinute","2026-08-20","passed","2026-08-20","","","",""
"Test cases for TestServeHTTP_Success","0","TestServeHTTP_Success","","2026-08-20","passed","2026-08-20","","Go Test","github.com/specterops/bloodhound/cmd/api/src/api/middleware/TestServeHTTP_Success","TestServeHTTP_Success"
"","318","does not render an edit form for the selected asset group when a user does not have graph write permissions","GroupManagement","2026-08-20","passed","2026-08-20","","","",""
"","71","renders the total count and object counts on success","ObjectCountPanel","2026-08-20","passed","2026-08-20","","","",""
"","66","hides loading state when data is available","GraphDataCheckboxes","2026-08-20","passed","2026-08-20","","","",""
"","426","supports keyboard activation of additional actions","GraphControls","2026-08-20","passed","2026-08-20","","Exporting json","",""
"Test cases for TestResources_UpdateAssetGroupSelectors_PayloadError","0","TestResources_UpdateAssetGroupSelectors_PayloadError","","2026-08-20","passed","2026-08-20","","Go Test","github.com/specterops/bloodhound/cmd/api/src/api/v2/TestResources_UpdateAssetGroupSelectors_PayloadError","TestResources_UpdateAssetGroupSelectors_PayloadError"
"","187","should display a toggle switch to enable multi-factor authentication","UserProfile","2026-08-20","passed","2026-08-20","","","",""
"","328","sets a primarySearch=id and searchType=pathfinding when secondarySearch is truethy","ContextMenu","2026-08-20","passed","2026-08-20","","","",""
"","0","returns a function that does not update searchParams if a key is not found in the updatedParams","searchParams","2026-08-20","passed","2026-08-20","","setSingleParamFactory","",""
"Test cases for TestDisenrollMFA_Success","1135","TestDisenrollMFA_Success","","2026-08-20","passed","2026-08-20","","Go Test","github.com/specterops/bloodhound/cmd/api/src/api/v2/auth/TestDisenrollMFA_Success","TestDisenrollMFA_Success"
"Test cases for TestRegister_PanicsOnNilGraph","0","TestRegister_PanicsOnNilGraph","","2026-08-20","passed","2026-08-20","","Go Test","github.com/specterops/bloodhound/server/modules/TestRegister_PanicsOnNilGraph","TestRegister_PanicsOnNilGraph"
"Test cases for TestCacheEntryDigester_DigestEndpoint_MatchByName","0","TestCacheEntryDigester_DigestEndpoint_MatchByName","","2026-08-20","passed","2026-08-20","","Go Test","github.com/specterops/bloodhound/cmd/api/src/services/graphify/endpoint/TestCacheEntryDigester_DigestEndpoint_MatchByName","TestCacheEntryDigester_DigestEndpoint_MatchByName"
"","53","renders null when items is undefined","KindInfoItems","2026-08-20","passed","2026-08-20","","","",""
"Test cases for TestManagementResource_UpdateUser_DBError","1052","TestManagementResource_UpdateUser_DBError","","2026-08-20","passed","2026-08-20","","Go Test","github.com/specterops/bloodhound/cmd/api/src/api/v2/auth/TestManagementResource_UpdateUser_DBError","TestManagementResource_UpdateUser_DBError"
"Test cases for TestNewFileServiceResolver","5","TestNewFileServiceResolver","","2026-08-20","passed","2026-08-20","","Go Test","github.com/specterops/bloodhound/cmd/api/src/services/storage/TestNewFileServiceResolver","TestNewFileServiceResolver"
"","1","filters by high risk level","filterAndSearchEnvironments","2026-08-20","passed","2026-08-20","","risk filters","",""
"","0","fails for password with control characters","testPassword","2026-08-20","passed","2026-08-20","","","",""
"Test cases for TestRateLimitMiddleware","0","TestRateLimitMiddleware","","2026-08-20","passed","2026-08-20","","Go Test","github.com/specterops/bloodhound/cmd/api/src/api/middleware/TestRateLimitMiddleware","TestRateLimitMiddleware"
"","25","shows the direct object empty and expanded object list empty, when no results in both","Seed Selection Results","2026-08-20","passed","2026-08-20","","","",""
"","810","should not allow the input to exceed the allowed length","UpdateUserForm","2026-08-20","passed","2026-08-20","","","",""
"Test cases for TestManagementResource_ListAuthTokens_InvalidFilterPredicate","0","TestManagementResource_ListAuthTokens_InvalidFilterPredicate","","2026-08-20","passed","2026-08-20","","Go Test","github.com/specterops/bloodhound/cmd/api/src/api/v2/auth/TestManagementResource_ListAuthTokens_InvalidFilterPredicate","TestManagementResource_ListAuthTokens_InvalidFilterPredicate"
"Test cases for TestAnalysisStepsScan","11","TestAnalysisStepsScan","","2026-08-20","passed","2026-08-20","","Go Test","github.com/specterops/bloodhound/cmd/api/src/model/TestAnalysisStepsScan","TestAnalysisStepsScan"
"","1","EXTENDED ROUNDING with different thresholds","numberFormatting","2026-08-20","passed","2026-08-20","","","",""
"","3204","Clicking on a row causes row to be selected","ExploreTable","2026-08-20","passed","2026-08-20","","","",""
"","297","displays a Filters button","FileIngest","2026-08-20","passed","2026-08-20","","","",""
"","23","whencreated","Handling value formatting for Active Directory entity properties lastlogon, lastlogontimestamp, whencreated, and pwdlastset","2026-08-20","passed","2026-08-20","","","",""
"Test cases for TestFloatFromPtr","0","TestFloatFromPtr","","2026-08-20","passed","2026-08-20","","Go Test","github.com/specterops/bloodhound/cmd/api/src/database/types/null/TestFloatFromPtr","TestFloatFromPtr"
"","29","renders highlight only for active member when memberId is present","SelectedHighlight","2026-08-20","passed","2026-08-20","","","",""
"Test cases for TestStorageFileService_DeleteFileWithOptions_PrunesEmptyParents","19","TestStorageFileService_DeleteFileWithOptions_PrunesEmptyParents","","2026-08-20","passed","2026-08-20","","Go Test","github.com/specterops/bloodhound/packages/go/storage/TestStorageFileService_DeleteFileWithOptions_PrunesEmptyParents","TestStorageFileService_DeleteFileWithOptions_PrunesEmptyParents"
"Test cases for Test_filterAndFormatSearchResults_filterEnvironments_tenantIDFail","0","Test_filterAndFormatSearchResults_filterEnvironments_tenantIDFail","","2026-08-20","passed","2026-08-20","","Go Test","github.com/specterops/bloodhound/cmd/api/src/api/v2/Test_filterAndFormatSearchResults_filterEnvironments_tenantIDFail","Test_filterAndFormatSearchResults_filterEnvironments_tenantIDFail"
"","82","sets autoDisplayTable to false if enabled param is false","useExploreTableAutoDisplay","2026-08-20","passed","2026-08-20","","","",""
"","1","takes updatedParams and current URLSearchParams and returns a function","searchParams","2026-08-20","passed","2026-08-20","","setSingleParamFactory","",""
"","69","applies the given filters","useFinishedJobs","2026-08-20","passed","2026-08-20","","","",""
"","155","renders a filter button","FileIngestFilterDialog","2026-08-20","passed","2026-08-20","","","",""
"Test cases for TestParseHeaderValues","0","TestParseHeaderValues","","2026-08-20","passed","2026-08-20","","Go Test","github.com/specterops/bloodhound/cmd/api/src/api/middleware/TestParseHeaderValues","TestParseHeaderValues"
"Test cases for TestService_FetchNodesByObjectIDsAndKinds","0","TestService_FetchNodesByObjectIDsAndKinds","","2026-08-20","passed","2026-08-20","","Go Test","github.com/specterops/bloodhound/server/graphdb/internal/services/TestService_FetchNodesByObjectIDsAndKinds","TestService_FetchNodesByObjectIDsAndKinds"
"","12","allows you to update the list of selected filters, only updating the url after calling the apply function","usePathfindingFilters","2026-08-20","passed","2026-08-20","","","",""
"","10","hides items while permissions are loading","useSubNavRoutes","2026-08-20","passed","2026-08-20","","adminOnly gate","",""
"","0","should return an empty map when no tags or paths match","opsFilter","2026-08-20","passed","2026-08-20","","","",""
"Test cases for TestRegister","0","TestRegister","","2026-08-20","passed","2026-08-20","","Go Test","github.com/specterops/bloodhound/server/appcfg/internal/routes/TestRegister","TestRegister"
"Test cases for TestCache_NewCache","1","TestCache_NewCache","","2026-08-20","passed","2026-08-20","","Go Test","github.com/specterops/bloodhound/packages/go/cache/TestCache_NewCache","TestCache_NewCache"
"","351","filling in the name value allows updating the selector and navigates back to the details page","Tag Form","2026-08-20","passed","2026-08-20","","","",""
"Test cases for TestBuildErrorResponseUnauthorized","0","TestBuildErrorResponseUnauthorized","","2026-08-20","passed","2026-08-20","","Go Test","github.com/specterops/bloodhound/cmd/api/src/api/TestBuildErrorResponseUnauthorized","TestBuildErrorResponseUnauthorized"
"","14","dismisses a notification","AppNotifications","2026-08-20","passed","2026-08-20","","","",""
"","0","No type was provided and no results were available","Getting the text for the disabled item display for a search when there are no results","2026-08-20","passed","2026-08-20","","Empty data states","",""
"","76","navigates to the specified route with global params intact","AppNavigate","2026-08-20","passed","2026-08-20","","","",""
"Test cases for TestModifyCookieAttribute","3","TestModifyCookieAttribute","","2026-08-20","passed","2026-08-20","","Go Test","github.com/specterops/bloodhound/cmd/api/src/utils/test/TestModifyCookieAttribute","TestModifyCookieAttribute"
"","609","filters by the selected status","FileIngestFilterDialog","2026-08-20","passed","2026-08-20","","Status Select","",""
"","0","returns a function that can set arrays query params removes previous values set to that array query param","searchParams","2026-08-20","passed","2026-08-20","","setSingleParamFactory","",""
"Test cases for TestHasSequence","1","TestHasSequence","","2026-08-20","passed","2026-08-20","","Go Test","github.com/specterops/bloodhound/packages/go/bomenc/TestHasSequence","TestHasSequence"
"","0","leaves double quotes untouched","escapeCypherString","2026-08-20","passed","2026-08-20","","","",""
"Test cases for TestNewDefaultFileServices_ReturnsError","4","TestNewDefaultFileServices_ReturnsError","","2026-08-20","passed","2026-08-20","","Go Test","github.com/specterops/bloodhound/cmd/api/src/services/storage/TestNewDefaultFileServices_ReturnsError","TestNewDefaultFileServices_ReturnsError"
"","265","renders a graph if the query has any node edges","GraphView","2026-08-20","passed","2026-08-20","","","",""
"","148","invokes handleFilterChange with eq:false when clicked and custom_member filter is on","AssetGroupEdit","2026-08-20","passed","2026-08-20","","Custom Member checkbox filter","",""
"Test cases for TestManagementResource_ListAuthProviders","1","TestManagementResource_ListAuthProviders","","2026-08-20","passed","2026-08-20","","Go Test","github.com/specterops/bloodhound/cmd/api/src/api/v2/auth/TestManagementResource_ListAuthProviders","TestManagementResource_ListAuthProviders"
"","464","clears applied filters when clicking the Clear button","Privilege Zones History Filter Dialog","2026-08-20","passed","2026-08-20","","","",""
"","68","when session token or user are null, redirects to /login","AuthenticatedRoute","2026-08-20","passed","2026-08-20","","","",""
"","2","EXTENDED ROUNDING when thresholds are set: abbreviates hundred-thousands, millions, billions, trillions as expected","numberFormatting","2026-08-20","passed","2026-08-20","","","",""
"","63","Gets focus on keyboard shortcut","SearchBar","2026-08-20","passed","2026-08-20","","","",""
"","28","renders highlight only for active selector when ruleId is present","SelectedHighlight","2026-08-20","passed","2026-08-20","","","",""
"","1","does not abbreviate numbers < 1000","numberFormatting","2026-08-20","passed","2026-08-20","","","",""
"Test cases for TestDomainSelectors_TestIsSortable","0","TestDomainSelectors_TestIsSortable","","2026-08-20","passed","2026-08-20","","Go Test","github.com/specterops/bloodhound/cmd/api/src/model/TestDomainSelectors_TestIsSortable","TestDomainSelectors_TestIsSortable"
"Test cases for TestContextMiddlewareBypassEnabled","0","TestContextMiddlewareBypassEnabled","","2026-08-20","passed","2026-08-20","","Go Test","github.com/specterops/bloodhound/cmd/api/src/api/middleware/TestContextMiddlewareBypassEnabled","TestContextMiddlewareBypassEnabled"
"Test cases for TestResources_ListADComputerSessions","3","TestResources_ListADComputerSessions","","2026-08-20","passed","2026-08-20","","Go Test","github.com/specterops/bloodhound/cmd/api/src/api/v2/TestResources_ListADComputerSessions","TestResources_ListADComputerSessions"
"","579","clears the applied filter","FileIngestFilterDialog","2026-08-20","passed","2026-08-20","","Status Select","",""
"","0","returns the values of every option for an all selection","getValuesFromSelection","2026-08-20","passed","2026-08-20","","","",""
"Test cases for TestResources_SearchHandler","1","TestResources_SearchHandler","","2026-08-20","passed","2026-08-20","","Go Test","github.com/specterops/bloodhound/cmd/api/src/api/v2/TestResources_SearchHandler","TestResources_SearchHandler"
"Test cases for TestGetChainedDomains_IgnoresForestHosting","0","TestGetChainedDomains_IgnoresForestHosting","","2026-08-20","passed","2026-08-20","","Go Test","github.com/specterops/bloodhound/packages/go/analysis/ad/TestGetChainedDomains_IgnoresForestHosting","TestGetChainedDomains_IgnoresForestHosting"
"Test cases for TestLocalStore_Put","34","TestLocalStore_Put","","2026-08-20","passed","2026-08-20","","Go Test","github.com/specterops/bloodhound/packages/go/storage/TestLocalStore_Put","TestLocalStore_Put"
"","2","returns the node_keys from the graphData with duplicate keys removed and known keys added","getExploreTableData","2026-08-20","passed","2026-08-20","","","",""
"","55","renders highlight for the active tag","SelectedHighlight","2026-08-20","passed","2026-08-20","","","",""
"Test cases for Test_SetNodeProperties","2","Test_SetNodeProperties","","2026-08-20","passed","2026-08-20","","Go Test","github.com/specterops/bloodhound/cmd/api/src/api/v2/Test_SetNodeProperties","Test_SetNodeProperties"
"Test cases for TestIngestDNRelationship","0","TestIngestDNRelationship","","2026-08-20","passed","2026-08-20","","Go Test","github.com/specterops/bloodhound/cmd/api/src/services/graphify/TestIngestDNRelationship","TestIngestDNRelationship"
"","68","passes the check for at least one permission if the user is missing one of many required permissions","usePermissions","2026-08-20","passed","2026-08-20","","","",""
"","0","fails for password without uppercase letters","testPassword","2026-08-20","passed","2026-08-20","","","",""
"","273","should render a TagToZoneLabelDialog component","TagToZoneLabelDialog","2026-08-20","passed","2026-08-20","","","",""
"Test cases for TestStringValueOrZero","0","TestStringValueOrZero","","2026-08-20","passed","2026-08-20","","Go Test","github.com/specterops/bloodhound/cmd/api/src/database/types/null/TestStringValueOrZero","TestStringValueOrZero"
"","63","List Display Roles Hook is Loading","useListDisplayRoles","2026-08-20","passed","2026-08-20","","","",""
"","24","displays lastlogon cell as UNKNOWN when the value is 0","ExploreTableDataCell","2026-08-20","passed","2026-08-20","","","",""
"","1","reports an Object ID-specific error when editing a rule and ruleType is SeedTypeObjectId and seeds are required","handleError","2026-08-20","passed","2026-08-20","","","",""
"","1430","renders a table if the query has NO node edges","GraphView","2026-08-20","passed","2026-08-20","","","",""
"","16","shows date placeholder if no hint is given","ManagedDatePicker - placeholders","2026-08-20","passed","2026-08-20","","","",""
"","37","does not render count for a selected zone if prop is not set","DynamicDetails","2026-08-20","passed","2026-08-20","","","",""
"","9","should render when search string is not found in the text","HighlightedText","2026-08-20","passed","2026-08-20","","","",""
"Test cases for TestFilterParseAndValidate_Parsing","0","TestFilterParseAndValidate_Parsing","","2026-08-20","passed","2026-08-20","","Go Test","github.com/specterops/bloodhound/packages/go/params/TestFilterParseAndValidate_Parsing","TestFilterParseAndValidate_Parsing"
"","350","should render","PasswordResetForm","2026-08-20","passed","2026-08-20","","","",""
"Test cases for TestActivateMFA_Success","653","TestActivateMFA_Success","","2026-08-20","passed","2026-08-20","","Go Test","github.com/specterops/bloodhound/cmd/api/src/api/v2/auth/TestActivateMFA_Success","TestActivateMFA_Success"
"","4349","subcategory with duplicate name does not show indeterminate when all its children are unchecked","Pathfinding","2026-08-20","passed","2026-08-20","","","",""
"","420","should accept passwords with emojis","CreateUserForm","2026-08-20","passed","2026-08-20","","","",""
"Test cases for TestResources_ListADOUContainedGroups","1","TestResources_ListADOUContainedGroups","","2026-08-20","passed","2026-08-20","","Go Test","github.com/specterops/bloodhound/cmd/api/src/api/v2/TestResources_ListADOUContainedGroups","TestResources_ListADOUContainedGroups"
"Test cases for TestService_GetEnvironmentKindsAndSchemaEnvironmentData","0","TestService_GetEnvironmentKindsAndSchemaEnvironmentData","","2026-08-20","passed","2026-08-20","","Go Test","github.com/specterops/bloodhound/server/opengraphschema/internal/services/TestService_GetEnvironmentKindsAndSchemaEnvironmentData","TestService_GetEnvironmentKindsAndSchemaEnvironmentData"
"","4989","calls mockOnQuerySuccess when search returns one node, entity info panel remains open","CypherSearch","2026-08-20","passed","2026-08-20","","Minimize explorer page elements when multiple nodes are returned","",""
"","1","reports when API error response has errors array","handleError","2026-08-20","passed","2026-08-20","","","",""
"","416","navigates to object details when clicking an object row","ObjectsAccordion","2026-08-20","passed","2026-08-20","","","",""
"","329","renders headers","CommonSearches","2026-08-20","passed","2026-08-20","","","",""
"Test cases for TestFormatDatabaseErrorNotFound","0","TestFormatDatabaseErrorNotFound","","2026-08-20","passed","2026-08-20","","Go Test","github.com/specterops/bloodhound/cmd/api/src/api/TestFormatDatabaseErrorNotFound","TestFormatDatabaseErrorNotFound"
"Test cases for TestRegister_PanicsOnNilRouter","0","TestRegister_PanicsOnNilRouter","","2026-08-20","passed","2026-08-20","","Go Test","github.com/specterops/bloodhound/server/modules/TestRegister_PanicsOnNilRouter","TestRegister_PanicsOnNilRouter"
"","0","returns the difference between the node and the position","getNodeOffset","2026-08-20","passed","2026-08-20","","","",""
"Test cases for TestResources_ShareSavedQueriesPermissions_NonAdmin","4","TestResources_ShareSavedQueriesPermissions_NonAdmin","","2026-08-20","passed","2026-08-20","","Go Test","github.com/specterops/bloodhound/cmd/api/src/api/v2/TestResources_ShareSavedQueriesPermissions_NonAdmin","TestResources_ShareSavedQueriesPermissions_NonAdmin"
"","0","filters by multiple risk levels","filterAndSearchEnvironments","2026-08-20","passed","2026-08-20","","risk filters","",""
"","76","shows an error notification if there is an error fetching","useFinishedJobs","2026-08-20","passed","2026-08-20","","","",""
"","396","displays an error when unable to fetch data","EarlyAccessFeatures","2026-08-20","passed","2026-08-20","","","",""
"","11","renders AzurePlatformInfo for the azure-platform aggregate","getStatsComponent","2026-08-20","passed","2026-08-20","","","",""
"","6","reads an explicit all selection from the URL","useMultiValueFilterParams","2026-08-20","passed","2026-08-20","","","",""
"Test cases for TestResources_ListTrustedCAs","1","TestResources_ListTrustedCAs","","2026-08-20","passed","2026-08-20","","Go Test","github.com/specterops/bloodhound/cmd/api/src/api/v2/TestResources_ListTrustedCAs","TestResources_ListTrustedCAs"
"","3345","expand/collapse all buttons are disabled when searching","Pathfinding","2026-08-20","passed","2026-08-20","","","",""
"Test cases for TestReadDomainIDandNameAsString","0","TestReadDomainIDandNameAsString","","2026-08-20","passed","2026-08-20","","Go Test","github.com/specterops/bloodhound/packages/go/analysis/ad/internal/nodeprops/TestReadDomainIDandNameAsString","TestReadDomainIDandNameAsString"
"","4570","should clear state when logout action is dispatched","redux store","2026-08-20","passed","2026-08-20","","","",""
"","113","renders nothing in the expiration cell when a token has no expires_at","UserTokenManagementDialog - API Expiration Date column","2026-08-20","passed","2026-08-20","","","",""
"","4","should return true when value matches term","compareTerm","2026-08-20","passed","2026-08-20","","","",""
"Test cases for TestFloatPointer","0","TestFloatPointer","","2026-08-20","passed","2026-08-20","","Go Test","github.com/specterops/bloodhound/cmd/api/src/database/types/null/TestFloatPointer","TestFloatPointer"
"Test cases for TestQueries_GetRequestedType","0","TestQueries_GetRequestedType","","2026-08-20","passed","2026-08-20","","Go Test","github.com/specterops/bloodhound/cmd/api/src/queries/TestQueries_GetRequestedType","TestQueries_GetRequestedType"
"Test cases for TestManagementResource_ListPermissions_InvalidFilterPredicate","0","TestManagementResource_ListPermissions_InvalidFilterPredicate","","2026-08-20","passed","2026-08-20","","Go Test","github.com/specterops/bloodhound/cmd/api/src/api/v2/auth/TestManagementResource_ListPermissions_InvalidFilterPredicate","TestManagementResource_ListPermissions_InvalidFilterPredicate"
"Test cases for Test_ApplyTimeoutReduction","0","Test_ApplyTimeoutReduction","","2026-08-20","passed","2026-08-20","","Go Test","github.com/specterops/bloodhound/cmd/api/src/queries/Test_ApplyTimeoutReduction","Test_ApplyTimeoutReduction"
"","1658","should clear out the SSO Provider id from submission data when the authentication method is changed","CreateUserDialog","2026-08-20","passed","2026-08-20","","","",""
"","264","does not auto-display the table for a node-only cypher response when the user has already selected a graph layout","GraphView","2026-08-20","passed","2026-08-20","","Layout selection and de-selection","",""
"","37","should display a badge when role based filtering is true and show filter banner is true","EntityInfoPanel","2026-08-20","passed","2026-08-20","","","",""
"","433","triggers a file download when a download button is clicked","DownloadCollectors","2026-08-20","passed","2026-08-20","","","",""
"","69","should should reflect the NOT checked state for public query","SavedQueryPermissions","2026-08-20","passed","2026-08-20","","","",""
"TestService_checkUserAccessToEnvironments_AllEnvironments covers theshort-circuit branch that is unreachable through CheckUserAccess (becauseshouldFilterForETAC already excludes all-environment users).","0","TestService_checkUserAccessToEnvironments_AllEnvironments","","2026-08-20","passed","2026-08-20","","Go Test","github.com/specterops/bloodhound/server/etac/internal/services/TestService_checkUserAccessToEnvironments_AllEnvironments","TestService_checkUserAccessToEnvironments_AllEnvironments"
"Test cases for TestResources_ListADEntityRDPRights","4","TestResources_ListADEntityRDPRights","","2026-08-20","passed","2026-08-20","","Go Test","github.com/specterops/bloodhound/cmd/api/src/api/v2/TestResources_ListADEntityRDPRights","TestResources_ListADEntityRDPRights"
"Test cases for TestConvertComputerToNode","0","TestConvertComputerToNode","","2026-08-20","passed","2026-08-20","","Go Test","github.com/specterops/bloodhound/packages/go/ein/TestConvertComputerToNode","TestConvertComputerToNode"
"Test cases for TestGC_Name","0","TestGC_Name","","2026-08-20","passed","2026-08-20","","Go Test","github.com/specterops/bloodhound/cmd/api/src/daemons/gc/TestGC_Name","TestGC_Name"
"","51","uses the discardQueryParams prop to discard all query params on the link","AppLink","2026-08-20","passed","2026-08-20","","","",""
"","13","renders ActiveDirectoryPlatformInfo for the active-directory-platform aggregate","getStatsComponent","2026-08-20","passed","2026-08-20","","","",""
"Test cases for TestResources_ListADDomainForeignGPOControllers","2","TestResources_ListADDomainForeignGPOControllers","","2026-08-20","passed","2026-08-20","","Go Test","github.com/specterops/bloodhound/cmd/api/src/api/v2/TestResources_ListADDomainForeignGPOControllers","TestResources_ListADDomainForeignGPOControllers"
"Test cases for TestClearLocalIngestScratch","18","TestClearLocalIngestScratch","","2026-08-20","passed","2026-08-20","","Go Test","github.com/specterops/bloodhound/cmd/api/src/daemons/datapipe/TestClearLocalIngestScratch","TestClearLocalIngestScratch"
"","513","handles creating a new rule","Rule Form","2026-08-20","passed","2026-08-20","","","",""
"","81","skips undefined items gracefully","<DetailsAccordion />","2026-08-20","passed","2026-08-20","","","",""
"Test cases for Test_SetApplicationConfiguration","0","Test_SetApplicationConfiguration","","2026-08-20","passed","2026-08-20","","Go Test","github.com/specterops/bloodhound/cmd/api/src/api/v2/Test_SetApplicationConfiguration","Test_SetApplicationConfiguration"
"","11","optionally allows the consumer to pass a query to performSearch() and adds that query to the url","useCypherSearch","2026-08-20","passed","2026-08-20","","","",""
"Test cases for TestRewriter_Enter_AllAttackPathsShortcut_ReplacesKinds","0","TestRewriter_Enter_AllAttackPathsShortcut_ReplacesKinds","","2026-08-20","passed","2026-08-20","","Go Test","github.com/specterops/bloodhound/cmd/api/src/queries/TestRewriter_Enter_AllAttackPathsShortcut_ReplacesKinds","TestRewriter_Enter_AllAttackPathsShortcut_ReplacesKinds"
"Test cases for TestHandleDatabaseError","0","TestHandleDatabaseError","","2026-08-20","passed","2026-08-20","","Go Test","github.com/specterops/bloodhound/cmd/api/src/api/TestHandleDatabaseError","TestHandleDatabaseError"
"Test cases for TestWriteJSON","0","TestWriteJSON","","2026-08-20","passed","2026-08-20","","Go Test","github.com/specterops/bloodhound/packages/go/responses/TestWriteJSON","TestWriteJSON"
"Test cases for TestMatches_FailureModel","0","TestMatches_FailureModel","","2026-08-20","passed","2026-08-20","","Go Test","github.com/specterops/bloodhound/cmd/api/src/model/TestMatches_FailureModel","TestMatches_FailureModel"
"Test cases for Test_GraphExtensionPayload_ToGraphExtensionInput","7","Test_GraphExtensionPayload_ToGraphExtensionInput","","2026-08-20","passed","2026-08-20","","Go Test","github.com/specterops/bloodhound/cmd/api/src/model/Test_GraphExtensionPayload_ToGraphExtensionInput","Test_GraphExtensionPayload_ToGraphExtensionInput"
"","693","displays the default ""No notes"" tooltip when the note is missing and actor is not BloodHound","NoteCell component","2026-08-20","passed","2026-08-20","","","",""
"Test cases for TestManagementResource_OIDCLoginHandler","6","TestManagementResource_OIDCLoginHandler","","2026-08-20","passed","2026-08-20","","Go Test","github.com/specterops/bloodhound/cmd/api/src/api/v2/auth/TestManagementResource_OIDCLoginHandler","TestManagementResource_OIDCLoginHandler"
"","126","enables returning a list of tags","the useAssetGroupTags utilities","2026-08-20","passed","2026-08-20","","","",""
"","86","calls the onReset prop when the crop button is clicked","GraphControls","2026-08-20","passed","2026-08-20","","Resetting graph","",""
"","177","renders an interactive version when preview is set to false","PrivilegeZonesCypherEditor Search component for Zone Management","2026-08-20","passed","2026-08-20","","","",""
"Test cases for TestDeleteCollectedGraphData_SetBasedErrors","0","TestDeleteCollectedGraphData_SetBasedErrors","","2026-08-20","passed","2026-08-20","","Go Test","github.com/specterops/bloodhound/cmd/api/src/daemons/datapipe/TestDeleteCollectedGraphData_SetBasedErrors","TestDeleteCollectedGraphData_SetBasedErrors"
"","62","renders DomainInfo for a collected active-directory environment","getStatsComponent","2026-08-20","passed","2026-08-20","","","",""
"Test cases for TestService_GetRelationshipKind","0","TestService_GetRelationshipKind","","2026-08-20","passed","2026-08-20","","Go Test","github.com/specterops/bloodhound/server/extensions/internal/services/TestService_GetRelationshipKind","TestService_GetRelationshipKind"
"","19","renders note content when currentNote is present","HistoryNotes Component","2026-08-20","passed","2026-08-20","","","",""
"","0","returns paramValue as EnvironmentAggregation if paramValue is all","useEnvironmentParams","2026-08-20","passed","2026-08-20","","parseEnvironmentAggregation","",""
"","84","indicates that filters are active","AssetGroupEdit","2026-08-20","passed","2026-08-20","","","",""
"","40","does not fetch when no id is provided","useGetNodeById","2026-08-20","passed","2026-08-20","","","",""
"","0","returns empty array when search does not match any environment","filterAndSearchEnvironments","2026-08-20","passed","2026-08-20","","search filter","",""
"","248","should display a searchbox with a placeholder when rendered","AssetGroupEdit","2026-08-20","passed","2026-08-20","","","",""
"","214","reverts all menu options to an unselected state when isExploreLayoutSelected becomes false","GraphControls","2026-08-20","passed","2026-08-20","","Selecting a layout","",""
"Test cases for TestDomainSelectors_GetFilterCriteria_Success_Empty","0","TestDomainSelectors_GetFilterCriteria_Success_Empty","","2026-08-20","passed","2026-08-20","","Go Test","github.com/specterops/bloodhound/cmd/api/src/model/TestDomainSelectors_GetFilterCriteria_Success_Empty","TestDomainSelectors_GetFilterCriteria_Success_Empty"
"","3","returns the full inbound and outbound path when selecting a middle node","SigmaChart Utils","2026-08-20","passed","2026-08-20","when a node is selected","getFullPathHighlightedEntities","",""
"Test cases for TestStore_GetEnvironmentsFiltered","0","TestStore_GetEnvironmentsFiltered","","2026-08-20","passed","2026-08-20","","Go Test","github.com/specterops/bloodhound/server/opengraphschema/internal/appdb/TestStore_GetEnvironmentsFiltered","TestStore_GetEnvironmentsFiltered"
"","7","shows the item only when both gates pass","useSubNavRoutes","2026-08-20","passed","2026-08-20","","combined gates","",""
"","286","Displays a notification when analysis has been requested successfully","AnalyzeNowConfiguration","2026-08-20","passed","2026-08-20","","","",""
"","210","calls setExploreParams with searchType and relationshipQueryItemId when selecting a composition accordion","EdgeInfoContent","2026-08-20","passed","2026-08-20","","EdgeInfoContent support for Deep Linking","",""
"","278","should render a single section with a single navigation item","SubNav","2026-08-20","passed","2026-08-20","","","",""
"","380","calls the passed in cancel handler when clicking the Cancel button","Glyph Select Dialog","2026-08-20","passed","2026-08-20","","","",""
"","2303","reverts to the default unselected state when the user de-selects the currently selected graph layout","GraphView","2026-08-20","passed","2026-08-20","","Layout selection and de-selection","",""
"Test cases for TestSpoolToScratch","4","TestSpoolToScratch","","2026-08-20","passed","2026-08-20","","Go Test","github.com/specterops/bloodhound/cmd/api/src/services/graphify/TestSpoolToScratch","TestSpoolToScratch"
"","0","combines platform and risk filters","filterAndSearchEnvironments","2026-08-20","passed","2026-08-20","","combined filters","",""
"Test cases for TestTracker_ConcurrentHasEdge","0","TestTracker_ConcurrentHasEdge","","2026-08-20","passed","2026-08-20","","Go Test","github.com/specterops/bloodhound/packages/go/analysis/post/TestTracker_ConcurrentHasEdge","TestTracker_ConcurrentHasEdge"
"Test cases for TestUpdateAssetGroupRequest_AuditData","0","TestUpdateAssetGroupRequest_AuditData","","2026-08-20","passed","2026-08-20","","Go Test","github.com/specterops/bloodhound/cmd/api/src/api/v2/TestUpdateAssetGroupRequest_AuditData","TestUpdateAssetGroupRequest_AuditData"
"","1449","should display all available SSO providers","CreateUserDialog","2026-08-20","passed","2026-08-20","","","",""
"Test cases for TestResources_GetAssetGroupTagSelectors","0","TestResources_GetAssetGroupTagSelectors","","2026-08-20","passed","2026-08-20","","Go Test","github.com/specterops/bloodhound/cmd/api/src/api/v2/TestResources_GetAssetGroupTagSelectors","TestResources_GetAssetGroupTagSelectors"
"","110","shows View in Explore if exploreUrl is supplied","Seed Selection Results","2026-08-20","passed","2026-08-20","","","",""
"","40","does not set input text if no value is given","ManagedDatePicker - value","2026-08-20","passed","2026-08-20","","","",""
"","4624","should render","Pathfinding","2026-08-20","passed","2026-08-20","","","",""
"","127","should have a disabled continue button","TagToZoneLabelDialog","2026-08-20","passed","2026-08-20","","","",""
"Test cases for TestResources_SearchAssetGroupTags","8","TestResources_SearchAssetGroupTags","","2026-08-20","passed","2026-08-20","","Go Test","github.com/specterops/bloodhound/cmd/api/src/api/v2/TestResources_SearchAssetGroupTags","TestResources_SearchAssetGroupTags"
"","2","stores an object value in localStorage","useLocalStorage","2026-08-20","passed","2026-08-20","","setValue","",""
"","2","updates state when an external storage event is fired for the same key","useLocalStorage","2026-08-20","passed","2026-08-20","","storage event synchronisation","",""
"Test cases for TestResources_CreateSavedQuery","0","TestResources_CreateSavedQuery","","2026-08-20","passed","2026-08-20","","Go Test","github.com/specterops/bloodhound/cmd/api/src/api/v2/TestResources_CreateSavedQuery","TestResources_CreateSavedQuery"
"","53","adds a notification - checks values","AppNotifications","2026-08-20","passed","2026-08-20","","","",""
"","459","runs the query and calls dispatch to set the node results","PrivilegeZonesCypherEditor Search component for Zone Management","2026-08-20","passed","2026-08-20","","","",""
"","179","renders the form for creating a new label","Tag Form","2026-08-20","passed","2026-08-20","","","",""
"Test cases for TestGC_NewDataPruningDaemon","0","TestGC_NewDataPruningDaemon","","2026-08-20","passed","2026-08-20","","Go Test","github.com/specterops/bloodhound/cmd/api/src/daemons/gc/TestGC_NewDataPruningDaemon","TestGC_NewDataPruningDaemon"
"","4","returns paramValue if it is one of the expected values","useExploreParams","2026-08-20","passed","2026-08-20","","parseSearchType","",""
"Test cases for TestNodeNamePrefix_AppendSuffix","0","TestNodeNamePrefix_AppendSuffix","","2026-08-20","passed","2026-08-20","","Go Test","github.com/specterops/bloodhound/packages/go/analysis/ad/wellknown/TestNodeNamePrefix_AppendSuffix","TestNodeNamePrefix_AppendSuffix"
"","62","passes data to testing component","SavedQueriesProvider","2026-08-20","passed","2026-08-20","","","",""
"","94","should display locally formatted numbers if they are larger than 999","LoadContainer","2026-08-20","passed","2026-08-20","","","",""
"","1","returns null for active-directory without an id","getStatsComponent","2026-08-20","passed","2026-08-20","","","",""
"","0","fails for password without special characters","testPassword","2026-08-20","passed","2026-08-20","","","",""
"Test cases for TestManagementResource_ListUsers_DBError","0","TestManagementResource_ListUsers_DBError","","2026-08-20","passed","2026-08-20","","Go Test","github.com/specterops/bloodhound/cmd/api/src/api/v2/auth/TestManagementResource_ListUsers_DBError","TestManagementResource_ListUsers_DBError"
"","0","escapes multiple single quotes","escapeCypherString","2026-08-20","passed","2026-08-20","","","",""
"Test cases for TestBuildErrorResponseBadRequest","0","TestBuildErrorResponseBadRequest","","2026-08-20","passed","2026-08-20","","Go Test","github.com/specterops/bloodhound/cmd/api/src/api/TestBuildErrorResponseBadRequest","TestBuildErrorResponseBadRequest"
"Test cases for TestManagementResource_ListAuthTokens_PredicateMismatchWithColumn","0","TestManagementResource_ListAuthTokens_PredicateMismatchWithColumn","","2026-08-20","passed","2026-08-20","","Go Test","github.com/specterops/bloodhound/cmd/api/src/api/v2/auth/TestManagementResource_ListAuthTokens_PredicateMismatchWithColumn","TestManagementResource_ListAuthTokens_PredicateMismatchWithColumn"
"","0","returns null if paramValue is undefined","useEnvironmentParams","2026-08-20","passed","2026-08-20","","parseEnvironmentAggregation","",""
"","114","disables delete button for built-in extensions","ActiveExtensionsCard","2026-08-20","passed","2026-08-20","","","",""
"","182","passes item props to Header and Content","<DetailsAccordion />","2026-08-20","passed","2026-08-20","","","",""
"","157","renders a graph view","GraphView","2026-08-20","passed","2026-08-20","","","",""
"","291","does not display a “Disable query timeout” checkbox when timeout limit param config is enabled true","ExploreSearch interaction","2026-08-20","passed","2026-08-20","","","",""
"Test cases for TestInt64Equal","0","TestInt64Equal","","2026-08-20","passed","2026-08-20","","Go Test","github.com/specterops/bloodhound/cmd/api/src/database/types/null/TestInt64Equal","TestInt64Equal"
"","197","fires onSelect prop when a result is clicked","SearchCurrentNodes","2026-08-20","passed","2026-08-20","","","",""
"","6","uses the default filename generator when exporting JSON","exportGraphData","2026-08-20","passed","2026-08-20","","","",""
"Test cases for TestAnalysisStepsJSON","4","TestAnalysisStepsJSON","","2026-08-20","passed","2026-08-20","","Go Test","github.com/specterops/bloodhound/cmd/api/src/model/TestAnalysisStepsJSON","TestAnalysisStepsJSON"
"","2","reads and parses an existing value from localStorage","useLocalStorage","2026-08-20","passed","2026-08-20","","initial value","",""
"Test cases for TestDummyHA","0","TestDummyHA","","2026-08-20","passed","2026-08-20","","Go Test","github.com/specterops/bloodhound/cmd/api/src/daemons/changelog/TestDummyHA","TestDummyHA"
"Test cases for TestResources_ListAuditLogs_OnlyOffset","0","TestResources_ListAuditLogs_OnlyOffset","","2026-08-20","passed","2026-08-20","","Go Test","github.com/specterops/bloodhound/cmd/api/src/api/v2/TestResources_ListAuditLogs_OnlyOffset","TestResources_ListAuditLogs_OnlyOffset"
"","197","toggles sort order when clicking sortable header","ObjectsAccordion","2026-08-20","passed","2026-08-20","","","",""
"","0","returns false when the highlighted item is not in the graph","SigmaChart Utils","2026-08-20","passed","2026-08-20","","getIsHighlightedItemInGraph","",""
"","71","should display ""Password"" input","Enable2FADialog","2026-08-20","passed","2026-08-20","","","",""
"Test cases for TestStorageFileService_DeleteFile","38","TestStorageFileService_DeleteFile","","2026-08-20","passed","2026-08-20","","Go Test","github.com/specterops/bloodhound/packages/go/storage/TestStorageFileService_DeleteFile","TestStorageFileService_DeleteFile"
"Test cases for TestGraphQuery_PrepareCypherQuery","48","TestGraphQuery_PrepareCypherQuery","","2026-08-20","passed","2026-08-20","","Go Test","github.com/specterops/bloodhound/cmd/api/src/queries/TestGraphQuery_PrepareCypherQuery","TestGraphQuery_PrepareCypherQuery"
"","95","invokes handleFilterChange with eq:true when clicked and custom_member filter is off","AssetGroupEdit","2026-08-20","passed","2026-08-20","","Custom Member checkbox filter","",""
"Test cases for TestResources_ListADUserSQLAdminRights","0","TestResources_ListADUserSQLAdminRights","","2026-08-20","passed","2026-08-20","","Go Test","github.com/specterops/bloodhound/cmd/api/src/api/v2/TestResources_ListADUserSQLAdminRights","TestResources_ListADUserSQLAdminRights"
"","497","Displays a modal after clicking Analyze Now button and run analysis after clicking confirm","AnalyzeNowConfiguration","2026-08-20","passed","2026-08-20","","","",""
"","254","handles creating a new zone","Tag Form","2026-08-20","passed","2026-08-20","","","",""
"Test cases for TestManagementResource_OIDCCallbackHandler","7","TestManagementResource_OIDCCallbackHandler","","2026-08-20","passed","2026-08-20","","Go Test","github.com/specterops/bloodhound/cmd/api/src/api/v2/auth/TestManagementResource_OIDCCallbackHandler","TestManagementResource_OIDCCallbackHandler"
"","14","live regions have aria-atomic set to true","AnnouncementProvider","2026-08-20","passed","2026-08-20","","","",""
"Test cases for TestService_CreateAnalysisRequest","0","TestService_CreateAnalysisRequest","","2026-08-20","passed","2026-08-20","","Go Test","github.com/specterops/bloodhound/server/analysis/internal/services/TestService_CreateAnalysisRequest","TestService_CreateAnalysisRequest"
"","86","fetches node data when an id is provided","useGetNodeById","2026-08-20","passed","2026-08-20","","","",""
"","120","does not open the dialog when the user does not have the opengraph write permission","SchemaUploadDialog","2026-08-20","passed","2026-08-20","","","",""
"","75","renders citrix config controls","BloodHoundConfiguration","2026-08-20","passed","2026-08-20","","","",""
"Test cases for TestBoolSetValid","0","TestBoolSetValid","","2026-08-20","passed","2026-08-20","","Go Test","github.com/specterops/bloodhound/cmd/api/src/database/types/null/TestBoolSetValid","TestBoolSetValid"
"Test cases for TestLocalStore_PathSafety","43","TestLocalStore_PathSafety","","2026-08-20","passed","2026-08-20","","Go Test","github.com/specterops/bloodhound/packages/go/storage/TestLocalStore_PathSafety","TestLocalStore_PathSafety"
"","0","Fetching the data timed out","Getting the text for the disabled item display for a search when there are no results","2026-08-20","passed","2026-08-20","","Error states","",""
"","325","renders an error message without throwing a TypeError","EntityInfoCollapsibleSection","2026-08-20","passed","2026-08-20","","","",""
"Test cases for TestPagingParseAndValidate_Errors","0","TestPagingParseAndValidate_Errors","","2026-08-20","passed","2026-08-20","","Go Test","github.com/specterops/bloodhound/packages/go/params/TestPagingParseAndValidate_Errors","TestPagingParseAndValidate_Errors"
"Test cases for TestService_GetPermission","0","TestService_GetPermission","","2026-08-20","passed","2026-08-20","","Go Test","github.com/specterops/bloodhound/server/identity/internal/services/TestService_GetPermission","TestService_GetPermission"
"","16","does not render note content when selected is null","HistoryNotes Component","2026-08-20","passed","2026-08-20","","","",""
"Test cases for TestDeleteCollectedGraphData_SetBasedRelationshipDeletion","0","TestDeleteCollectedGraphData_SetBasedRelationshipDeletion","","2026-08-20","passed","2026-08-20","","Go Test","github.com/specterops/bloodhound/cmd/api/src/daemons/datapipe/TestDeleteCollectedGraphData_SetBasedRelationshipDeletion","TestDeleteCollectedGraphData_SetBasedRelationshipDeletion"
"","445","when an `inputValue` is provided it eventually displays a list of search results","ExploreSearchCombobox","2026-08-20","passed","2026-08-20","","","",""
"Test cases for TestUnifiedGraph_AddPathSet","0","TestUnifiedGraph_AddPathSet","","2026-08-20","passed","2026-08-20","","Go Test","github.com/specterops/bloodhound/cmd/api/src/model/TestUnifiedGraph_AddPathSet","TestUnifiedGraph_AddPathSet"
"","528","displays the BloodHound-specific tooltip when the note is missing and actor is BloodHoundString","NoteCell component","2026-08-20","passed","2026-08-20","","","",""
"Test cases for TestGetDataQualityStats_Success","0","TestGetDataQualityStats_Success","","2026-08-20","passed","2026-08-20","","Go Test","github.com/specterops/bloodhound/cmd/api/src/api/v2/TestGetDataQualityStats_Success","TestGetDataQualityStats_Success"
"Test cases for TestAssetGroupSelectorSpec_Validate","0","TestAssetGroupSelectorSpec_Validate","","2026-08-20","passed","2026-08-20","","Go Test","github.com/specterops/bloodhound/cmd/api/src/model/TestAssetGroupSelectorSpec_Validate","TestAssetGroupSelectorSpec_Validate"
"","752","should call onSubmit when input is valid and Submit button is clicked","UpsertSAMLProviderForm","2026-08-20","passed","2026-08-20","","","",""
"","61","renders Tier Zero text by default when no Zone Selector is available and on a Zone page","TagSelector","2026-08-20","passed","2026-08-20","","","",""
"Test cases for TestResources_UpdateSavedQuery_InvalidID","0","TestResources_UpdateSavedQuery_InvalidID","","2026-08-20","passed","2026-08-20","","Go Test","github.com/specterops/bloodhound/cmd/api/src/api/v2/TestResources_UpdateSavedQuery_InvalidID","TestResources_UpdateSavedQuery_InvalidID"
"","266","should display ""Create Token"" button","UserTokenManagementDialog","2026-08-20","passed","2026-08-20","","","",""
"","157","displays a table of completed ingest logs","FileIngest","2026-08-20","passed","2026-08-20","","","",""
"Test cases for Test_HarnessTeardown","0","Test_HarnessTeardown","","2026-08-20","passed","2026-08-20","","Go Test","github.com/specterops/bloodhound/packages/go/lab/Test_HarnessTeardown","Test_HarnessTeardown"
"","304","on clicking switch shows modal and when clicking cancel closes it and switch stays enabled","CitrixRDPConfiguration","2026-08-20","passed","2026-08-20","","Click on switch to disable","",""
"","2032","requires a password to disable MFA for a user when logged in without SSO","Users","2026-08-20","passed","2026-08-20","","","",""
"","49","should render oidc info provider","SSOProviderTable","2026-08-20","passed","2026-08-20","","","",""
"","0","returns all collected environments when aggegation type is all","getEnvironmentAggregationIds","2026-08-20","passed","2026-08-20","","","",""
"Test cases for TestParseUUID","0","TestParseUUID","","2026-08-20","passed","2026-08-20","","Go Test","github.com/specterops/bloodhound/cmd/api/src/utils/TestParseUUID","TestParseUUID"
"","339","Should call handler when a member is clicked","AssetGroupMemberList","2026-08-20","passed","2026-08-20","","","",""
"Test cases for TestTimeFrom","0","TestTimeFrom","","2026-08-20","passed","2026-08-20","","Go Test","github.com/specterops/bloodhound/cmd/api/src/database/types/null/TestTimeFrom","TestTimeFrom"
"","1092","renders the aggregation display name in the tooltip for an open graph platform","Open Graph platform selection","2026-08-20","passed","2026-08-20","","","",""
"Test cases for TestCreateUser_ResetPassword","1458","TestCreateUser_ResetPassword","","2026-08-20","passed","2026-08-20","","Go Test","github.com/specterops/bloodhound/cmd/api/src/api/v2/auth/TestCreateUser_ResetPassword","TestCreateUser_ResetPassword"
"","19","should render a Field when the provided value is 0","Field","2026-08-20","passed","2026-08-20","","","",""
"","177","displays loading state","GraphDataCheckboxes","2026-08-20","passed","2026-08-20","","","",""
"","2","dispatches a storage event with null newValue when the key is removed","useLocalStorage","2026-08-20","passed","2026-08-20","","storage event synchronisation","",""
"Test cases for TestTimeFromPtr","0","TestTimeFromPtr","","2026-08-20","passed","2026-08-20","","Go Test","github.com/specterops/bloodhound/cmd/api/src/database/types/null/TestTimeFromPtr","TestTimeFromPtr"
"Test cases for TestResources_PatchDomain","0","TestResources_PatchDomain","","2026-08-20","passed","2026-08-20","","Go Test","github.com/specterops/bloodhound/cmd/api/src/api/v2/TestResources_PatchDomain","TestResources_PatchDomain"
"","40","does not request a user when no userId is provided","useGetUser","2026-08-20","passed","2026-08-20","","","",""
"Test cases for TestStore_GetKindInfos","0","TestStore_GetKindInfos","","2026-08-20","passed","2026-08-20","","Go Test","github.com/specterops/bloodhound/server/extensions/internal/appdb/TestStore_GetKindInfos","TestStore_GetKindInfos"
"Test cases for TestResources_UpdateSavedQuery_AdminPublicQuery_Success","0","TestResources_UpdateSavedQuery_AdminPublicQuery_Success","","2026-08-20","passed","2026-08-20","","Go Test","github.com/specterops/bloodhound/cmd/api/src/api/v2/TestResources_UpdateSavedQuery_AdminPublicQuery_Success","TestResources_UpdateSavedQuery_AdminPublicQuery_Success"
"Test cases for TestSortParseAndValidate_Parsing","0","TestSortParseAndValidate_Parsing","","2026-08-20","passed","2026-08-20","","Go Test","github.com/specterops/bloodhound/packages/go/params/TestSortParseAndValidate_Parsing","TestSortParseAndValidate_Parsing"
"","606","adds node to asset group tag with confirmation","AssetGroupMenuItem","2026-08-20","passed","2026-08-20","","","",""
"","74","displays the checkbox as checked if the filter params value is 'true'","AssetGroupEdit","2026-08-20","passed","2026-08-20","","Custom Member checkbox filter","",""
"Test cases for TestResources_ListAvailableEnvironments","97","TestResources_ListAvailableEnvironments","","2026-08-20","passed","2026-08-20","","Go Test","github.com/specterops/bloodhound/cmd/api/src/api/v2/TestResources_ListAvailableEnvironments","TestResources_ListAvailableEnvironments"
"","117","calls onClick when toggle button clicked","EarlyAccessFeatureToggle","2026-08-20","passed","2026-08-20","","","",""
"","16","hides items while permissions are loading","useSubNavRoutes","2026-08-20","passed","2026-08-20","","permissions gate","",""
"","0","filters by user-provided platform","filterAndSearchEnvironments","2026-08-20","passed","2026-08-20","","platform filters","",""
"Test cases for TestGetSkipParamForGraphQuery","0","TestGetSkipParamForGraphQuery","","2026-08-20","passed","2026-08-20","","Go Test","github.com/specterops/bloodhound/cmd/api/src/utils/TestGetSkipParamForGraphQuery","TestGetSkipParamForGraphQuery"
"","223","calls onChangePinnedColumns with DEFAULT_PINNED_COLUMN_KEYS when ""Reset Default"" is clicked","ManageColumnsComboBox","2026-08-20","passed","2026-08-20","","","",""
"","72","should display a total count of asset group members","AssetGroupEdit","2026-08-20","passed","2026-08-20","","","",""
"","151","should display a ""Reset Password"" button","UserProfile","2026-08-20","passed","2026-08-20","","","",""
"","8602","filter selections are rolled back if user closes modal with the cancel button","EdgeFilter","2026-08-20","passed","2026-08-20","","","",""
"","703","app does not crash if ""token"" cookie exists and ""persistedState"" localstorage key does not exist","redux store","2026-08-20","passed","2026-08-20","","","",""
"","34","should highlight selected route","Main Nav Route Highlighting","2026-08-20","passed","2026-08-20","","","",""
"","10964","checking a category updates all children and grandchildren","Pathfinding","2026-08-20","passed","2026-08-20","","","",""
"Test cases for TestRenderNodeKindInfoMarkdown_ReturnsErrorForUnknownField","0","TestRenderNodeKindInfoMarkdown_ReturnsErrorForUnknownField","","2026-08-20","passed","2026-08-20","","Go Test","github.com/specterops/bloodhound/server/graphdb/internal/services/TestRenderNodeKindInfoMarkdown_ReturnsErrorForUnknownField","TestRenderNodeKindInfoMarkdown_ReturnsErrorForUnknownField"
"Test cases for TestParseClientVersion","0","TestParseClientVersion","","2026-08-20","passed","2026-08-20","","Go Test","github.com/specterops/bloodhound/cmd/api/src/utils/TestParseClientVersion","TestParseClientVersion"
"","489","should display CreateUserTokenDialog","UserTokenManagementDialog","2026-08-20","passed","2026-08-20","","when user clicks ""Create Token"" button","",""
"Test cases for TestParseDomainTrusts_TrustAttributes","0","TestParseDomainTrusts_TrustAttributes","","2026-08-20","passed","2026-08-20","","Go Test","github.com/specterops/bloodhound/packages/go/ein/TestParseDomainTrusts_TrustAttributes","TestParseDomainTrusts_TrustAttributes"
"","138","should not display a badge when role based filtering is false","EntityInfoPanel","2026-08-20","passed","2026-08-20","","","",""
"","117","renders object information for an OpenGraph object","Selected Details Tab Content","2026-08-20","passed","2026-08-20","","","",""
"Test cases for TestManagementResource_ListSAMLProviders","6","TestManagementResource_ListSAMLProviders","","2026-08-20","passed","2026-08-20","","Go Test","github.com/specterops/bloodhound/cmd/api/src/api/v2/auth/TestManagementResource_ListSAMLProviders","TestManagementResource_ListSAMLProviders"
"","65","returns a map of user id to principal_name when the user can read users","useUserNamesById","2026-08-20","passed","2026-08-20","","","",""
"","723","should render the cypher search controls when user clicks on cypher tab","ExploreSearch rendering per tab","2026-08-20","passed","2026-08-20","","","",""
"","244","clears value if input is empty","ManagedDatePicker - input","2026-08-20","passed","2026-08-20","","","",""
"","742","renders group and tenant dropdown selectors","GroupManagement","2026-08-20","passed","2026-08-20","","","",""
"","194","Trying to view the edge info does not crash the app when selecting an unrecognized edge","EdgeInfoContent","2026-08-20","passed","2026-08-20","","","",""
"","407","displays a polite message when there are no user updatable features available","EarlyAccessFeatures","2026-08-20","passed","2026-08-20","","","",""
"Test cases for TestMoveFileBetweenServices","4","TestMoveFileBetweenServices","","2026-08-20","passed","2026-08-20","","Go Test","github.com/specterops/bloodhound/packages/go/storage/TestMoveFileBetweenServices","TestMoveFileBetweenServices"
"Test cases for TestQueries_BuildEntityQueryParams_InvalidSkip","0","TestQueries_BuildEntityQueryParams_InvalidSkip","","2026-08-20","passed","2026-08-20","","Go Test","github.com/specterops/bloodhound/cmd/api/src/queries/TestQueries_BuildEntityQueryParams_InvalidSkip","TestQueries_BuildEntityQueryParams_InvalidSkip"
"Test cases for TestStorageFileService_ListFiles","6","TestStorageFileService_ListFiles","","2026-08-20","passed","2026-08-20","","Go Test","github.com/specterops/bloodhound/packages/go/storage/TestStorageFileService_ListFiles","TestStorageFileService_ListFiles"
"Test cases for TestManagementResource_DeleteAuthToken","9","TestManagementResource_DeleteAuthToken","","2026-08-20","passed","2026-08-20","","Go Test","github.com/specterops/bloodhound/cmd/api/src/api/v2/auth/TestManagementResource_DeleteAuthToken","TestManagementResource_DeleteAuthToken"
"Test cases for TestResources_GetContainerEntityInfo","256","TestResources_GetContainerEntityInfo","","2026-08-20","passed","2026-08-20","","Go Test","github.com/specterops/bloodhound/cmd/api/src/api/v2/TestResources_GetContainerEntityInfo","TestResources_GetContainerEntityInfo"
"","153","returns a nodes array","useEdgeInfoItems","2026-08-20","passed","2026-08-20","","","",""
"","91","renders when all data is available and rule is not default","Delete Selector Button rendering","2026-08-20","passed","2026-08-20","","","",""
"","50","does not auto display the table for single node responses with no edges","GraphView","2026-08-20","passed","2026-08-20","","Layout selection and de-selection","",""
"","1","matches all AZ edges","Make sure pathfinding filterable edges match schemagen","2026-08-20","passed","2026-08-20","","","",""
"","12","displays a status label","StatusIndicator","2026-08-20","passed","2026-08-20","","","",""
"Test cases for TestResources_DeleteAssetGroupSelector","2","TestResources_DeleteAssetGroupSelector","","2026-08-20","passed","2026-08-20","","Go Test","github.com/specterops/bloodhound/cmd/api/src/api/v2/TestResources_DeleteAssetGroupSelector","TestResources_DeleteAssetGroupSelector"
"Test cases for TestManagementResource_DeleteOIDCProvider","1","TestManagementResource_DeleteOIDCProvider","","2026-08-20","passed","2026-08-20","","Go Test","github.com/specterops/bloodhound/cmd/api/src/api/v2/auth/TestManagementResource_DeleteOIDCProvider","TestManagementResource_DeleteOIDCProvider"
"","816","gives every destination input a distinct accessible name while showing one shared visible label","Pathfinding: interaction","2026-08-20","passed","2026-08-20","","","",""
"Test cases for TestResources_DeleteSavedQuery_IDMalformed","3","TestResources_DeleteSavedQuery_IDMalformed","","2026-08-20","passed","2026-08-20","","Go Test","github.com/specterops/bloodhound/cmd/api/src/api/v2/TestResources_DeleteSavedQuery_IDMalformed","TestResources_DeleteSavedQuery_IDMalformed"
"Test cases for TestIntEqual","0","TestIntEqual","","2026-08-20","passed","2026-08-20","","Go Test","github.com/specterops/bloodhound/cmd/api/src/database/types/null/TestIntEqual","TestIntEqual"
"","64","composes search params from the search prop and use them in the link","AppLink","2026-08-20","passed","2026-08-20","","","",""
"Test cases for TestResources_UpdateAssetGroup","0","TestResources_UpdateAssetGroup","","2026-08-20","passed","2026-08-20","","Go Test","github.com/specterops/bloodhound/cmd/api/src/api/v2/TestResources_UpdateAssetGroup","TestResources_UpdateAssetGroup"
"Test cases for TestService_GetRole","0","TestService_GetRole","","2026-08-20","passed","2026-08-20","","Go Test","github.com/specterops/bloodhound/server/identity/internal/services/TestService_GetRole","TestService_GetRole"
"","484","renders a primary button as expected","DropdownSelector","2026-08-20","passed","2026-08-20","","","",""
"","1931","should add an option and display the changelog when it is clicked","AssetGroupEdit","2026-08-20","passed","2026-08-20","","","",""
"","10","should not render a Field when the provided value is """"","Field","2026-08-20","passed","2026-08-20","","","",""
"","64","passes checks if the user has multiple required permissions","usePermissions","2026-08-20","passed","2026-08-20","","","",""
"Test cases for TestOrphanFileSweeper_ClearLegacyLocalIngestFiles","17","TestOrphanFileSweeper_ClearLegacyLocalIngestFiles","","2026-08-20","passed","2026-08-20","","Go Test","github.com/specterops/bloodhound/cmd/api/src/daemons/datapipe/TestOrphanFileSweeper_ClearLegacyLocalIngestFiles","TestOrphanFileSweeper_ClearLegacyLocalIngestFiles"
"Test cases for TestParseSkipQueryParameter","0","TestParseSkipQueryParameter","","2026-08-20","passed","2026-08-20","","Go Test","github.com/specterops/bloodhound/cmd/api/src/api/v2/TestParseSkipQueryParameter","TestParseSkipQueryParameter"
"Test cases for TestSavedQueries_IsSortable","0","TestSavedQueries_IsSortable","","2026-08-20","passed","2026-08-20","","Go Test","github.com/specterops/bloodhound/cmd/api/src/model/TestSavedQueries_IsSortable","TestSavedQueries_IsSortable"
"","0","should compute the midpoint of a line segment","bezier","2026-08-20","passed","2026-08-20","","","",""
"","5","wraps a plain value in single quotes","escapeCypherString","2026-08-20","passed","2026-08-20","","","",""
"","680","should not call onSubmit when expired password matches current password when reset password button clicked","PasswordResetForm","2026-08-20","passed","2026-08-20","","","",""
"","65","populates the node search field when the 'primarySearch' query param is set","useNodeSearch","2026-08-20","passed","2026-08-20","","","",""
"","1","handles percent values by multiplying by 100, truncating to an integer, and adding a ""%"" to the end","Formatting number properties","2026-08-20","passed","2026-08-20","","","",""
"Test cases for TestAnalysisStepsFromMode","6","TestAnalysisStepsFromMode","","2026-08-20","passed","2026-08-20","","Go Test","github.com/specterops/bloodhound/cmd/api/src/model/TestAnalysisStepsFromMode","TestAnalysisStepsFromMode"
"Test cases for TestMarshalInt","0","TestMarshalInt","","2026-08-20","passed","2026-08-20","","Go Test","github.com/specterops/bloodhound/cmd/api/src/database/types/null/TestMarshalInt","TestMarshalInt"
"Test cases for TestOpenGraphSchemaService_GetEnvironmentKindsAndSchemaEnvironmentData","1","TestOpenGraphSchemaService_GetEnvironmentKindsAndSchemaEnvironmentData","","2026-08-20","passed","2026-08-20","","Go Test","github.com/specterops/bloodhound/cmd/api/src/services/opengraphschema/TestOpenGraphSchemaService_GetEnvironmentKindsAndSchemaEnvironmentData","TestOpenGraphSchemaService_GetEnvironmentKindsAndSchemaEnvironmentData"
"Test cases for TestHandlers_GetRelationshipByID","1","TestHandlers_GetRelationshipByID","","2026-08-20","passed","2026-08-20","","Go Test","github.com/specterops/bloodhound/server/graphdb/internal/handlers/TestHandlers_GetRelationshipByID","TestHandlers_GetRelationshipByID"
"Test cases for TestResources_ShareSavedQueriesPermissions_Admin","8","TestResources_ShareSavedQueriesPermissions_Admin","","2026-08-20","passed","2026-08-20","","Go Test","github.com/specterops/bloodhound/cmd/api/src/api/v2/TestResources_ShareSavedQueriesPermissions_Admin","TestResources_ShareSavedQueriesPermissions_Admin"
"Test cases for TestResources_ListRootCAPKIHierarchy","0","TestResources_ListRootCAPKIHierarchy","","2026-08-20","passed","2026-08-20","","Go Test","github.com/specterops/bloodhound/cmd/api/src/api/v2/TestResources_ListRootCAPKIHierarchy","TestResources_ListRootCAPKIHierarchy"
"","8","hides the item when only the permission passes","useSubNavRoutes","2026-08-20","passed","2026-08-20","","combined gates","",""
"Test cases for TestUnmarshalFloat","0","TestUnmarshalFloat","","2026-08-20","passed","2026-08-20","","Go Test","github.com/specterops/bloodhound/cmd/api/src/database/types/null/TestUnmarshalFloat","TestUnmarshalFloat"
"Test cases for TestPermissionsCheckAtLeastOne","0","TestPermissionsCheckAtLeastOne","","2026-08-20","passed","2026-08-20","","Go Test","github.com/specterops/bloodhound/cmd/api/src/api/middleware/TestPermissionsCheckAtLeastOne","TestPermissionsCheckAtLeastOne"
"","130","calls onConfirm when confirm button clicked","EarlyAccessFeaturesWarningDialog","2026-08-20","passed","2026-08-20","","","",""
"","5","returns true when the highlighted item is a node in the graph","SigmaChart Utils","2026-08-20","passed","2026-08-20","","getIsHighlightedItemInGraph","",""
"Test cases for TestResources_ListCAPKIHierarchy","5","TestResources_ListCAPKIHierarchy","","2026-08-20","passed","2026-08-20","","Go Test","github.com/specterops/bloodhound/cmd/api/src/api/v2/TestResources_ListCAPKIHierarchy","TestResources_ListCAPKIHierarchy"
"Test cases for TestResources_GetAssetGroup","0","TestResources_GetAssetGroup","","2026-08-20","passed","2026-08-20","","Go Test","github.com/specterops/bloodhound/cmd/api/src/api/v2/TestResources_GetAssetGroup","TestResources_GetAssetGroup"
"","62","returns a function that looks up a user display name by id","useGetUserNameById","2026-08-20","passed","2026-08-20","","","",""
"","69","should not display the ETAC role-based filtering badge when filtering is disabled","Zone Management","2026-08-20","passed","2026-08-20","","","",""
"","467","supports keyboard open and close, restoring focus to the trigger","GraphMenu","2026-08-20","passed","2026-08-20","","","",""
"","161","renders enabled Label, Rule and Object tabs","Selected Details Tabs","2026-08-20","passed","2026-08-20","","Selected Details Tabs - Params present","",""
"Test cases for TestWriteErrorResponse_V2","0","TestWriteErrorResponse_V2","","2026-08-20","passed","2026-08-20","","Go Test","github.com/specterops/bloodhound/cmd/api/src/api/TestWriteErrorResponse_V2","TestWriteErrorResponse_V2"
"","1","should recognize a common properties","validating a node property against the shared generated schema","2026-08-20","passed","2026-08-20","","","",""
"","0","filters by moderate risk level","filterAndSearchEnvironments","2026-08-20","passed","2026-08-20","","risk filters","",""
"Test cases for TestManagementResource_ListUsers_PredicateMismatchWithColumn","0","TestManagementResource_ListUsers_PredicateMismatchWithColumn","","2026-08-20","passed","2026-08-20","","Go Test","github.com/specterops/bloodhound/cmd/api/src/api/v2/auth/TestManagementResource_ListUsers_PredicateMismatchWithColumn","TestManagementResource_ListUsers_PredicateMismatchWithColumn"
"","231","handles close event","ImportQueryDialog","2026-08-20","passed","2026-08-20","","","",""
"","327","renders an empty message for the entity panel before a node is selected","GroupManagement","2026-08-20","passed","2026-08-20","","","",""
"","2","does not fetch more data while a page is already fetching","useInfiniteScroll","2026-08-20","passed","2026-08-20","","","",""
"Test cases for TestNewAnalysisRequestSubmitter","0","TestNewAnalysisRequestSubmitter","","2026-08-20","passed","2026-08-20","","Go Test","github.com/specterops/bloodhound/server/analysis/TestNewAnalysisRequestSubmitter","TestNewAnalysisRequestSubmitter"
"","23","renders custom icon correctly","NodeIcon","2026-08-20","passed","2026-08-20","","","",""
"","11","renders the ZoneSelector when available and on a Zone page","TagSelector","2026-08-20","passed","2026-08-20","","","",""
"","0","returns disabled config when target_node_id is missing","useExploreGraph","2026-08-20","passed","2026-08-20","composition search queries","exploreGraphQueryFactory","",""
"Test cases for TestActivateMFA_Failure","652","TestActivateMFA_Failure","","2026-08-20","passed","2026-08-20","","Go Test","github.com/specterops/bloodhound/cmd/api/src/api/v2/auth/TestActivateMFA_Failure","TestActivateMFA_Failure"
"Test cases for TestParseOptionalBoolMisspelledValue","0","TestParseOptionalBoolMisspelledValue","","2026-08-20","passed","2026-08-20","","Go Test","github.com/specterops/bloodhound/cmd/api/src/api/TestParseOptionalBoolMisspelledValue","TestParseOptionalBoolMisspelledValue"
"Test cases for TestManagementResource_GetAZEntity","149","TestManagementResource_GetAZEntity","","2026-08-20","passed","2026-08-20","","Go Test","github.com/specterops/bloodhound/cmd/api/src/api/v2/TestManagementResource_GetAZEntity","TestManagementResource_GetAZEntity"
"Test cases for TestJSONFloat_UnmarshalJSON_NaN","0","TestJSONFloat_UnmarshalJSON_NaN","","2026-08-20","passed","2026-08-20","","Go Test","github.com/specterops/bloodhound/cmd/api/src/database/types/nan/TestJSONFloat_UnmarshalJSON_NaN","TestJSONFloat_UnmarshalJSON_NaN"
"Test cases for TestManagementResource_ListPermissions","0","TestManagementResource_ListPermissions","","2026-08-20","passed","2026-08-20","","Go Test","github.com/specterops/bloodhound/cmd/api/src/api/v2/auth/TestManagementResource_ListPermissions","TestManagementResource_ListPermissions"
"Test cases for TestManagementResource_SAMLCallbackHandler","11","TestManagementResource_SAMLCallbackHandler","","2026-08-20","passed","2026-08-20","","Go Test","github.com/specterops/bloodhound/cmd/api/src/api/v2/auth/TestManagementResource_SAMLCallbackHandler","TestManagementResource_SAMLCallbackHandler"
"","92","calls setExploreParams with expanded sections when accordion value changes","KindInfoItems","2026-08-20","passed","2026-08-20","","","",""
"Test that the digester handles empty property lists gracefully","0","TestCacheEntryDigester_EmptyMatchers","","2026-08-20","passed","2026-08-20","","Go Test","github.com/specterops/bloodhound/cmd/api/src/services/graphify/endpoint/TestCacheEntryDigester_EmptyMatchers","TestCacheEntryDigester_EmptyMatchers"
"Test cases for TestAssetGroupMembers_Filter_NotEquals","0","TestAssetGroupMembers_Filter_NotEquals","","2026-08-20","passed","2026-08-20","","Go Test","github.com/specterops/bloodhound/cmd/api/src/api/TestAssetGroupMembers_Filter_NotEquals","TestAssetGroupMembers_Filter_NotEquals"
"Test cases for TestResolver_StartDone","0","TestResolver_StartDone","","2026-08-20","passed","2026-08-20","","Go Test","github.com/specterops/bloodhound/cmd/api/src/services/graphify/endpoint/TestResolver_StartDone","TestResolver_StartDone"
"Test cases for TestResources_GetOUEntityInfo","0","TestResources_GetOUEntityInfo","","2026-08-20","passed","2026-08-20","","Go Test","github.com/specterops/bloodhound/cmd/api/src/api/v2/TestResources_GetOUEntityInfo","TestResources_GetOUEntityInfo"
"","158","sums nested section node counts","EntityInfoDataTableGraphed","2026-08-20","passed","2026-08-20","","Node count for nested table that counts all sections","",""
"","226","should display error message when error prop is provided","UpdateUserDialog","2026-08-20","passed","2026-08-20","","","",""
"","0","The user has yet to type into the search","Getting the text for the disabled item display for a search when there are no results","2026-08-20","passed","2026-08-20","","Empty data states","",""
"","985","filling in the name value allows updating the rule and navigates back to the details page","Rule Form","2026-08-20","passed","2026-08-20","","","",""
"Test cases for TestPagingParseAndValidate_Parsing","1","TestPagingParseAndValidate_Parsing","","2026-08-20","passed","2026-08-20","","Go Test","github.com/specterops/bloodhound/packages/go/params/TestPagingParseAndValidate_Parsing","TestPagingParseAndValidate_Parsing"
"","25","sets the document title using the app name from AppNameProvider","PageWithTitle","2026-08-20","passed","2026-08-20","","","",""
"","20","does not call getRelationshipByID when itemId is a plain node id","useGraphItem","2026-08-20","passed","2026-08-20","","","",""
"","1609","renders correct search elements after keypresses","GraphView","2026-08-20","passed","2026-08-20","","","",""
"Test cases for TestResources_GetNTAuthStoreEntityInfo","251","TestResources_GetNTAuthStoreEntityInfo","","2026-08-20","passed","2026-08-20","","Go Test","github.com/specterops/bloodhound/cmd/api/src/api/v2/TestResources_GetNTAuthStoreEntityInfo","TestResources_GetNTAuthStoreEntityInfo"
"","223","shows a table with finished jobs","FileIngestTable","2026-08-20","passed","2026-08-20","","","",""
"","220","fires delete when edit is clicked","ListItemActionMenu","2026-08-20","passed","2026-08-20","","","",""
"","59","should render a Field when the provided value is false","Field","2026-08-20","passed","2026-08-20","","","",""
"","423","should accept passwords with unicode punctuation characters","CreateUserForm","2026-08-20","passed","2026-08-20","","","",""
"Test cases for TestAnalysisPipelineStepResultString","0","TestAnalysisPipelineStepResultString","","2026-08-20","passed","2026-08-20","","Go Test","github.com/specterops/bloodhound/packages/go/analysis/TestAnalysisPipelineStepResultString","TestAnalysisPipelineStepResultString"
"Test cases for TestResources_UpdateAssetGroupSelectors_SuccessT0","0","TestResources_UpdateAssetGroupSelectors_SuccessT0","","2026-08-20","passed","2026-08-20","","Go Test","github.com/specterops/bloodhound/cmd/api/src/api/v2/TestResources_UpdateAssetGroupSelectors_SuccessT0","TestResources_UpdateAssetGroupSelectors_SuccessT0"
"Test cases for TestBuildErrorResponseInternalServerError","0","TestBuildErrorResponseInternalServerError","","2026-08-20","passed","2026-08-20","","Go Test","github.com/specterops/bloodhound/cmd/api/src/api/TestBuildErrorResponseInternalServerError","TestBuildErrorResponseInternalServerError"
"","9","applies animation class to the title","ProcessingIndicator","2026-08-20","passed","2026-08-20","","","",""
"Test cases for TestValidateRequestSignature","374","TestValidateRequestSignature","","2026-08-20","passed","2026-08-20","","Go Test","github.com/specterops/bloodhound/cmd/api/src/api/TestValidateRequestSignature","TestValidateRequestSignature"
"","81","when `selectedItem` is provided, the combobox displays the icon","icon rendering","2026-08-20","passed","2026-08-20","","","",""
"Test cases for TestMatches_FailureAction","0","TestMatches_FailureAction","","2026-08-20","passed","2026-08-20","","Go Test","github.com/specterops/bloodhound/cmd/api/src/model/TestMatches_FailureAction","TestMatches_FailureAction"
"","28","renders a button","CreateMenu","2026-08-20","passed","2026-08-20","","oidc_support feature flag disabled","",""
"Test cases for TestService_GetTierZeroTag","0","TestService_GetTierZeroTag","","2026-08-20","passed","2026-08-20","","Go Test","github.com/specterops/bloodhound/server/assetgrouptags/internal/services/TestService_GetTierZeroTag","TestService_GetTierZeroTag"
"Test cases for TestRequiredValidator","0","TestRequiredValidator","","2026-08-20","passed","2026-08-20","","Go Test","github.com/specterops/bloodhound/cmd/api/src/utils/validation/TestRequiredValidator","TestRequiredValidator"
"Test cases for TestRegister_PanicsOnNilPool","0","TestRegister_PanicsOnNilPool","","2026-08-20","passed","2026-08-20","","Go Test","github.com/specterops/bloodhound/server/modules/TestRegister_PanicsOnNilPool","TestRegister_PanicsOnNilPool"
"","3","should compute normal vectors for line segments","bezier","2026-08-20","passed","2026-08-20","","","",""
"Test cases for TestAnalysisStepsValue","5","TestAnalysisStepsValue","","2026-08-20","passed","2026-08-20","","Go Test","github.com/specterops/bloodhound/cmd/api/src/model/TestAnalysisStepsValue","TestAnalysisStepsValue"
"Test cases for TestHandlers_GetRole","4","TestHandlers_GetRole","","2026-08-20","passed","2026-08-20","","Go Test","github.com/specterops/bloodhound/server/identity/internal/handlers/TestHandlers_GetRole","TestHandlers_GetRole"
"TestManifest_AddMigration tests that migrations are added to the correct locationwithin the migration map and in the correct order.","0","TestManifest_AddMigration","","2026-08-20","passed","2026-08-20","","Go Test","github.com/specterops/bloodhound/cmd/api/src/database/migration/TestManifest_AddMigration","TestManifest_AddMigration"
"","0","filters by active-directory platform","filterAndSearchEnvironments","2026-08-20","passed","2026-08-20","","platform filters","",""
"","292","should call onClose when cancel button is clicked","SaveQueryDialog","2026-08-20","passed","2026-08-20","","","",""
"","406","should call performSearch on keyboard press alt+R","CypherSearch","2026-08-20","passed","2026-08-20","","","",""
"","43","renders node and relationship rows from the aggregation endpoint","OpenGraphPlatformInfo","2026-08-20","passed","2026-08-20","","","",""
"Test cases for TestSortJSONArrayElements","2","TestSortJSONArrayElements","","2026-08-20","passed","2026-08-20","","Go Test","github.com/specterops/bloodhound/cmd/api/src/utils/test/TestSortJSONArrayElements","TestSortJSONArrayElements"
"","158","renders a confirm dialg","ConfirmDeleteQueryDialog","2026-08-20","passed","2026-08-20","","","",""
"","449","toggles a source kind off from all selected nested graph data options","GraphDataCheckboxes","2026-08-20","passed","2026-08-20","","","",""
"Test cases for TestWriteResponseWrapperWithPagination","1","TestWriteResponseWrapperWithPagination","","2026-08-20","passed","2026-08-20","","Go Test","github.com/specterops/bloodhound/cmd/api/src/api/TestWriteResponseWrapperWithPagination","TestWriteResponseWrapperWithPagination"
"","4","`undefined` input is provided","parseKeywordAndTypeValue","2026-08-20","passed","2026-08-20","","","",""
"Test cases for TestQueryParameterFilterParser_ParseQueryParameterFilter","0","TestQueryParameterFilterParser_ParseQueryParameterFilter","","2026-08-20","passed","2026-08-20","","Go Test","github.com/specterops/bloodhound/cmd/api/src/model/TestQueryParameterFilterParser_ParseQueryParameterFilter","TestQueryParameterFilterParser_ParseQueryParameterFilter"
"","2496","hides the password field and removes the requirement when logged in with SSO","Users","2026-08-20","passed","2026-08-20","","","",""
"","6063","Typing in the search bar filters the results","ExploreTable","2026-08-20","passed","2026-08-20","","","",""
"","31","renders nothing if flag is enabled and enabled prop is not provided","FeatureFlag","2026-08-20","passed","2026-08-20","","","",""
"","0","returns true if arrays are equal","areArraysSimilar","2026-08-20","passed","2026-08-20","","","",""
"","0","returns the known info map values for a known type (Azure)","getOpenGraphEnvironmentInfo","2026-08-20","passed","2026-08-20","","","",""
"","2","writes initialValue to localStorage when the key is absent","useLocalStorage","2026-08-20","passed","2026-08-20","","initial value","",""
"","129","should call onLoginViaSAML when login via sso button clicked","LoginForm","2026-08-20","passed","2026-08-20","","","",""
"","22","selector members refetches on envrionment change","the useAssetGroupTags utilities","2026-08-20","passed","2026-08-20","","","",""
"","49","falls back to 0 for the relationship row when no relationship stat is present","OpenGraphInfo","2026-08-20","passed","2026-08-20","","","",""
"","199","should display ""Close"" button","UserTokenManagementDialog","2026-08-20","passed","2026-08-20","","","",""
"Test cases for TestManagementResource_DeleteSAMLProvider","5","TestManagementResource_DeleteSAMLProvider","","2026-08-20","passed","2026-08-20","","Go Test","github.com/specterops/bloodhound/cmd/api/src/api/v2/auth/TestManagementResource_DeleteSAMLProvider","TestManagementResource_DeleteSAMLProvider"
"Test cases for TestStore_GetRole","0","TestStore_GetRole","","2026-08-20","passed","2026-08-20","","Go Test","github.com/specterops/bloodhound/server/identity/internal/appdb/TestStore_GetRole","TestStore_GetRole"
"","62","renders rows with pointer cursor when onClick is provided","InfiniteScrollingTable","2026-08-20","passed","2026-08-20","","","",""
"Test cases for TestService_GetRelationship","0","TestService_GetRelationship","","2026-08-20","passed","2026-08-20","","Go Test","github.com/specterops/bloodhound/server/graphdb/internal/services/TestService_GetRelationship","TestService_GetRelationship"
"Test cases for TestResources_GetIssuancePolicyEntityInfo","254","TestResources_GetIssuancePolicyEntityInfo","","2026-08-20","passed","2026-08-20","","Go Test","github.com/specterops/bloodhound/cmd/api/src/api/v2/TestResources_GetIssuancePolicyEntityInfo","TestResources_GetIssuancePolicyEntityInfo"
"","4","returns {enabled: false} if there is not a match on the switch statement","useExploreGraph","2026-08-20","passed","2026-08-20","","exploreGraphQueryFactory","",""
"","9","when password is expired and on password reset page, no redirect occurs","AuthenticatedRoute","2026-08-20","passed","2026-08-20","","","",""
"Test cases for TestResources_ListAuditLogs_Filtered","0","TestResources_ListAuditLogs_Filtered","","2026-08-20","passed","2026-08-20","","Go Test","github.com/specterops/bloodhound/cmd/api/src/api/v2/TestResources_ListAuditLogs_Filtered","TestResources_ListAuditLogs_Filtered"
"Test cases for TestMarshalTime","0","TestMarshalTime","","2026-08-20","passed","2026-08-20","","Go Test","github.com/specterops/bloodhound/cmd/api/src/database/types/null/TestMarshalTime","TestMarshalTime"
"Test cases for TestParseUserIP_XForwardedFor_RemoteAddr","0","TestParseUserIP_XForwardedFor_RemoteAddr","","2026-08-20","passed","2026-08-20","","Go Test","github.com/specterops/bloodhound/cmd/api/src/api/middleware/TestParseUserIP_XForwardedFor_RemoteAddr","TestParseUserIP_XForwardedFor_RemoteAddr"
"Test cases for TestNewAuditLog","0","TestNewAuditLog","","2026-08-20","passed","2026-08-20","","Go Test","github.com/specterops/bloodhound/cmd/api/src/database/TestNewAuditLog","TestNewAuditLog"
"","455","toggles sort order when clicking sortable header","ObjectsAccordion","2026-08-20","passed","2026-08-20","","","",""
"","168","renders the card with title and search input","ActiveExtensionsCard","2026-08-20","passed","2026-08-20","","","",""
"Test cases for TestRandomDurationBetween","15","TestRandomDurationBetween","","2026-08-20","passed","2026-08-20","","Go Test","github.com/specterops/bloodhound/cmd/api/src/daemons/datapipe/TestRandomDurationBetween","TestRandomDurationBetween"
"Test cases for TestWriteErrorResponse_InvalidFormat","0","TestWriteErrorResponse_InvalidFormat","","2026-08-20","passed","2026-08-20","","Go Test","github.com/specterops/bloodhound/cmd/api/src/api/TestWriteErrorResponse_InvalidFormat","TestWriteErrorResponse_InvalidFormat"
"","394","on clicking switch shows modal and when clicking cancel closes it and switch stays disabled","CitrixRDPConfiguration","2026-08-20","passed","2026-08-20","","Click on switch to enable","",""
"","3","does not fetch more data when scrolling outside the default bottom threshold","useInfiniteScroll","2026-08-20","passed","2026-08-20","","","",""
"Test cases for TestConvertAzureResourceGroupContributorToRels","1","TestConvertAzureResourceGroupContributorToRels","","2026-08-20","passed","2026-08-20","","Go Test","github.com/specterops/bloodhound/packages/go/ein/TestConvertAzureResourceGroupContributorToRels","TestConvertAzureResourceGroupContributorToRels"
"","913","should not have less characters than the minimum requirement","CreateUserForm","2026-08-20","passed","2026-08-20","","","",""
"","916","should call onSave when Save button is clicked and form input is valid","UpdateUserDialog","2026-08-20","passed","2026-08-20","","","",""
"","0","A type and keyword were provided but there were no results available","Getting the text for the disabled item display for a search when there are no results","2026-08-20","passed","2026-08-20","","Empty data states","",""
"Test cases for TestMapExistsError","33","TestMapExistsError","","2026-08-20","passed","2026-08-20","","Go Test","github.com/specterops/bloodhound/packages/go/storage/TestMapExistsError","TestMapExistsError"
"Test cases for TestGetPageParamsForGraphQuery","0","TestGetPageParamsForGraphQuery","","2026-08-20","passed","2026-08-20","","Go Test","github.com/specterops/bloodhound/cmd/api/src/utils/TestGetPageParamsForGraphQuery","TestGetPageParamsForGraphQuery"
"","39","sets autoDisplayTable to false if query returns edges","useExploreTableAutoDisplay","2026-08-20","passed","2026-08-20","","","",""
"","0","returns false if value is {}","searchParams","2026-08-20","passed","2026-08-20","","isEmptyParam","",""
"Test cases for TestMinMaxValidator","0","TestMinMaxValidator","","2026-08-20","passed","2026-08-20","","Go Test","github.com/specterops/bloodhound/cmd/api/src/utils/validation/TestMinMaxValidator","TestMinMaxValidator"
"","401","should call ""onSave"" one time","Enable2FADialog","2026-08-20","passed","2026-08-20","user clicks ""Disable Multi-Factor Authentication"" button","user enters valid password","",""
"","474","accepts a valid file and allows the user to continue through the upload process","File Upload","2026-08-20","passed","2026-08-20","","","",""
"Test cases for TestMarkdownValidator_Policy","1","TestMarkdownValidator_Policy","","2026-08-20","passed","2026-08-20","","Go Test","github.com/specterops/bloodhound/cmd/api/src/services/opengraphschema/TestMarkdownValidator_Policy","TestMarkdownValidator_Policy"
"","1411","should render","EdgeInfoHeader","2026-08-20","passed","2026-08-20","","","",""
"","650","has status filters","FileIngestFilterDialog","2026-08-20","passed","2026-08-20","","Status Select","",""
"","939","does not show a warning for using labels associated with tags in label forms (also shows correct View in Explore link)","Rule Form","2026-08-20","passed","2026-08-20","","","",""
"Test cases for Test_FixtureSetup","0","Test_FixtureSetup","","2026-08-20","passed","2026-08-20","","Go Test","github.com/specterops/bloodhound/packages/go/lab/Test_FixtureSetup","Test_FixtureSetup"
"","3","should ignore case when filtering","compareTerm","2026-08-20","passed","2026-08-20","","","",""
"","81","renders the Object Tab content when Object tab is chosen","Selected Details Tab Content","2026-08-20","passed","2026-08-20","","","",""
"","2976","when user performs a pathfinding search, the swap button is disabled until both the start and destination nodes are provided","Pathfinding: interaction","2026-08-20","passed","2026-08-20","","","",""
"Test cases for TestBoolIsZero","0","TestBoolIsZero","","2026-08-20","passed","2026-08-20","","Go Test","github.com/specterops/bloodhound/cmd/api/src/database/types/null/TestBoolIsZero","TestBoolIsZero"
"","1238","a cypher search 404 does not render the GraphViewErrorAlert","GraphView","2026-08-20","passed","2026-08-20","","","",""
"Test cases for TestCreateUser_Failure","0","TestCreateUser_Failure","","2026-08-20","passed","2026-08-20","","Go Test","github.com/specterops/bloodhound/cmd/api/src/api/v2/auth/TestCreateUser_Failure","TestCreateUser_Failure"
"","255","includes the platform environment_kind_id in the onSelect payload when an open graph aggregate is clicked","Open Graph platform selection","2026-08-20","passed","2026-08-20","","","",""
"","24","resets to descending sort when sorting a different column","useSortParams","2026-08-20","passed","2026-08-20","","","",""
"","19","throws when used outside of AnnouncementProvider","useAnnounce","2026-08-20","passed","2026-08-20","","","",""
"","0","escapes a single quote","escapeCypherString","2026-08-20","passed","2026-08-20","","","",""
"","16","function should return 1 when first param is larger, no matter the data type","Compare function for explore table sort","2026-08-20","passed","2026-08-20","","","",""
"","368","calls the passed in select handler when clicking the Confirm button","Glyph Select Dialog","2026-08-20","passed","2026-08-20","","","",""
"Test cases for Test_parseAuthorizationHeader","1","Test_parseAuthorizationHeader","","2026-08-20","passed","2026-08-20","","Go Test","github.com/specterops/bloodhound/cmd/api/src/api/middleware/Test_parseAuthorizationHeader","Test_parseAuthorizationHeader"
"","2346","when user performs a pathfinding search, and then clicks the swap button, the start and destination inputs are swapped","Pathfinding: interaction","2026-08-20","passed","2026-08-20","","","",""
"","14","shows ""no permission"" notification if lacking permission","useFinishedJobs","2026-08-20","passed","2026-08-20","","","",""
"","566","clear validation error on input","ManagedDatePicker - date validation","2026-08-20","passed","2026-08-20","","","",""
"","2","A warning is printed when node positions are not available to apply from","applyNodePositionsFromGraphlibGraph","2026-08-20","passed","2026-08-20","","","",""
"","36","calculates the running time of a job and converts to a human readable format","getSimpleDuration","2026-08-20","passed","2026-08-20","","","",""
"Test cases for TestUnmarshalInt64","0","TestUnmarshalInt64","","2026-08-20","passed","2026-08-20","","Go Test","github.com/specterops/bloodhound/cmd/api/src/database/types/null/TestUnmarshalInt64","TestUnmarshalInt64"
"","1233","should display a dropdown when a user types a partial query that can be autocompleted","CypherSearch","2026-08-20","passed","2026-08-20","","","",""
"","12","clears sort state","useSortParams","2026-08-20","passed","2026-08-20","","","",""
"","1726","handles delete by nested graph data selection","DatabaseManagement","2026-08-20","passed","2026-08-20","","","",""
"Test cases for TestAddOrderByToNeo4jQuery_NoOrderByClause","0","TestAddOrderByToNeo4jQuery_NoOrderByClause","","2026-08-20","passed","2026-08-20","","Go Test","github.com/specterops/bloodhound/cmd/api/src/api/v2/TestAddOrderByToNeo4jQuery_NoOrderByClause","TestAddOrderByToNeo4jQuery_NoOrderByClause"
"Test cases for TestResources_DeleteSavedQueryPermissions","0","TestResources_DeleteSavedQueryPermissions","","2026-08-20","passed","2026-08-20","","Go Test","github.com/specterops/bloodhound/cmd/api/src/api/v2/TestResources_DeleteSavedQueryPermissions","TestResources_DeleteSavedQueryPermissions"
"","0","should hide/expand search widget when user clicks minus/plus button","ExploreSearch rendering per tab","2026-08-20","unknown","2026-08-20","","","",""
"Test cases for TestResources_SearchHandler_ETAC","22","TestResources_SearchHandler_ETAC","","2026-08-20","passed","2026-08-20","","Go Test","github.com/specterops/bloodhound/cmd/api/src/api/v2/TestResources_SearchHandler_ETAC","TestResources_SearchHandler_ETAC"
"Test cases for TestExtractIngestFiles","7","TestExtractIngestFiles","","2026-08-20","passed","2026-08-20","","Go Test","github.com/specterops/bloodhound/cmd/api/src/services/graphify/TestExtractIngestFiles","TestExtractIngestFiles"
"","20","renders nothing if flag is disabled and disabled prop is not provided","FeatureFlag","2026-08-20","passed","2026-08-20","","","",""
"","25","returns the OpenGraph environmentInfo when environmentAggregation param is not a known type","useAvailableEnvironments","2026-08-20","passed","2026-08-20","","useSelectedEnvironment","",""
"Test cases for TestWriteAndValidateZip","0","TestWriteAndValidateZip","","2026-08-20","passed","2026-08-20","","Go Test","github.com/specterops/bloodhound/cmd/api/src/services/upload/TestWriteAndValidateZip","TestWriteAndValidateZip"
"","55","sets the document title using the default app name","PageWithTitle","2026-08-20","passed","2026-08-20","","","",""
"","36","clears selected if same note is clicked again","NoteCell component","2026-08-20","passed","2026-08-20","","","",""
"","694","renders","Glyph Select Dialog","2026-08-20","passed","2026-08-20","","","",""
"Test cases for TestResources_ListAcceptedFileUploadTypes","0","TestResources_ListAcceptedFileUploadTypes","","2026-08-20","passed","2026-08-20","","Go Test","github.com/specterops/bloodhound/cmd/api/src/api/v2/TestResources_ListAcceptedFileUploadTypes","TestResources_ListAcceptedFileUploadTypes"
"","75","renders rows with default cursor when onClick is not provided","InfiniteScrollingTable","2026-08-20","passed","2026-08-20","","","",""
"","0","returns true if arrays have same content in different order","areArraysSimilar","2026-08-20","passed","2026-08-20","","","",""
"","1","If for some reason the node size is not defined return 1 as a default","getNodeRadius","2026-08-20","passed","2026-08-20","","","",""
"","71","initializes the categories with just the built-in defaults when edge endpoint returns nothing","useEdgeCategories","2026-08-20","passed","2026-08-20","","","",""
"","66","returns false on 404","useGraphHasData","2026-08-20","passed","2026-08-20","","","",""
"","12","when user has a disallowed role for a route with disallowed roles, they see the disallowed notification.","AuthenticatedRoute","2026-08-20","passed","2026-08-20","","","",""
"","426","should not allow leading or trailing empty spaces","UpdateUserForm","2026-08-20","passed","2026-08-20","","","",""
"","2206","resets skip to 0 when rows per page changes so rows are visible on the new page size","FileIngestTable","2026-08-20","passed","2026-08-20","","pagination reset","",""
"","354","invalidates the extensions and custom node kinds queries after a successful upload","SchemaUploadDialog","2026-08-20","passed","2026-08-20","","","",""
"Test cases for TestNormalizeStoragePrefixes","19","TestNormalizeStoragePrefixes","","2026-08-20","passed","2026-08-20","","Go Test","github.com/specterops/bloodhound/cmd/api/src/daemons/datapipe/TestNormalizeStoragePrefixes","TestNormalizeStoragePrefixes"
"Test cases for Test_getSearchableNodeKinds","0","Test_getSearchableNodeKinds","","2026-08-20","passed","2026-08-20","","Go Test","github.com/specterops/bloodhound/cmd/api/src/api/v2/Test_getSearchableNodeKinds","Test_getSearchableNodeKinds"
"Test cases for TestHandlers_IsEnabled","0","TestHandlers_IsEnabled","","2026-08-20","passed","2026-08-20","","Go Test","github.com/specterops/bloodhound/server/featureflags/internal/handlers/TestHandlers_IsEnabled","TestHandlers_IsEnabled"
"","10","should render when search string at the end of the text","HighlightedText","2026-08-20","passed","2026-08-20","","","",""
"Test cases for TestManagementResource_UpdateUser_GetRolesError","1260","TestManagementResource_UpdateUser_GetRolesError","","2026-08-20","passed","2026-08-20","","Go Test","github.com/specterops/bloodhound/cmd/api/src/api/v2/auth/TestManagementResource_UpdateUser_GetRolesError","TestManagementResource_UpdateUser_GetRolesError"
"Test cases for TestGenericAssign","2","TestGenericAssign","","2026-08-20","passed","2026-08-20","","Go Test","github.com/specterops/bloodhound/cmd/api/src/utils/TestGenericAssign","TestGenericAssign"
"","0","returns false for arrays with different object references","areArraysSimilar","2026-08-20","passed","2026-08-20","","","",""
"","10","allows you to cancel filter updates before applying them to the url and reset to the default filter state","usePathfindingFilters","2026-08-20","passed","2026-08-20","","","",""
"","3886","checking a single edge type updates its parent and grandparent","Pathfinding","2026-08-20","passed","2026-08-20","","","",""
"Test cases for TestResources_ListADEntityPSRemoteRights","1","TestResources_ListADEntityPSRemoteRights","","2026-08-20","passed","2026-08-20","","Go Test","github.com/specterops/bloodhound/cmd/api/src/api/v2/TestResources_ListADEntityPSRemoteRights","TestResources_ListADEntityPSRemoteRights"
"Test cases for TestResources_DeleteSavedQuery_RecordNotFound","0","TestResources_DeleteSavedQuery_RecordNotFound","","2026-08-20","passed","2026-08-20","","Go Test","github.com/specterops/bloodhound/cmd/api/src/api/v2/TestResources_DeleteSavedQuery_RecordNotFound","TestResources_DeleteSavedQuery_RecordNotFound"
"","1","adds email filter if madeBy contains ""@""","createHistoryParams","2026-08-20","passed","2026-08-20","","","",""
"Test cases for TestResources_GetEdgeRelayTargets","94","TestResources_GetEdgeRelayTargets","","2026-08-20","passed","2026-08-20","","Go Test","github.com/specterops/bloodhound/cmd/api/src/api/v2/TestResources_GetEdgeRelayTargets","TestResources_GetEdgeRelayTargets"
"Test cases for TestResources_UpdateSavedQuery_AdminPrivateQuery_Success","0","TestResources_UpdateSavedQuery_AdminPrivateQuery_Success","","2026-08-20","passed","2026-08-20","","Go Test","github.com/specterops/bloodhound/cmd/api/src/api/v2/TestResources_UpdateSavedQuery_AdminPrivateQuery_Success","TestResources_UpdateSavedQuery_AdminPrivateQuery_Success"
"","287","sets secondarySearch=id and searchType=node when primarySearch is falsey","ContextMenu","2026-08-20","passed","2026-08-20","","","",""
"","13","calls the provided notification method","handleError","2026-08-20","passed","2026-08-20","","","",""
"","233","calls onChange with all columns when ""Select All"" is clicked","ManageColumnsComboBox","2026-08-20","passed","2026-08-20","","","",""
"Test cases for TestStore_Exists","25","TestStore_Exists","","2026-08-20","passed","2026-08-20","","Go Test","github.com/specterops/bloodhound/packages/go/storage/TestStore_Exists","TestStore_Exists"
"","11","takes a string and copys to the navigator clipboard","copyToClipboard","2026-08-20","passed","2026-08-20","","","",""
"Test cases for TestStorageFileService_ReadFile","38","TestStorageFileService_ReadFile","","2026-08-20","passed","2026-08-20","","Go Test","github.com/specterops/bloodhound/packages/go/storage/TestStorageFileService_ReadFile","TestStorageFileService_ReadFile"
"","627","renders the Platforms dropdown and handles click event","QuerySearchFilter","2026-08-20","passed","2026-08-20","","","",""
"Test cases for TestWriteResultJson","0","TestWriteResultJson","","2026-08-20","passed","2026-08-20","","Go Test","github.com/specterops/bloodhound/cmd/api/src/utils/TestWriteResultJson","TestWriteResultJson"
"","627","shows success notification after successful deletion","ActiveExtensionsCard","2026-08-20","passed","2026-08-20","","","",""
"","2020","should allow user to create new SAML provder and then display it in the table","SSOConfiguration","2026-08-20","passed","2026-08-20","","","",""
"Test cases for TestManagementResource_DeleteUser_DeleteUserError","966","TestManagementResource_DeleteUser_DeleteUserError","","2026-08-20","passed","2026-08-20","","Go Test","github.com/specterops/bloodhound/cmd/api/src/api/v2/auth/TestManagementResource_DeleteUser_DeleteUserError","TestManagementResource_DeleteUser_DeleteUserError"
"Test cases for TestExpireUserAuthSecret_Failure","0","TestExpireUserAuthSecret_Failure","","2026-08-20","passed","2026-08-20","","Go Test","github.com/specterops/bloodhound/cmd/api/src/api/v2/auth/TestExpireUserAuthSecret_Failure","TestExpireUserAuthSecret_Failure"
"Test cases for TestArgon2Digest_Validate","0","TestArgon2Digest_Validate","","2026-08-20","passed","2026-08-20","","Go Test","github.com/specterops/bloodhound/packages/go/crypto/TestArgon2Digest_Validate","TestArgon2Digest_Validate"
"Test cases for TestLocalStore_Close","4","TestLocalStore_Close","","2026-08-20","passed","2026-08-20","","Go Test","github.com/specterops/bloodhound/packages/go/storage/TestLocalStore_Close","TestLocalStore_Close"
"","62","is disabled if no filters are active","AssetGroupEdit","2026-08-20","passed","2026-08-20","","Clear Filters button","",""
"","0","Origin label and sizing are used when specified","copySigmaNodesToGraphlibGraph","2026-08-20","passed","2026-08-20","","","",""
"","139","does not show ""<10 Days to Expire"" warning when token expires in more than 10 days","UserTokenManagementDialog - API Expiration Date column","2026-08-20","passed","2026-08-20","","","",""
"Test cases for TestResources_GetGroupEntityInfo","0","TestResources_GetGroupEntityInfo","","2026-08-20","passed","2026-08-20","","Go Test","github.com/specterops/bloodhound/cmd/api/src/api/v2/TestResources_GetGroupEntityInfo","TestResources_GetGroupEntityInfo"
"","285","displays expected results when searching by label","SearchCurrentNodes","2026-08-20","passed","2026-08-20","","","",""
"","694","exposes menu state and supports keyboard focus restoration","GraphControls","2026-08-20","passed","2026-08-20","","Accessible icon controls","",""
"","0","returns null for an open graph environment without an id","getStatsComponent","2026-08-20","passed","2026-08-20","","","",""
"Test cases for TestResources_GetAssetGroupTagHistory","0","TestResources_GetAssetGroupTagHistory","","2026-08-20","passed","2026-08-20","","Go Test","github.com/specterops/bloodhound/cmd/api/src/api/v2/TestResources_GetAssetGroupTagHistory","TestResources_GetAssetGroupTagHistory"
"Test cases for TestSignRequestValuesSuccess","0","TestSignRequestValuesSuccess","","2026-08-20","passed","2026-08-20","","Go Test","github.com/specterops/bloodhound/cmd/api/src/api/TestSignRequestValuesSuccess","TestSignRequestValuesSuccess"
"Test cases for TestResources_PreviewSelectors","0","TestResources_PreviewSelectors","","2026-08-20","passed","2026-08-20","","Go Test","github.com/specterops/bloodhound/cmd/api/src/api/v2/TestResources_PreviewSelectors","TestResources_PreviewSelectors"
"Test cases for Test_ParseGraphSortParameters_Success","0","Test_ParseGraphSortParameters_Success","","2026-08-20","passed","2026-08-20","","Go Test","github.com/specterops/bloodhound/cmd/api/src/api/Test_ParseGraphSortParameters_Success","Test_ParseGraphSortParameters_Success"
"","0","returns true if value is null","searchParams","2026-08-20","passed","2026-08-20","","isEmptyParam","",""
"","418","renders trigger button and dropdown items","TagToZoneLabel","2026-08-20","passed","2026-08-20","","","",""
"","17","hides items when the user lacks admin permissions","useSubNavRoutes","2026-08-20","passed","2026-08-20","","adminOnly gate","",""
"","0","combines all filter types","filterAndSearchEnvironments","2026-08-20","passed","2026-08-20","","combined filters","",""
"","135","requests finished jobs","useFinishedJobs","2026-08-20","passed","2026-08-20","","","",""
"Test cases for TestResources_ListEdgeTypes","137","TestResources_ListEdgeTypes","","2026-08-20","passed","2026-08-20","","Go Test","github.com/specterops/bloodhound/cmd/api/src/api/v2/TestResources_ListEdgeTypes","TestResources_ListEdgeTypes"
"Test cases for TestManagementResource_ListAuthTokens_Admin","1","TestManagementResource_ListAuthTokens_Admin","","2026-08-20","passed","2026-08-20","","Go Test","github.com/specterops/bloodhound/cmd/api/src/api/v2/auth/TestManagementResource_ListAuthTokens_Admin","TestManagementResource_ListAuthTokens_Admin"
"Test cases for TestNewAnalysisRequestAdapter","1","TestNewAnalysisRequestAdapter","","2026-08-20","passed","2026-08-20","","Go Test","github.com/specterops/bloodhound/server/analysis/TestNewAnalysisRequestAdapter","TestNewAnalysisRequestAdapter"
"","61","indicates the code container is scrollable when the code is unwrapped","CodeController","2026-08-20","passed","2026-08-20","","","",""
"","648","should display Environmental Targeted Access Control panel when showEnvironmentAccessControls prop is true and read-only role is selected","UpdateUserForm","2026-08-20","passed","2026-08-20","","","",""
"Test cases for TestTimeScanValue","0","TestTimeScanValue","","2026-08-20","passed","2026-08-20","","Go Test","github.com/specterops/bloodhound/cmd/api/src/database/types/null/TestTimeScanValue","TestTimeScanValue"
"","113","disables delete button for user without correct permissions","ActiveExtensionsCard","2026-08-20","passed","2026-08-20","","","",""
"","10","renders TenantInfo for a collected azure environment","getStatsComponent","2026-08-20","passed","2026-08-20","","","",""
"","38","returns undefined if environmentId searched for is not found","useAvailableEnvironments","2026-08-20","passed","2026-08-20","","useSelectedEnvironment","",""
"","219","highlights selectedLayout rather than the table option when searchType is not cypher","GraphControls","2026-08-20","passed","2026-08-20","","Table view selection state","",""
"Test cases for TestResources_ListADEntityDCOMRights","0","TestResources_ListADEntityDCOMRights","","2026-08-20","passed","2026-08-20","","Go Test","github.com/specterops/bloodhound/cmd/api/src/api/v2/TestResources_ListADEntityDCOMRights","TestResources_ListADEntityDCOMRights"
"","0","handles both node_kinds and edge_kinds together","graphSchema","2026-08-20","passed","2026-08-20","","","",""
"Test cases for TestService_ListRoles","0","TestService_ListRoles","","2026-08-20","passed","2026-08-20","","Go Test","github.com/specterops/bloodhound/server/identity/internal/services/TestService_ListRoles","TestService_ListRoles"
"","49","shows the direct object list and expanded object list empty, when only direct objects in results","Seed Selection Results","2026-08-20","passed","2026-08-20","","","",""
"","3209","The password reset dialog is opened when switching a user from SAML based authentication to username/password based authentication","Users","2026-08-20","passed","2026-08-20","","","",""
"","354","renders icons as expected","DropdownSelector","2026-08-20","passed","2026-08-20","","","",""
"","744","should initiate data loading when an item is selected","Simple Environment Selector","2026-08-20","passed","2026-08-20","","","",""
"","117","defaults to wrapped and removes .wrapped class when unwrap btn is clicked","CodeController","2026-08-20","passed","2026-08-20","","","",""
"","807","should fire Confirm once with true after typing challenge text","DeleteConfirmationDialog","2026-08-20","passed","2026-08-20","","","",""
"Test cases for TestResources_ListADDomainOutboundTrusts","0","TestResources_ListADDomainOutboundTrusts","","2026-08-20","passed","2026-08-20","","Go Test","github.com/specterops/bloodhound/cmd/api/src/api/v2/TestResources_ListADDomainOutboundTrusts","TestResources_ListADDomainOutboundTrusts"
"Test cases for TestMarkdownValidator_Validate","1","TestMarkdownValidator_Validate","","2026-08-20","passed","2026-08-20","","Go Test","github.com/specterops/bloodhound/cmd/api/src/services/opengraphschema/TestMarkdownValidator_Validate","TestMarkdownValidator_Validate"
"","728","should render inputs, labels, and action buttons","UpsertSAMLProviderForm","2026-08-20","passed","2026-08-20","","","",""
"","144","should call onCancel when return to login button clicked","OneTimePasscodeForm","2026-08-20","passed","2026-08-20","","","",""
"","12","does not call getNodeByID when itemId has the rel_ prefix","useGraphItem","2026-08-20","passed","2026-08-20","","","",""
"Test cases for TestNormalizeToUTF8_ReaderError","0","TestNormalizeToUTF8_ReaderError","","2026-08-20","passed","2026-08-20","","Go Test","github.com/specterops/bloodhound/packages/go/bomenc/TestNormalizeToUTF8_ReaderError","TestNormalizeToUTF8_ReaderError"
"Test cases for TestTypes_Scan_Success","0","TestTypes_Scan_Success","","2026-08-20","passed","2026-08-20","","Go Test","github.com/specterops/bloodhound/cmd/api/src/database/types/TestTypes_Scan_Success","TestTypes_Scan_Success"
"","234","on clicking switch shows modal and when clicking confirm closes it and switch changes to disabled","CitrixRDPConfiguration","2026-08-20","passed","2026-08-20","","Click on switch to disable","",""
"","78","requests the user when a userId is provided","useGetUser","2026-08-20","passed","2026-08-20","","","",""
"","996","disables the confirm button until user types required text","Tag Form","2026-08-20","passed","2026-08-20","","","",""
"","0","returns an empty array for an all selection when there are no options","getValuesFromSelection","2026-08-20","passed","2026-08-20","","","",""
"Test cases for TestResources_DeleteSavedQuery_NotAUserAuth","0","TestResources_DeleteSavedQuery_NotAUserAuth","","2026-08-20","passed","2026-08-20","","Go Test","github.com/specterops/bloodhound/cmd/api/src/api/v2/TestResources_DeleteSavedQuery_NotAUserAuth","TestResources_DeleteSavedQuery_NotAUserAuth"
"","11","can composes search params from the search prop and use them in the redirect","AppNavigate","2026-08-20","passed","2026-08-20","","","",""
"Test cases for TestContextMiddleware_InvalidWait","0","TestContextMiddleware_InvalidWait","","2026-08-20","passed","2026-08-20","","Go Test","github.com/specterops/bloodhound/cmd/api/src/api/middleware/TestContextMiddleware_InvalidWait","TestContextMiddleware_InvalidWait"
"Test cases for TestQueries_GetEntityResults","0","TestQueries_GetEntityResults","","2026-08-20","passed","2026-08-20","","Go Test","github.com/specterops/bloodhound/cmd/api/src/queries/TestQueries_GetEntityResults","TestQueries_GetEntityResults"
"","455","switches Rule tab to active/selected when clicked","Selected Details Tabs","2026-08-20","passed","2026-08-20","","Selected Details Tabs - Click Interactions","",""
"Test cases for TestInt64IsZero","0","TestInt64IsZero","","2026-08-20","passed","2026-08-20","","Go Test","github.com/specterops/bloodhound/cmd/api/src/database/types/null/TestInt64IsZero","TestInt64IsZero"
"","3025","should open edge filtering dialog","EdgeFilter","2026-08-20","passed","2026-08-20","","","",""
"Test cases for TestManagementResource_CreateOIDCProvider","1","TestManagementResource_CreateOIDCProvider","","2026-08-20","passed","2026-08-20","","Go Test","github.com/specterops/bloodhound/cmd/api/src/api/v2/auth/TestManagementResource_CreateOIDCProvider","TestManagementResource_CreateOIDCProvider"
"Test cases for TestNewSelectorNodeBatchSQLArgs","1","TestNewSelectorNodeBatchSQLArgs","","2026-08-20","passed","2026-08-20","","Go Test","github.com/specterops/bloodhound/cmd/api/src/database/TestNewSelectorNodeBatchSQLArgs","TestNewSelectorNodeBatchSQLArgs"
"Test cases for TestStore_GetPermission","0","TestStore_GetPermission","","2026-08-20","passed","2026-08-20","","Go Test","github.com/specterops/bloodhound/server/identity/internal/appdb/TestStore_GetPermission","TestStore_GetPermission"
"Test cases for Test_SetDependency","0","Test_SetDependency","","2026-08-20","passed","2026-08-20","","Go Test","github.com/specterops/bloodhound/packages/go/lab/Test_SetDependency","Test_SetDependency"
"","41","hides items when the flag is disabled","useSubNavRoutes","2026-08-20","passed","2026-08-20","","featureFlag gate","",""
"","0","should be case-insensitive when matching by path","opsFilter","2026-08-20","passed","2026-08-20","","","",""
"","163","renders a button for opening the dialog","SchemaUploadDialog","2026-08-20","passed","2026-08-20","","","",""
"","138","renders a row per node stat plus the relationship row when populated","OpenGraphInfo","2026-08-20","passed","2026-08-20","","","",""
"","1470","should call the setCypherQuery handler when the value in the editor changes","CypherSearch","2026-08-20","passed","2026-08-20","","","",""
"","1","returns undefined for headers when db config timeout limit setting is disabled and state of is disable query limit is false","useExploreGraph","2026-08-20","passed","2026-08-20","userSettings","exploreGraphQueryFactory","",""
"","24","calls onDataError and renders nothing when the aggregation request fails","OpenGraphPlatformInfo","2026-08-20","passed","2026-08-20","","","",""
"","8","displays a pulsing indicator","StatusIndicator","2026-08-20","passed","2026-08-20","","","",""
"Test cases for TestDisenrollMFA_Admin_FailureIncorrectPassword","1952","TestDisenrollMFA_Admin_FailureIncorrectPassword","","2026-08-20","passed","2026-08-20","","Go Test","github.com/specterops/bloodhound/cmd/api/src/api/v2/auth/TestDisenrollMFA_Admin_FailureIncorrectPassword","TestDisenrollMFA_Admin_FailureIncorrectPassword"
"","0","should handle the well formed entities","Evaluating the entity display name from a given entity","2026-08-20","passed","2026-08-20","","","",""
"","232","Selecting an edge that meets ACL inheritance criteria shows the ""ACE Inherited From"" dropdown","EdgeInfoContent","2026-08-20","passed","2026-08-20","","","",""
"","127","disables the create user button and does not populate a table if the user lacks the permission","Users","2026-08-20","passed","2026-08-20","","","",""
"","3123","closes explore search tab menu and clears selected item when a cypher query returns multiple nodes","CypherSearch","2026-08-20","passed","2026-08-20","","Minimize explorer page elements when multiple nodes are returned","",""
"","292","should display correctly","ConfirmationDialog","2026-08-20","passed","2026-08-20","","","",""
"","280","should handle click events on apply and cancel","ConfirmUpdateQueryDialog","2026-08-20","passed","2026-08-20","","","",""
"","557","should display Environmental Targeted Access Control panel when showEnvironmentAccessControls prop is true and user role is selected","CreateUserForm","2026-08-20","passed","2026-08-20","","","",""
"","103","renders Empty when items is undefined and Empty is provided","<DetailsAccordion />","2026-08-20","passed","2026-08-20","","","",""
"","241","shows ""Select All"" when not all columns are selected","ManageColumnsComboBox","2026-08-20","passed","2026-08-20","","","",""
"Test cases for TestResources_ShareSavedQueriesPermissions_CanUpdateSavedQueriesPermission","6","TestResources_ShareSavedQueriesPermissions_CanUpdateSavedQueriesPermission","","2026-08-20","passed","2026-08-20","","Go Test","github.com/specterops/bloodhound/cmd/api/src/api/v2/TestResources_ShareSavedQueriesPermissions_CanUpdateSavedQueriesPermission","TestResources_ShareSavedQueriesPermissions_CanUpdateSavedQueriesPermission"
"Test cases for TestHandlers_GetNodeKindByID","1","TestHandlers_GetNodeKindByID","","2026-08-20","passed","2026-08-20","","Go Test","github.com/specterops/bloodhound/server/extensions/internal/handlers/TestHandlers_GetNodeKindByID","TestHandlers_GetNodeKindByID"
"Test cases for TestCreateFuzzyNodeSearchGraphCriteria_Search","0","TestCreateFuzzyNodeSearchGraphCriteria_Search","","2026-08-20","passed","2026-08-20","","Go Test","github.com/specterops/bloodhound/cmd/api/src/queries/TestCreateFuzzyNodeSearchGraphCriteria_Search","TestCreateFuzzyNodeSearchGraphCriteria_Search"
"Test cases for TestInt64SetValid","0","TestInt64SetValid","","2026-08-20","passed","2026-08-20","","Go Test","github.com/specterops/bloodhound/cmd/api/src/database/types/null/TestInt64SetValid","TestInt64SetValid"
"","0","returns empty arrays for empty input","getMetricStatsByType","2026-08-20","passed","2026-08-20","","","",""
"","285","handles a selection as expected","DropdownSelector","2026-08-20","passed","2026-08-20","","","",""
"","69","displays no data message when there are no extensions","ActiveExtensionsCard","2026-08-20","passed","2026-08-20","","","",""
"","5","returns bounds for text rendered to canvas","getLabelBoundsFromContext","2026-08-20","passed","2026-08-20","","","",""
"","3","dispatches a storage event when a value is set","useLocalStorage","2026-08-20","passed","2026-08-20","","storage event synchronisation","",""
"","101","disables items via itemDisabled and hides the chevron icon visually","<DetailsAccordion />","2026-08-20","passed","2026-08-20","","","",""
"Test cases for TestTypes_Value","0","TestTypes_Value","","2026-08-20","passed","2026-08-20","","Go Test","github.com/specterops/bloodhound/cmd/api/src/database/types/TestTypes_Value","TestTypes_Value"
"","43","should display a message","CypherSearchMessage","2026-08-20","passed","2026-08-20","","","",""
"","220","calls onChangePinnedColumns to unpin a column when its pin icon is clicked","ManageColumnsComboBox","2026-08-20","passed","2026-08-20","","","",""
"Test cases for TestFloatFrom","0","TestFloatFrom","","2026-08-20","passed","2026-08-20","","Go Test","github.com/specterops/bloodhound/cmd/api/src/database/types/null/TestFloatFrom","TestFloatFrom"
"","5657","collapse all button collapses all sections","Pathfinding","2026-08-20","passed","2026-08-20","","","",""
"Test cases for TestResources_ListUsersMinimal","4","TestResources_ListUsersMinimal","","2026-08-20","passed","2026-08-20","","Go Test","github.com/specterops/bloodhound/cmd/api/src/api/v2/auth/TestResources_ListUsersMinimal","TestResources_ListUsersMinimal"
"Test cases for TestCacheEntryDigester_DigestEndpoint_JSONMarshalError","0","TestCacheEntryDigester_DigestEndpoint_JSONMarshalError","","2026-08-20","passed","2026-08-20","","Go Test","github.com/specterops/bloodhound/cmd/api/src/services/graphify/endpoint/TestCacheEntryDigester_DigestEndpoint_JSONMarshalError","TestCacheEntryDigester_DigestEndpoint_JSONMarshalError"
"","0","returns null for an open graph platform aggregate without a kind id","getStatsComponent","2026-08-20","passed","2026-08-20","","","",""
"","46","does not throw a React useRef error when a property is named ""ref""","EntityObjectInformation","2026-08-20","passed","2026-08-20","","","",""
"","0","returns a some selection with the selected values when a subset of options is selected","getNextSelection","2026-08-20","passed","2026-08-20","","","",""
"Test cases for Test_ParseSortParameters","0","Test_ParseSortParameters","","2026-08-20","passed","2026-08-20","","Go Test","github.com/specterops/bloodhound/cmd/api/src/api/Test_ParseSortParameters","Test_ParseSortParameters"
"Test cases for TestStorageFileService_WriteTempFile","37","TestStorageFileService_WriteTempFile","","2026-08-20","passed","2026-08-20","","Go Test","github.com/specterops/bloodhound/packages/go/storage/TestStorageFileService_WriteTempFile","TestStorageFileService_WriteTempFile"
"","469","should render list of available SSO providers","LoginViaSSOForm","2026-08-20","passed","2026-08-20","","","",""
"Test cases for Test_ValidateGraph","20","Test_ValidateGraph","","2026-08-20","passed","2026-08-20","","Go Test","github.com/specterops/bloodhound/cmd/api/src/services/upload/Test_ValidateGraph","Test_ValidateGraph"
"Test cases for TestResources_ListADGroupMembers","5","TestResources_ListADGroupMembers","","2026-08-20","passed","2026-08-20","","Go Test","github.com/specterops/bloodhound/cmd/api/src/api/v2/TestResources_ListADGroupMembers","TestResources_ListADGroupMembers"
"","213","fires runQuery in context provider","ListItemActionMenu","2026-08-20","passed","2026-08-20","","","",""
"","1","returns name uniqueness message for ""name must be unique""","getErrorMessage","2026-08-20","passed","2026-08-20","","","",""
"TestIsValidateGooseTimeStamp to validate different cases of this prefix requirement","0","TestIsValidateGooseTimeStamp","","2026-08-20","passed","2026-08-20","","Go Test","github.com/specterops/bloodhound/cmd/api/src/database/migration/TestIsValidateGooseTimeStamp","TestIsValidateGooseTimeStamp"
"","0","The node radius is adjusted to take into account the current camera zoom ratio","getNodeRadius","2026-08-20","passed","2026-08-20","","","",""
"","1","reports an API error when there is only statusText","handleError","2026-08-20","passed","2026-08-20","","","",""
"Test cases for TestRegister_PanicsOnNilRateLimitMiddleware","0","TestRegister_PanicsOnNilRateLimitMiddleware","","2026-08-20","passed","2026-08-20","","Go Test","github.com/specterops/bloodhound/server/modules/TestRegister_PanicsOnNilRateLimitMiddleware","TestRegister_PanicsOnNilRateLimitMiddleware"
"","0","returns false if value is 'array'","searchParams","2026-08-20","passed","2026-08-20","","isEmptyParam","",""
"","235","shows all checked boxes","GraphDataCheckboxes","2026-08-20","passed","2026-08-20","","","",""
"","2184","should render search input","Pathfinding","2026-08-20","passed","2026-08-20","","","",""
"Test cases for TestHandleDatabaseErrorNotFound","0","TestHandleDatabaseErrorNotFound","","2026-08-20","passed","2026-08-20","","Go Test","github.com/specterops/bloodhound/cmd/api/src/api/TestHandleDatabaseErrorNotFound","TestHandleDatabaseErrorNotFound"
"","15","writes all using the selection parameter and removes existing value parameters","useMultiValueFilterParams","2026-08-20","passed","2026-08-20","","","",""
"","194","onCancel is called when cancel is clicked","Enable2FADialog","2026-08-20","passed","2026-08-20","","","",""
"","2","does not change the day, month, or year value of the DateTime object","floorToNearestMinute","2026-08-20","passed","2026-08-20","","","",""
"","18","should render a Field when the provided value is -0","Field","2026-08-20","passed","2026-08-20","","","",""
"","127","Should display headers for member name and count","AssetGroupMemberList","2026-08-20","passed","2026-08-20","","","",""
"Test cases for Test_NewSpecWithHooks","0","Test_NewSpecWithHooks","","2026-08-20","passed","2026-08-20","","Go Test","github.com/specterops/bloodhound/packages/go/lab/Test_NewSpecWithHooks","Test_NewSpecWithHooks"
"Test cases for TestResources_UpdateSavedQuery_UpdateFailed","0","TestResources_UpdateSavedQuery_UpdateFailed","","2026-08-20","passed","2026-08-20","","Go Test","github.com/specterops/bloodhound/cmd/api/src/api/v2/TestResources_UpdateSavedQuery_UpdateFailed","TestResources_UpdateSavedQuery_UpdateFailed"
"","0","abbreviates thousands, millions, billions, trillions as expected","numberFormatting","2026-08-20","passed","2026-08-20","","","",""
"Test cases for TestConvertAzureManagementGroupContributorToRels","0","TestConvertAzureManagementGroupContributorToRels","","2026-08-20","passed","2026-08-20","","Go Test","github.com/specterops/bloodhound/packages/go/ein/TestConvertAzureManagementGroupContributorToRels","TestConvertAzureManagementGroupContributorToRels"
"","0","returns false if arrays have different length","areArraysSimilar","2026-08-20","passed","2026-08-20","","","",""
"Test cases for TestHandlers_ToggleFlag","3","TestHandlers_ToggleFlag","","2026-08-20","passed","2026-08-20","","Go Test","github.com/specterops/bloodhound/server/featureflags/internal/handlers/TestHandlers_ToggleFlag","TestHandlers_ToggleFlag"
"","106","displays Force Password Reset checkbox when showNeedsPasswordReset is true","PasswordDialog","2026-08-20","passed","2026-08-20","","","",""
"Test cases for TestService_GetRelationship_ReturnsAccessDeniedForUnresolvedKindEndpoint","0","TestService_GetRelationship_ReturnsAccessDeniedForUnresolvedKindEndpoint","","2026-08-20","passed","2026-08-20","","Go Test","github.com/specterops/bloodhound/server/graphdb/internal/services/TestService_GetRelationship_ReturnsAccessDeniedForUnresolvedKindEndpoint","TestService_GetRelationship_ReturnsAccessDeniedForUnresolvedKindEndpoint"
"Test cases for TestResources_GetDomainEntityInfo","0","TestResources_GetDomainEntityInfo","","2026-08-20","passed","2026-08-20","","Go Test","github.com/specterops/bloodhound/cmd/api/src/api/v2/TestResources_GetDomainEntityInfo","TestResources_GetDomainEntityInfo"
"Test cases for TestResources_GetAIACAEntityInfo","259","TestResources_GetAIACAEntityInfo","","2026-08-20","passed","2026-08-20","","Go Test","github.com/specterops/bloodhound/cmd/api/src/api/v2/TestResources_GetAIACAEntityInfo","TestResources_GetAIACAEntityInfo"
"","0","returns true if both arrays are empty","areArraysSimilar","2026-08-20","passed","2026-08-20","","","",""
"","72","populates the source and destination node fields when query params are passed","usePathfindingSearch","2026-08-20","passed","2026-08-20","","","",""
"Test cases for TestService_CheckUserAccess","1","TestService_CheckUserAccess","","2026-08-20","passed","2026-08-20","","Go Test","github.com/specterops/bloodhound/server/etac/internal/services/TestService_CheckUserAccess","TestService_CheckUserAccess"
"","920","displays validation error messages when password does not match confirmation","PasswordDialog","2026-08-20","passed","2026-08-20","","","",""
"Test cases for TestLocalStore_Copy","56","TestLocalStore_Copy","","2026-08-20","passed","2026-08-20","","Go Test","github.com/specterops/bloodhound/packages/go/storage/TestLocalStore_Copy","TestLocalStore_Copy"
"Test cases for TestManagementResource_DeleteUser_UserNotFound","0","TestManagementResource_DeleteUser_UserNotFound","","2026-08-20","passed","2026-08-20","","Go Test","github.com/specterops/bloodhound/cmd/api/src/api/v2/auth/TestManagementResource_DeleteUser_UserNotFound","TestManagementResource_DeleteUser_UserNotFound"
"Test cases for TestManagementResource_UpdateUser_DuplicateEmailError","0","TestManagementResource_UpdateUser_DuplicateEmailError","","2026-08-20","passed","2026-08-20","","Go Test","github.com/specterops/bloodhound/cmd/api/src/api/v2/auth/TestManagementResource_UpdateUser_DuplicateEmailError","TestManagementResource_UpdateUser_DuplicateEmailError"
"","2117","executes a pathfinding search when both a source and destination node are provided","Pathfinding: interaction","2026-08-20","passed","2026-08-20","","","",""
"Test cases for TestCache_GuardedSet","0","TestCache_GuardedSet","","2026-08-20","passed","2026-08-20","","Go Test","github.com/specterops/bloodhound/packages/go/cache/TestCache_GuardedSet","TestCache_GuardedSet"
"","0","prefixes each node_kind with a colon for labels","graphSchema","2026-08-20","passed","2026-08-20","","","",""
"","369","calls openSAMLProviderDialog when SAML Provider menu item is clicked","CreateMenu","2026-08-20","passed","2026-08-20","","oidc_support feature flag enabled","",""
"","149","does not show ""API Expiration Date"" column header when expiration is disabled","UserTokenManagementDialog - API Expiration Date column","2026-08-20","passed","2026-08-20","","","",""
"","332","renders","ObjectsAccordion","2026-08-20","passed","2026-08-20","","","",""
"","19","renders a list of pre-built searches and displays categories and subcategories one time","PrebuiltSearchList","2026-08-20","passed","2026-08-20","","","",""
"","237","sums nested section node counts","EntityInfoDataTable","2026-08-20","passed","2026-08-20","","Node count for nested table that counts all sections","",""
"","375","Toggles node and edge labels on/off depending on their existing state","GraphControls","2026-08-20","passed","2026-08-20","","Toggling labels","",""
"","796","lists all available node kinds as options to filter by","AssetGroupEdit","2026-08-20","passed","2026-08-20","","Node Type dropdown filter","",""
"","4","handles ISO 8601 formatted date strings and converts it into our standard date display format","Formatting string properties","2026-08-20","passed","2026-08-20","","","",""
"Test cases for TestResources_GetCollectorManifest","1","TestResources_GetCollectorManifest","","2026-08-20","passed","2026-08-20","","Go Test","github.com/specterops/bloodhound/cmd/api/src/api/v2/TestResources_GetCollectorManifest","TestResources_GetCollectorManifest"
"","1511","disables the user actions menu when the user is auditor role","Users","2026-08-20","passed","2026-08-20","","","",""
"","322","shows ""Clear All"" when all columns are selected","ManageColumnsComboBox","2026-08-20","passed","2026-08-20","","","",""
"Test cases for TestIntSetValid","0","TestIntSetValid","","2026-08-20","passed","2026-08-20","","Go Test","github.com/specterops/bloodhound/cmd/api/src/database/types/null/TestIntSetValid","TestIntSetValid"
"","0","should exclude tags and operations that do not match the term","opsFilter","2026-08-20","passed","2026-08-20","","","",""
"","161","a timeout response from the server is handled","ExploreSearchCombobox with search timeout","2026-08-20","passed","2026-08-20","","","",""
"","140","calls onSort when clicked","ColumnHeaders","2026-08-20","passed","2026-08-20","","SortableHeader","",""
"Test cases for TestResources_GetComputerEntityInfo","0","TestResources_GetComputerEntityInfo","","2026-08-20","passed","2026-08-20","","Go Test","github.com/specterops/bloodhound/cmd/api/src/api/v2/TestResources_GetComputerEntityInfo","TestResources_GetComputerEntityInfo"
"","107","upon selecting just a source node, updates the URL with a searchType of 'node' and primarySearch of the node's objectid","usePathfindingSearch","2026-08-20","passed","2026-08-20","","","",""
"","637","renders a filter search and platform dropdown menu","CommonSearches","2026-08-20","passed","2026-08-20","","","",""
"","508","closes confirmation dialog when cancel is clicked","ActiveExtensionsCard","2026-08-20","passed","2026-08-20","","","",""
"","0","does not set environment_kind_id on the known types","getOpenGraphEnvironmentInfoMap","2026-08-20","passed","2026-08-20","","","",""
"","0","returns null if paramValue is ''","useEnvironmentParams","2026-08-20","passed","2026-08-20","","parseEnvironmentAggregation","",""
"","90","renders a list of pre-built searches","PrebuiltSearchList","2026-08-20","passed","2026-08-20","","","",""
"","1376","should render","EntityInfoHeader","2026-08-20","passed","2026-08-20","","","",""
"Test cases for TestResources_DeleteSavedQuery","0","TestResources_DeleteSavedQuery","","2026-08-20","passed","2026-08-20","","Go Test","github.com/specterops/bloodhound/cmd/api/src/api/v2/TestResources_DeleteSavedQuery","TestResources_DeleteSavedQuery"
"","214","allows a user to upload a single file and displays its name in the dialog","SchemaUploadDialog","2026-08-20","passed","2026-08-20","","","",""
"","44","renders the title passed via title prop","ColumnHeaders","2026-08-20","passed","2026-08-20","","SortableHeader","",""
"Test cases for TestConvertAzureVirtualMachineAvereContributorToRels","0","TestConvertAzureVirtualMachineAvereContributorToRels","","2026-08-20","passed","2026-08-20","","Go Test","github.com/specterops/bloodhound/packages/go/ein/TestConvertAzureVirtualMachineAvereContributorToRels","TestConvertAzureVirtualMachineAvereContributorToRels"
"","53","should hide Environmental Targeted Access Control panel when showEnvironmentAccessControls prop is false","UpdateUserForm","2026-08-20","passed","2026-08-20","","","",""
"Test cases for TestResources_UpdateCustomNodeKindsTest","135","TestResources_UpdateCustomNodeKindsTest","","2026-08-20","passed","2026-08-20","","Go Test","github.com/specterops/bloodhound/cmd/api/src/api/v2/TestResources_UpdateCustomNodeKindsTest","TestResources_UpdateCustomNodeKindsTest"
"Test cases for Test_cacheQueryResult","0","Test_cacheQueryResult","","2026-08-20","passed","2026-08-20","","Go Test","github.com/specterops/bloodhound/cmd/api/src/queries/Test_cacheQueryResult","Test_cacheQueryResult"
"Test cases for TestToolContainer_ToggleFlag","5","TestToolContainer_ToggleFlag","","2026-08-20","passed","2026-08-20","","Go Test","github.com/specterops/bloodhound/cmd/api/src/api/tools/TestToolContainer_ToggleFlag","TestToolContainer_ToggleFlag"
"Test cases for TestService_SubmitAnalysisRequest","0","TestService_SubmitAnalysisRequest","","2026-08-20","passed","2026-08-20","","Go Test","github.com/specterops/bloodhound/server/analysis/internal/services/TestService_SubmitAnalysisRequest","TestService_SubmitAnalysisRequest"
"Test cases for TestManagementResource_ListAuthTokens_UserIDFilter","1","TestManagementResource_ListAuthTokens_UserIDFilter","","2026-08-20","passed","2026-08-20","","Go Test","github.com/specterops/bloodhound/cmd/api/src/api/v2/auth/TestManagementResource_ListAuthTokens_UserIDFilter","TestManagementResource_ListAuthTokens_UserIDFilter"
"Test cases for TestSelectGPOContainerCandidateFilter","0","TestSelectGPOContainerCandidateFilter","","2026-08-20","passed","2026-08-20","","Go Test","github.com/specterops/bloodhound/packages/go/analysis/ad/TestSelectGPOContainerCandidateFilter","TestSelectGPOContainerCandidateFilter"
"","5","keeps only the latest stat per kind_id by created_at","getLatestStatsByMetricKind","2026-08-20","passed","2026-08-20","","","",""
"Test cases for TestParseLimitQueryParameter","0","TestParseLimitQueryParameter","","2026-08-20","passed","2026-08-20","","Go Test","github.com/specterops/bloodhound/cmd/api/src/api/v2/TestParseLimitQueryParameter","TestParseLimitQueryParameter"
"Test cases for TestNewDefaultConfig","0","TestNewDefaultConfig","","2026-08-20","passed","2026-08-20","","Go Test","github.com/specterops/bloodhound/cmd/api/src/config/TestNewDefaultConfig","TestNewDefaultConfig"
"","424","clears the selected item and closes the search widget when the query returns multiple nodes","ExploreSearch handling of cypher query responses","2026-08-20","passed","2026-08-20","","","",""
"","600","open and closes dialog with confirm button after user inputs required text","Tag Form","2026-08-20","passed","2026-08-20","","","",""
"Test cases for TestToolContainer_SetScheduledAnalysisConfiguration","3","TestToolContainer_SetScheduledAnalysisConfiguration","","2026-08-20","passed","2026-08-20","","Go Test","github.com/specterops/bloodhound/cmd/api/src/api/tools/TestToolContainer_SetScheduledAnalysisConfiguration","TestToolContainer_SetScheduledAnalysisConfiguration"
"","708","should allow user to configure 2fa","Enable2FADialog","2026-08-20","passed","2026-08-20","","","",""
"Test cases for TestCache_Get","1","TestCache_Get","","2026-08-20","passed","2026-08-20","","Go Test","github.com/specterops/bloodhound/packages/go/cache/TestCache_Get","TestCache_Get"
"","50","will request feature-flags when the user is fully authenticated","app","2026-08-20","passed","2026-08-20","","<Inner />","",""
"Test cases for TestUnique","0","TestUnique","","2026-08-20","passed","2026-08-20","","Go Test","github.com/specterops/bloodhound/packages/go/slicesext/TestUnique","TestUnique"
"","325","should display a ""Change Password"" modal","UserProfile","2026-08-20","passed","2026-08-20","","""Reset Password"" button is clicked","",""
"","1380","renders asset group edit options with graph write permissions","ContextMenu","2026-08-20","passed","2026-08-20","","","",""
"Test cases for TestResources_ListADDomainContainedGPOs","0","TestResources_ListADDomainContainedGPOs","","2026-08-20","passed","2026-08-20","","Go Test","github.com/specterops/bloodhound/cmd/api/src/api/v2/TestResources_ListADDomainContainedGPOs","TestResources_ListADDomainContainedGPOs"
"Test cases for TestDefineNodeName","0","TestDefineNodeName","","2026-08-20","passed","2026-08-20","","Go Test","github.com/specterops/bloodhound/packages/go/analysis/ad/wellknown/TestDefineNodeName","TestDefineNodeName"
"","2098","shows the ""Disable MFA"" context menu option for users with MFA enabled","Users","2026-08-20","passed","2026-08-20","","","",""
"","177","should call ""onCancel one time""","Enable2FADialog","2026-08-20","passed","2026-08-20","","user clicks ""Cancel"" button","",""
"Test cases for TestResources_ListAssetGroupMembersCount","0","TestResources_ListAssetGroupMembersCount","","2026-08-20","passed","2026-08-20","","Go Test","github.com/specterops/bloodhound/cmd/api/src/api/v2/TestResources_ListAssetGroupMembersCount","TestResources_ListAssetGroupMembersCount"
"Test cases for TestManagementResource_SSOCallbackHandler","7","TestManagementResource_SSOCallbackHandler","","2026-08-20","passed","2026-08-20","","Go Test","github.com/specterops/bloodhound/cmd/api/src/api/v2/auth/TestManagementResource_SSOCallbackHandler","TestManagementResource_SSOCallbackHandler"
"Test cases for TestIsErrorResponse","0","TestIsErrorResponse","","2026-08-20","passed","2026-08-20","","Go Test","github.com/specterops/bloodhound/cmd/api/src/api/TestIsErrorResponse","TestIsErrorResponse"
"Test cases for TestResources_GetPermissionsForSavedQuery","101","TestResources_GetPermissionsForSavedQuery","","2026-08-20","passed","2026-08-20","","Go Test","github.com/specterops/bloodhound/cmd/api/src/api/v2/TestResources_GetPermissionsForSavedQuery","TestResources_GetPermissionsForSavedQuery"
"","0","returns null for azure without an id","getStatsComponent","2026-08-20","passed","2026-08-20","","","",""
"","64","returns a list of the users current permissions","usePermissions","2026-08-20","passed","2026-08-20","","","",""
"","274","should render","Rule Object Select","2026-08-20","passed","2026-08-20","","","",""
"","45","shows ""Unknown"" when no name or id fields are available","InfiniteScrollingTable","2026-08-20","passed","2026-08-20","","","",""
"","7","adds new key to state","useObjectState","2026-08-20","passed","2026-08-20","","","",""
"","11","uses the discardQueryParams prop to discard all query params on the redirect","AppNavigate","2026-08-20","passed","2026-08-20","","","",""
"","169","disables the Columns button when the disabled prop is true","ManageColumnsComboBox","2026-08-20","passed","2026-08-20","","","",""
"Test cases for TestCreateUser_ETAC","3797","TestCreateUser_ETAC","","2026-08-20","passed","2026-08-20","","Go Test","github.com/specterops/bloodhound/cmd/api/src/api/v2/auth/TestCreateUser_ETAC","TestCreateUser_ETAC"
"","180","should display api key management button","Api Keys","2026-08-20","passed","2026-08-20","","","",""
"Test cases for TestManagementResource_GetSAMLProvider","5","TestManagementResource_GetSAMLProvider","","2026-08-20","passed","2026-08-20","","Go Test","github.com/specterops/bloodhound/cmd/api/src/api/v2/auth/TestManagementResource_GetSAMLProvider","TestManagementResource_GetSAMLProvider"
"Test cases for TestKeyEncoder_Key_Deterministic","0","TestKeyEncoder_Key_Deterministic","","2026-08-20","passed","2026-08-20","","Go Test","github.com/specterops/bloodhound/packages/go/analysis/post/TestKeyEncoder_Key_Deterministic","TestKeyEncoder_Key_Deterministic"
"","46","renders a preview version by default","PrivilegeZonesCypherEditor Search component for Zone Management","2026-08-20","passed","2026-08-20","","","",""
"","836","renders the node in the entity panel when member is clicked","GroupManagement","2026-08-20","passed","2026-08-20","","","",""
"Test cases for TestAnalysisErrorsCoversPipelineSteps","0","TestAnalysisErrorsCoversPipelineSteps","","2026-08-20","passed","2026-08-20","","Go Test","github.com/specterops/bloodhound/packages/go/analysis/TestAnalysisErrorsCoversPipelineSteps","TestAnalysisErrorsCoversPipelineSteps"
"Test cases for TestUnmarshalTimeJSON","0","TestUnmarshalTimeJSON","","2026-08-20","passed","2026-08-20","","Go Test","github.com/specterops/bloodhound/cmd/api/src/database/types/null/TestUnmarshalTimeJSON","TestUnmarshalTimeJSON"
"","84","sets primarySearch, searchType, exploreSearchTab in URL params when the click handler is executed","useEdgeInfoItems","2026-08-20","passed","2026-08-20","","","",""
"Test cases for TestDatabase_checkError_NotFound","0","TestDatabase_checkError_NotFound","","2026-08-20","passed","2026-08-20","","Go Test","github.com/specterops/bloodhound/cmd/api/src/database/TestDatabase_checkError_NotFound","TestDatabase_checkError_NotFound"
"Test cases for TestResources_UpdateAssetGroupTagSelector","4","TestResources_UpdateAssetGroupTagSelector","","2026-08-20","passed","2026-08-20","","Go Test","github.com/specterops/bloodhound/cmd/api/src/api/v2/TestResources_UpdateAssetGroupTagSelector","TestResources_UpdateAssetGroupTagSelector"
"","300","should eventually display list of tokens","UserTokenManagementDialog","2026-08-20","passed","2026-08-20","","","",""
"","330","sets secondarySearch=id and searchType=node when primarySearch is falsey","ContextMenu","2026-08-20","passed","2026-08-20","","","",""
"","369","displays default text for domain selector when globalDomain is null","GroupManagement","2026-08-20","passed","2026-08-20","","","",""
"","104","renders enabled prop when flag is enabled","FeatureFlag","2026-08-20","passed","2026-08-20","","","",""
"Test cases for TestOrphanFileSweeper_AddExpectedStoragePath","23","TestOrphanFileSweeper_AddExpectedStoragePath","","2026-08-20","passed","2026-08-20","","Go Test","github.com/specterops/bloodhound/cmd/api/src/daemons/datapipe/TestOrphanFileSweeper_AddExpectedStoragePath","TestOrphanFileSweeper_AddExpectedStoragePath"
"","502","renders the form for creating a new zone","Tag Form","2026-08-20","passed","2026-08-20","","","",""
"Test cases for TestInt64Pointer","0","TestInt64Pointer","","2026-08-20","passed","2026-08-20","","Go Test","github.com/specterops/bloodhound/cmd/api/src/database/types/null/TestInt64Pointer","TestInt64Pointer"
"","170","navigates to previous history entry when warning dialog is cancelled","EarlyAccessFeatures","2026-08-20","passed","2026-08-20","","","",""
"","3611","Sort arrow is visible and direction is correct","ExploreTable","2026-08-20","passed","2026-08-20","","","",""
"","222","shows a loading state","FileIngestTable","2026-08-20","passed","2026-08-20","","","",""
"","150","Verify Vault Reader count is the count returned by All Readers","EntityInfoDataTableGraphed","2026-08-20","passed","2026-08-20","","Node count for Vault Readers nested table","",""
"","153","displays pinned columns and unselected columns in the dropdown","ManageColumnsComboBox","2026-08-20","passed","2026-08-20","","","",""
"","343","renders with applied filters","Privilege Zones History Filter Dialog","2026-08-20","passed","2026-08-20","","","",""
"Test cases for TestResources_CreateSavedQuery_CreateFailure","0","TestResources_CreateSavedQuery_CreateFailure","","2026-08-20","passed","2026-08-20","","Go Test","github.com/specterops/bloodhound/cmd/api/src/api/v2/TestResources_CreateSavedQuery_CreateFailure","TestResources_CreateSavedQuery_CreateFailure"
"Test cases for FuzzFoldl","0","FuzzFoldl","","2026-08-20","passed","2026-08-20","","Go Test","github.com/specterops/bloodhound/packages/go/slicesext/FuzzFoldl","FuzzFoldl"
"","551","displays correct content based on platform filter Azure","CommonSearches","2026-08-20","passed","2026-08-20","","","",""
"","364","should not call onSave when Save button is clicked and form input is invalid","UpdateUserDialog","2026-08-20","passed","2026-08-20","","","",""
"","1","returns true when the highlighted item is an edge in the graph","SigmaChart Utils","2026-08-20","passed","2026-08-20","","getIsHighlightedItemInGraph","",""
"Test cases for TestManagementResource_PutUserAuthSecret","5587","TestManagementResource_PutUserAuthSecret","","2026-08-20","passed","2026-08-20","","Go Test","github.com/specterops/bloodhound/cmd/api/src/api/v2/auth/TestManagementResource_PutUserAuthSecret","TestManagementResource_PutUserAuthSecret"
"Test cases for TestTracker_HasEdge_PropertyMismatchTriggersInsert","0","TestTracker_HasEdge_PropertyMismatchTriggersInsert","","2026-08-20","passed","2026-08-20","","Go Test","github.com/specterops/bloodhound/packages/go/analysis/post/TestTracker_HasEdge_PropertyMismatchTriggersInsert","TestTracker_HasEdge_PropertyMismatchTriggersInsert"
"","69","returns the full environment for the environmentid passed","useAvailableEnvironments","2026-08-20","passed","2026-08-20","","useSelectedEnvironment","",""
"TestRegister_RateLimitingReturns429 verifies that the extensions routes are wiredwith the rate-limiting middleware and that requests exceeding the per-IP limitare rejected with 429 before reaching the handler.Because the rate limiter is registered as the outermost middleware layer(before the permissions check), even unauthenticated requests count againstthe limit and trigger 429 once the budget is exhausted.","0","TestRegister_RateLimitingReturns429","","2026-08-20","passed","2026-08-20","","Go Test","github.com/specterops/bloodhound/server/extensions/internal/routes/TestRegister_RateLimitingReturns429","TestRegister_RateLimitingReturns429"
"","0","escapes backslashes before quotes so they do not combine","escapeCypherString","2026-08-20","passed","2026-08-20","","","",""
"Test cases for TestService_GetAllFlags","0","TestService_GetAllFlags","","2026-08-20","passed","2026-08-20","","Go Test","github.com/specterops/bloodhound/server/featureflags/internal/services/TestService_GetAllFlags","TestService_GetAllFlags"
"","16","writes none using the selection parameter and removes existing value parameters","useMultiValueFilterParams","2026-08-20","passed","2026-08-20","","","",""
"Test cases for TestTracker_HasEdge_NilVsEmptyProperties","0","TestTracker_HasEdge_NilVsEmptyProperties","","2026-08-20","passed","2026-08-20","","Go Test","github.com/specterops/bloodhound/packages/go/analysis/post/TestTracker_HasEdge_NilVsEmptyProperties","TestTracker_HasEdge_NilVsEmptyProperties"
"","364","opens the dropdown when the Columns button is clicked","ManageColumnsComboBox","2026-08-20","passed","2026-08-20","","","",""
"","220","displays expected results when searching by objectid","SearchCurrentNodes","2026-08-20","passed","2026-08-20","","","",""
"","4","returns true if arrays are referentially equal","areArraysSimilar","2026-08-20","passed","2026-08-20","","","",""
"Test cases for Test_filterAndFormatSearchResults_filterEnvironmentsOG","0","Test_filterAndFormatSearchResults_filterEnvironmentsOG","","2026-08-20","passed","2026-08-20","","Go Test","github.com/specterops/bloodhound/cmd/api/src/api/v2/Test_filterAndFormatSearchResults_filterEnvironmentsOG","Test_filterAndFormatSearchResults_filterEnvironmentsOG"
"","117","should display the ""User Information"" header","UserProfile","2026-08-20","passed","2026-08-20","","","",""
"Test cases for Test_PrimaryNodeKind","0","Test_PrimaryNodeKind","","2026-08-20","passed","2026-08-20","","Go Test","github.com/specterops/bloodhound/packages/go/graphschema/Test_PrimaryNodeKind","Test_PrimaryNodeKind"
"Test cases for TestStore_GetKindByName","1","TestStore_GetKindByName","","2026-08-20","passed","2026-08-20","","Go Test","github.com/specterops/bloodhound/server/graphdb/internal/appdb/TestStore_GetKindByName","TestStore_GetKindByName"
"","22","should filter properties that we do not want to display in the entity panel","ObjectInfoFields","2026-08-20","passed","2026-08-20","","","",""
"Test cases for TestConvertAzureSubscriptionContributorToRels","0","TestConvertAzureSubscriptionContributorToRels","","2026-08-20","passed","2026-08-20","","Go Test","github.com/specterops/bloodhound/packages/go/ein/TestConvertAzureSubscriptionContributorToRels","TestConvertAzureSubscriptionContributorToRels"
"","1","reports an API error when Cypher is not run first","handleError","2026-08-20","passed","2026-08-20","","","",""
"Test cases for TestRoleAssignments_NodesWithRolesExclusive","0","TestRoleAssignments_NodesWithRolesExclusive","","2026-08-20","passed","2026-08-20","","Go Test","github.com/specterops/bloodhound/packages/go/analysis/azure/TestRoleAssignments_NodesWithRolesExclusive","TestRoleAssignments_NodesWithRolesExclusive"
"","0","Null input is provided","parseKeywordAndTypeValue","2026-08-20","passed","2026-08-20","","","",""
"","10","does not return when zone limit is not reached","useTagLimits","2026-08-20","passed","2026-08-20","","","",""
"","650","should open save dialog on keyboard press alt+S","CypherSearch","2026-08-20","passed","2026-08-20","","","",""
"","126","should call onCancel when cancel button clicked","LoginViaSSOForm","2026-08-20","passed","2026-08-20","","","",""
"Test cases for TestRegister","2","TestRegister","","2026-08-20","passed","2026-08-20","","Go Test","github.com/specterops/bloodhound/server/analysis/TestRegister","TestRegister"
"","205","should not render list items for domains that are not collected","Context Selector","2026-08-20","passed","2026-08-20","","","",""
"","299","should render","OneTimePasscodeForm","2026-08-20","passed","2026-08-20","","","",""
"","3","should return the edge parts from the key","getEdgeDataFromKey","2026-08-20","passed","2026-08-20","","","",""
"","120","buttons are disabled while loading","OneTimePasscodeForm","2026-08-20","passed","2026-08-20","","","",""
"","56","renders the title passed via title prop","ColumnHeaders","2026-08-20","passed","2026-08-20","","BaseColumnHeader","",""
"Test cases for TestStore_List","25","TestStore_List","","2026-08-20","passed","2026-08-20","","Go Test","github.com/specterops/bloodhound/packages/go/storage/TestStore_List","TestStore_List"
"Test cases for TestClearCache_HA","1","TestClearCache_HA","","2026-08-20","passed","2026-08-20","","Go Test","github.com/specterops/bloodhound/cmd/api/src/daemons/changelog/TestClearCache_HA","TestClearCache_HA"
"","63","Validate Displays all the Roles","useListDisplayRoles","2026-08-20","passed","2026-08-20","","","",""
"","193","disables the create user button when the user is auditor role","Users","2026-08-20","passed","2026-08-20","","","",""
"Test cases for TestService_GetNode","1","TestService_GetNode","","2026-08-20","passed","2026-08-20","","Go Test","github.com/specterops/bloodhound/server/graphdb/internal/services/TestService_GetNode","TestService_GetNode"
"","135","lists sso providers for a user with manage or read provider permissions","SSOConfiguration","2026-08-20","passed","2026-08-20","","","",""
"","13","hides items while feature flags are loading","useSubNavRoutes","2026-08-20","passed","2026-08-20","","featureFlag gate","",""
"Test cases for TestSetFontIcon","1","TestSetFontIcon","","2026-08-20","passed","2026-08-20","","Go Test","github.com/specterops/bloodhound/cmd/api/src/api/bloodhoundgraph/TestSetFontIcon","TestSetFontIcon"
"Test cases for TestGetADDataQualityStats_Success","0","TestGetADDataQualityStats_Success","","2026-08-20","passed","2026-08-20","","Go Test","github.com/specterops/bloodhound/cmd/api/src/api/v2/TestGetADDataQualityStats_Success","TestGetADDataQualityStats_Success"
"Test cases for TestResources_ListADDomainContainedUsers","0","TestResources_ListADDomainContainedUsers","","2026-08-20","passed","2026-08-20","","Go Test","github.com/specterops/bloodhound/cmd/api/src/api/v2/TestResources_ListADDomainContainedUsers","TestResources_ListADDomainContainedUsers"
"Test cases for TestLoginExpiry","0","TestLoginExpiry","","2026-08-20","passed","2026-08-20","","Go Test","github.com/specterops/bloodhound/cmd/api/src/api/v2/auth/TestLoginExpiry","TestLoginExpiry"
"Test cases for TestManagementResource_DeleteUser_UserCannotSelfDelete","1093","TestManagementResource_DeleteUser_UserCannotSelfDelete","","2026-08-20","passed","2026-08-20","","Go Test","github.com/specterops/bloodhound/cmd/api/src/api/v2/auth/TestManagementResource_DeleteUser_UserCannotSelfDelete","TestManagementResource_DeleteUser_UserCannotSelfDelete"
"","95","normalizes items using props.objectid and props.name as fallbacks","InfiniteScrollingTable","2026-08-20","passed","2026-08-20","","","",""
"","241","should display filter dropwdowns","CommonSearches","2026-08-20","passed","2026-08-20","","","",""
"Test cases for TestResources_ListAuditLogs_SkipAndOffset","0","TestResources_ListAuditLogs_SkipAndOffset","","2026-08-20","passed","2026-08-20","","Go Test","github.com/specterops/bloodhound/cmd/api/src/api/v2/TestResources_ListAuditLogs_SkipAndOffset","TestResources_ListAuditLogs_SkipAndOffset"
"Test cases for TestResources_ListSavedQueries","94","TestResources_ListSavedQueries","","2026-08-20","passed","2026-08-20","","Go Test","github.com/specterops/bloodhound/cmd/api/src/api/v2/TestResources_ListSavedQueries","TestResources_ListSavedQueries"
"","0","returns disabled config when source_node_id is missing","useExploreGraph","2026-08-20","passed","2026-08-20","composition search queries","exploreGraphQueryFactory","",""
"Test cases for TestGraphQuery_RawCypherQuery","7","TestGraphQuery_RawCypherQuery","","2026-08-20","passed","2026-08-20","","Go Test","github.com/specterops/bloodhound/cmd/api/src/queries/TestGraphQuery_RawCypherQuery","TestGraphQuery_RawCypherQuery"
"","142","calls onCancel when cancel button clicked","EarlyAccessFeaturesWarningDialog","2026-08-20","passed","2026-08-20","","","",""
"Test cases for TestNewPipelineHandlesAllBHCEAnalysisSteps","0","TestNewPipelineHandlesAllBHCEAnalysisSteps","","2026-08-20","passed","2026-08-20","","Go Test","github.com/specterops/bloodhound/packages/go/analysis/TestNewPipelineHandlesAllBHCEAnalysisSteps","TestNewPipelineHandlesAllBHCEAnalysisSteps"
"","134","passes check if the user has a required permission","usePermissions","2026-08-20","passed","2026-08-20","","","",""
"","0","returns only the known types when environments is null","getOpenGraphEnvironmentInfoMap","2026-08-20","passed","2026-08-20","","","",""
"","3181","should render expand all and collapse all buttons","Pathfinding","2026-08-20","passed","2026-08-20","","","",""
"Test cases for FuzzFoldr","0","FuzzFoldr","","2026-08-20","passed","2026-08-20","","Go Test","github.com/specterops/bloodhound/packages/go/slicesext/FuzzFoldr","FuzzFoldr"
"Test cases for Test_NewSpec","0","Test_NewSpec","","2026-08-20","passed","2026-08-20","","Go Test","github.com/specterops/bloodhound/packages/go/lab/Test_NewSpec","Test_NewSpec"
"","442","eventually displays a list of early access features when warning dialog is accepted","EarlyAccessFeatures","2026-08-20","passed","2026-08-20","","","",""
"Test cases for TestStore_GetNodeKind","1","TestStore_GetNodeKind","","2026-08-20","passed","2026-08-20","","Go Test","github.com/specterops/bloodhound/server/extensions/internal/appdb/TestStore_GetNodeKind","TestStore_GetNodeKind"
"","46","sums the remaining sections when one of the Affected Object calls fails","EntityInfoDataTableGraphed","2026-08-20","passed","2026-08-20","","Node count for nested table that counts all sections","",""
"Test cases for TestRequestWaitDuration_Negative","0","TestRequestWaitDuration_Negative","","2026-08-20","passed","2026-08-20","","Go Test","github.com/specterops/bloodhound/cmd/api/src/api/middleware/TestRequestWaitDuration_Negative","TestRequestWaitDuration_Negative"
"","316","enables the create provider button for a user with the admin role","SSOConfiguration","2026-08-20","passed","2026-08-20","","","",""
"Test cases for TestAddWhereClauseToNeo4jQuery_NoWhereClause","0","TestAddWhereClauseToNeo4jQuery_NoWhereClause","","2026-08-20","passed","2026-08-20","","Go Test","github.com/specterops/bloodhound/cmd/api/src/api/v2/TestAddWhereClauseToNeo4jQuery_NoWhereClause","TestAddWhereClauseToNeo4jQuery_NoWhereClause"
"","2746","reverts to the default graph view when the user de-selects the currently selected table layout","GraphView","2026-08-20","passed","2026-08-20","","Layout selection and de-selection","",""
"Test cases for TestStore_PathHelpers","33","TestStore_PathHelpers","","2026-08-20","passed","2026-08-20","","Go Test","github.com/specterops/bloodhound/packages/go/storage/TestStore_PathHelpers","TestStore_PathHelpers"
"","65","enables pulling an ordered list of tags by position ascending","the useAssetGroupTags utilities","2026-08-20","passed","2026-08-20","","","",""
"","851","Download button opens a menu and selecting ""All Columns"" calls json2csv with all columns","ExploreTable","2026-08-20","passed","2026-08-20","","","",""
"","465","toggles parent from none to all","GraphDataCheckboxes","2026-08-20","passed","2026-08-20","","","",""
"Test cases for TestMarshalFloatText","0","TestMarshalFloatText","","2026-08-20","passed","2026-08-20","","Go Test","github.com/specterops/bloodhound/cmd/api/src/database/types/null/TestMarshalFloatText","TestMarshalFloatText"
"","28","should display hidden node label for hidden node","EntityInfoHeader","2026-08-20","passed","2026-08-20","","","",""
"Test cases for TestSortParseAndValidate_Errors","0","TestSortParseAndValidate_Errors","","2026-08-20","passed","2026-08-20","","Go Test","github.com/specterops/bloodhound/packages/go/params/TestSortParseAndValidate_Errors","TestSortParseAndValidate_Errors"
"Test cases for TestManagementResource_ListAuthTokens_NonAdmin","0","TestManagementResource_ListAuthTokens_NonAdmin","","2026-08-20","passed","2026-08-20","","Go Test","github.com/specterops/bloodhound/cmd/api/src/api/v2/auth/TestManagementResource_ListAuthTokens_NonAdmin","TestManagementResource_ListAuthTokens_NonAdmin"
"","96","initializes the list with all filters checked by default","usePathfindingFilters","2026-08-20","passed","2026-08-20","","","",""
"Test cases for TestGetMFAActivationStatus_Failure","0","TestGetMFAActivationStatus_Failure","","2026-08-20","passed","2026-08-20","","Go Test","github.com/specterops/bloodhound/cmd/api/src/api/v2/auth/TestGetMFAActivationStatus_Failure","TestGetMFAActivationStatus_Failure"
"Test cases for Test_NewRequestSignature","0","Test_NewRequestSignature","","2026-08-20","passed","2026-08-20","","Go Test","github.com/specterops/bloodhound/cmd/api/src/api/Test_NewRequestSignature","Test_NewRequestSignature"
"","1","determines glyphs with the tier_managent_engine feature flag enabled","getNodeGlyphs","2026-08-20","passed","2026-08-20","","","",""
"","350","filters extensions based on search input","ActiveExtensionsCard","2026-08-20","passed","2026-08-20","","","",""
"","1","returns propertyKeys from all three kind property enums","graphSchema","2026-08-20","passed","2026-08-20","","","",""
"Test cases for TestIntIsZero","0","TestIntIsZero","","2026-08-20","passed","2026-08-20","","Go Test","github.com/specterops/bloodhound/cmd/api/src/database/types/null/TestIntIsZero","TestIntIsZero"
"Copyright 2021 The Go Authors. All rights reserved.TestConcat was ripped from go1.22 source and should be replaced with the stdlib implementation when we move to 1.22Original source: https:","0","TestConcat","","2026-08-20","passed","2026-08-20","","Go Test","github.com/specterops/bloodhound/packages/go/slicesext/TestConcat","TestConcat"
"","872","does not allow confirmation while dates are invalid","FileIngestFilterDialog","2026-08-20","passed","2026-08-20","","Date Range Inputs","",""
"Test cases for TestNewNodeContext","0","TestNewNodeContext","","2026-08-20","passed","2026-08-20","","Go Test","github.com/specterops/bloodhound/server/graphdb/internal/services/TestNewNodeContext","TestNewNodeContext"
"","335","disables confirm button until extension name is typed correctly","ActiveExtensionsCard","2026-08-20","passed","2026-08-20","","","",""
"","8","gives an explicit selection parameter precedence over value parameters","useMultiValueFilterParams","2026-08-20","passed","2026-08-20","","","",""
"","20","sets descending sort state for a new sorted column","useSortParams","2026-08-20","passed","2026-08-20","","","",""
"Test cases for TestStorageFileService_DeleteFileWithOptions_PrunesEmptyParentsWhenFileIsMissing","14","TestStorageFileService_DeleteFileWithOptions_PrunesEmptyParentsWhenFileIsMissing","","2026-08-20","passed","2026-08-20","","Go Test","github.com/specterops/bloodhound/packages/go/storage/TestStorageFileService_DeleteFileWithOptions_PrunesEmptyParentsWhenFileIsMissing","TestStorageFileService_DeleteFileWithOptions_PrunesEmptyParentsWhenFileIsMissing"
"Test cases for TestTypes_Scan_InvalidInput","0","TestTypes_Scan_InvalidInput","","2026-08-20","passed","2026-08-20","","Go Test","github.com/specterops/bloodhound/cmd/api/src/database/types/TestTypes_Scan_InvalidInput","TestTypes_Scan_InvalidInput"
"","126","Disable Analyze Now and change to Analyzing if datapipe status is different from ""idle""","AnalyzeNowConfiguration","2026-08-20","passed","2026-08-20","","","",""
"Test cases for TestLoginSuccess","0","TestLoginSuccess","","2026-08-20","passed","2026-08-20","","Go Test","github.com/specterops/bloodhound/cmd/api/src/api/v2/auth/TestLoginSuccess","TestLoginSuccess"
"Test cases for TestManagementResource_ListUsers","0","TestManagementResource_ListUsers","","2026-08-20","passed","2026-08-20","","Go Test","github.com/specterops/bloodhound/cmd/api/src/api/v2/auth/TestManagementResource_ListUsers","TestManagementResource_ListUsers"
"Test cases for TestResources_ListAuditLogs_InvalidColumn","0","TestResources_ListAuditLogs_InvalidColumn","","2026-08-20","passed","2026-08-20","","Go Test","github.com/specterops/bloodhound/cmd/api/src/api/v2/TestResources_ListAuditLogs_InvalidColumn","TestResources_ListAuditLogs_InvalidColumn"
"Test cases for TestTextUnmarshalFloat","0","TestTextUnmarshalFloat","","2026-08-20","passed","2026-08-20","","Go Test","github.com/specterops/bloodhound/cmd/api/src/database/types/null/TestTextUnmarshalFloat","TestTextUnmarshalFloat"
"","0","prefixes each edge_kind with a colon for relationshipTypes","graphSchema","2026-08-20","passed","2026-08-20","","","",""
"Test cases for TestFormatDatabaseError","0","TestFormatDatabaseError","","2026-08-20","passed","2026-08-20","","Go Test","github.com/specterops/bloodhound/cmd/api/src/api/TestFormatDatabaseError","TestFormatDatabaseError"
"","304","should call onClose when the Close button is clicked","UpsertSAMLProviderForm","2026-08-20","passed","2026-08-20","","","",""
"Test cases for TestRewriter_Enter_CombinedAzureAndADShortcut_ConcatenatesKinds","0","TestRewriter_Enter_CombinedAzureAndADShortcut_ConcatenatesKinds","","2026-08-20","passed","2026-08-20","","Go Test","github.com/specterops/bloodhound/cmd/api/src/queries/TestRewriter_Enter_CombinedAzureAndADShortcut_ConcatenatesKinds","TestRewriter_Enter_CombinedAzureAndADShortcut_ConcatenatesKinds"
"","426","has user filters","FileIngestFilterDialog","2026-08-20","passed","2026-08-20","","User Select","",""
"","69","should render a label and version number when expanded","MainNav","2026-08-20","passed","2026-08-20","","","",""
"Test cases for TestGetVersion","0","TestGetVersion","","2026-08-20","passed","2026-08-20","","Go Test","github.com/specterops/bloodhound/cmd/api/src/api/v2/TestGetVersion","TestGetVersion"
"Test cases for TestGetDataQualityStats_Failure","4","TestGetDataQualityStats_Failure","","2026-08-20","passed","2026-08-20","","Go Test","github.com/specterops/bloodhound/cmd/api/src/api/v2/TestGetDataQualityStats_Failure","TestGetDataQualityStats_Failure"
"","0","handles environment with impactValue of 0","filterAndSearchEnvironments","2026-08-20","passed","2026-08-20","","edge cases","",""
"Test cases for TestGenerateRandomBase64String","0","TestGenerateRandomBase64String","","2026-08-20","passed","2026-08-20","","Go Test","github.com/specterops/bloodhound/cmd/api/src/config/TestGenerateRandomBase64String","TestGenerateRandomBase64String"
"","11","renders Owned text by default when no Label Selector is available and on a Label page","TagSelector","2026-08-20","passed","2026-08-20","","","",""
"","0","handles an empty string","escapeCypherString","2026-08-20","passed","2026-08-20","","","",""
"","0","Input does not contain a type","parseKeywordAndTypeValue","2026-08-20","passed","2026-08-20","","","",""
"Test cases for TestResources_UpdateSavedQuery_GetSavedQueryError","0","TestResources_UpdateSavedQuery_GetSavedQueryError","","2026-08-20","passed","2026-08-20","","Go Test","github.com/specterops/bloodhound/cmd/api/src/api/v2/TestResources_UpdateSavedQuery_GetSavedQueryError","TestResources_UpdateSavedQuery_GetSavedQueryError"
"Test cases for TestDrainAndDelete","0","TestDrainAndDelete","","2026-08-20","passed","2026-08-20","","Go Test","github.com/specterops/bloodhound/cmd/api/src/daemons/datapipe/TestDrainAndDelete","TestDrainAndDelete"
"","147","calls onClick with the correct SelectedNode when a row is clicked","InfiniteScrollingTable","2026-08-20","passed","2026-08-20","","","",""
"","131","shows the Automatic Certification label and the certification dropdown with its full description","BasicInfo","2026-08-20","passed","2026-08-20","","when isCertificationDisabledOnZoneLevel is true","",""
"","14","returns early if there are no 'collected' environments","useInitialEnvironment","2026-08-20","passed","2026-08-20","","","",""
"","1654","when user performs a pathfinding search, the selection for the start node is carried over to the `search` tab","ExploreSearch interaction","2026-08-20","passed","2026-08-20","","","",""
"Test cases for TestFilter","0","TestFilter","","2026-08-20","passed","2026-08-20","","Go Test","github.com/specterops/bloodhound/packages/go/slicesext/TestFilter","TestFilter"
"","0","The user has yet to type into the search (for OU and Domain searches that have hard coded types)","Getting the text for the disabled item display for a search when there are no results","2026-08-20","passed","2026-08-20","","Empty data states","",""
"Test cases for TestBuildErrorResponseConflict","0","TestBuildErrorResponseConflict","","2026-08-20","passed","2026-08-20","","Go Test","github.com/specterops/bloodhound/cmd/api/src/api/TestBuildErrorResponseConflict","TestBuildErrorResponseConflict"
"","268","renders enabled Zone tab and disabled Rule and Object tabs","Selected Details Tabs","2026-08-20","passed","2026-08-20","","Selected Details Tabs - Params present","",""
"Test cases for TestHandlers_CreateAnalysisRequest","0","TestHandlers_CreateAnalysisRequest","","2026-08-20","passed","2026-08-20","","Go Test","github.com/specterops/bloodhound/server/analysis/internal/handlers/TestHandlers_CreateAnalysisRequest","TestHandlers_CreateAnalysisRequest"
"","94","renders delete buttons for each extension","ActiveExtensionsCard","2026-08-20","passed","2026-08-20","","","",""
"","26","does not render the tooltip icon when tooltipText prop is not passed","ColumnHeaders","2026-08-20","passed","2026-08-20","","SortableHeader with Tooltip","",""
"Test cases for TestSet","0","TestSet","","2026-08-20","passed","2026-08-20","","Go Test","github.com/specterops/bloodhound/packages/go/lab/internal/TestSet","TestSet"
"Test cases for TestNewService","1","TestNewService","","2026-08-20","passed","2026-08-20","","Go Test","github.com/specterops/bloodhound/server/etac/internal/services/TestNewService","TestNewService"
"Test cases for TestResources_GetAssetGroupSelectorMemberCountsByKind","4","TestResources_GetAssetGroupSelectorMemberCountsByKind","","2026-08-20","passed","2026-08-20","","Go Test","github.com/specterops/bloodhound/cmd/api/src/api/v2/TestResources_GetAssetGroupSelectorMemberCountsByKind","TestResources_GetAssetGroupSelectorMemberCountsByKind"
"Test cases for TestResources_ListExtensions","129","TestResources_ListExtensions","","2026-08-20","passed","2026-08-20","","Go Test","github.com/specterops/bloodhound/cmd/api/src/api/v2/TestResources_ListExtensions","TestResources_ListExtensions"
"","0","returns disabled config when any required param is falsey","useExploreGraph","2026-08-20","passed","2026-08-20","relationship search queries","exploreGraphQueryFactory","",""
"Test cases for TestDomainSelectors_GetValidFilterPredicatesAsStrings","2","TestDomainSelectors_GetValidFilterPredicatesAsStrings","","2026-08-20","passed","2026-08-20","","Go Test","github.com/specterops/bloodhound/cmd/api/src/model/TestDomainSelectors_GetValidFilterPredicatesAsStrings","TestDomainSelectors_GetValidFilterPredicatesAsStrings"
"Test cases for TestUnmarshalNonIntegerNumber","0","TestUnmarshalNonIntegerNumber","","2026-08-20","passed","2026-08-20","","Go Test","github.com/specterops/bloodhound/cmd/api/src/database/types/null/TestUnmarshalNonIntegerNumber","TestUnmarshalNonIntegerNumber"
"Test cases for TestSelfDestructingTempFile","0","TestSelfDestructingTempFile","","2026-08-20","passed","2026-08-20","","Go Test","github.com/specterops/bloodhound/cmd/api/src/api/TestSelfDestructingTempFile","TestSelfDestructingTempFile"
"","64","copys children value to clipboard after clicking the copy btn","CodeController","2026-08-20","passed","2026-08-20","","","",""
"","57","does not render when ruleId is empty","Delete Selector Button rendering","2026-08-20","passed","2026-08-20","","","",""
"","7","hides items when the user is missing a required permission","useSubNavRoutes","2026-08-20","passed","2026-08-20","","permissions gate","",""
"","0","fails for password shorter than 12 characters","testPassword","2026-08-20","passed","2026-08-20","","","",""
"","55","stores the state of a search term without modifying the query params","useCypherSearch","2026-08-20","passed","2026-08-20","","","",""
"Test cases for TestTextUnmarshalInt64","0","TestTextUnmarshalInt64","","2026-08-20","passed","2026-08-20","","Go Test","github.com/specterops/bloodhound/cmd/api/src/database/types/null/TestTextUnmarshalInt64","TestTextUnmarshalInt64"
"","0","should return false when there is no match","compareTerm","2026-08-20","passed","2026-08-20","","","",""
"","181","should display","GenericErrorBoundaryFallback","2026-08-20","passed","2026-08-20","","","",""
"Test cases for TestBoolScan","0","TestBoolScan","","2026-08-20","passed","2026-08-20","","Go Test","github.com/specterops/bloodhound/cmd/api/src/database/types/null/TestBoolScan","TestBoolScan"
"","345","auto-selects when a search result has a matching objectId","GraphView","2026-08-20","passed","2026-08-20","","","",""
"Test cases for TestNewFileService","6","TestNewFileService","","2026-08-20","passed","2026-08-20","","Go Test","github.com/specterops/bloodhound/packages/go/storage/TestNewFileService","TestNewFileService"
"Test cases for TestResources_CreateSavedQuery_DuplicateName","0","TestResources_CreateSavedQuery_DuplicateName","","2026-08-20","passed","2026-08-20","","Go Test","github.com/specterops/bloodhound/cmd/api/src/api/v2/TestResources_CreateSavedQuery_DuplicateName","TestResources_CreateSavedQuery_DuplicateName"
"","333","filters unselected columns when typing in the filter input","ManageColumnsComboBox","2026-08-20","passed","2026-08-20","","","",""
"Test cases for TestResources_UpdateSavedQuery_ErrorFetchingPublicStatus","0","TestResources_UpdateSavedQuery_ErrorFetchingPublicStatus","","2026-08-20","passed","2026-08-20","","Go Test","github.com/specterops/bloodhound/cmd/api/src/api/v2/TestResources_UpdateSavedQuery_ErrorFetchingPublicStatus","TestResources_UpdateSavedQuery_ErrorFetchingPublicStatus"
"","241","should handle close event","TagToZoneLabelDialog","2026-08-20","passed","2026-08-20","","","",""
"Test cases for Test_sortAndSliceResults_sorting","0","Test_sortAndSliceResults_sorting","","2026-08-20","passed","2026-08-20","","Go Test","github.com/specterops/bloodhound/cmd/api/src/queries/Test_sortAndSliceResults_sorting","Test_sortAndSliceResults_sorting"
"","290","renders total rules and accordion sections","RulesAccordion","2026-08-20","passed","2026-08-20","","","",""
"","143","The edge properties are fetched through the relationship endpoint which includes lastseen","EdgeObjectInformation","2026-08-20","passed","2026-08-20","","","",""
"","790","Download button opens a menu and selecting ""Selected Columns"" calls json2csv with selected columns only","ExploreTable","2026-08-20","passed","2026-08-20","","","",""
"","69","fails checks if the user does not have a matching permission","usePermissions","2026-08-20","passed","2026-08-20","","","",""
"Test cases for TestManagementResource_SAMLLoginRedirect","5","TestManagementResource_SAMLLoginRedirect","","2026-08-20","passed","2026-08-20","","Go Test","github.com/specterops/bloodhound/cmd/api/src/api/v2/auth/TestManagementResource_SAMLLoginRedirect","TestManagementResource_SAMLLoginRedirect"
"","531","does not display must be new password error messages when current password is not required","PasswordDialog","2026-08-20","passed","2026-08-20","","","",""
"","0","should handle an undefined entity","Evaluating the entity display name from a given entity","2026-08-20","passed","2026-08-20","","","",""
"","0","should appropriately handle edges that contain underscores","getEdgeDataFromKey","2026-08-20","passed","2026-08-20","","","",""
"Test cases for TestResources_GetAssetGroupTagMemberCountsByKind","6","TestResources_GetAssetGroupTagMemberCountsByKind","","2026-08-20","passed","2026-08-20","","Go Test","github.com/specterops/bloodhound/cmd/api/src/api/v2/TestResources_GetAssetGroupTagMemberCountsByKind","TestResources_GetAssetGroupTagMemberCountsByKind"
"","262","disables the sortable header only while its accordion is closed","ObjectsAccordion","2026-08-20","passed","2026-08-20","","","",""
"Test cases for TestCache_Set","0","TestCache_Set","","2026-08-20","passed","2026-08-20","","Go Test","github.com/specterops/bloodhound/packages/go/cache/TestCache_Set","TestCache_Set"
"","683","should sort by type","SSOProviderTable","2026-08-20","passed","2026-08-20","","","",""
"Test cases for TestMaybeSubmitNodeUpdate","3","TestMaybeSubmitNodeUpdate","","2026-08-20","passed","2026-08-20","","Go Test","github.com/specterops/bloodhound/cmd/api/src/services/graphify/TestMaybeSubmitNodeUpdate","TestMaybeSubmitNodeUpdate"
"","118","renders correctly","NodeIcon","2026-08-20","passed","2026-08-20","","","",""
"","81","displays the value thats passed via children","CodeController","2026-08-20","passed","2026-08-20","","","",""
"","713","executes a primary search when only a source node is provided","Pathfinding: interaction","2026-08-20","passed","2026-08-20","","","",""
"Test cases for TestParseGroupMiscData","4","TestParseGroupMiscData","","2026-08-20","passed","2026-08-20","","Go Test","github.com/specterops/bloodhound/packages/go/ein/TestParseGroupMiscData","TestParseGroupMiscData"
"Test cases for TestResources_ListADEntityAdminRights","0","TestResources_ListADEntityAdminRights","","2026-08-20","passed","2026-08-20","","Go Test","github.com/specterops/bloodhound/cmd/api/src/api/v2/TestResources_ListADEntityAdminRights","TestResources_ListADEntityAdminRights"
"","9","returns the remaining amount of labels available for creation","useTagLimits","2026-08-20","passed","2026-08-20","","","",""
"","14","returns an empty map when the user lacks permission to read users","useUserNamesById","2026-08-20","passed","2026-08-20","","","",""
"Test cases for TestResources_ListADGPOAffectedComputers","0","TestResources_ListADGPOAffectedComputers","","2026-08-20","passed","2026-08-20","","Go Test","github.com/specterops/bloodhound/cmd/api/src/api/v2/TestResources_ListADGPOAffectedComputers","TestResources_ListADGPOAffectedComputers"
"","66","fetches node data when given a plain numeric string id","useGraphItem","2026-08-20","passed","2026-08-20","","","",""
"Test cases for TestPasswordValidator","0","TestPasswordValidator","","2026-08-20","passed","2026-08-20","","Go Test","github.com/specterops/bloodhound/cmd/api/src/utils/validation/TestPasswordValidator","TestPasswordValidator"
"TestRegister_RateLimitingReturns429 verifies that the graphdb routes are wiredwith the rate-limiting middleware and that requests exceeding the per-IP limitare rejected with 429 before reaching the handler.Because the rate limiter is registered as the outermost middleware layer(before the permissions check), even unauthenticated requests count againstthe limit and trigger 429 once the budget is exhausted.","1","TestRegister_RateLimitingReturns429","","2026-08-20","passed","2026-08-20","","Go Test","github.com/specterops/bloodhound/server/graphdb/internal/routes/TestRegister_RateLimitingReturns429","TestRegister_RateLimitingReturns429"
"","0","returns undefined when highlightedItem is null","SigmaChart Utils","2026-08-20","passed","2026-08-20","","getIsHighlightedItemInGraph","",""
"Test cases for TestAnalysisErrorsEvaluateErrors","1","TestAnalysisErrorsEvaluateErrors","","2026-08-20","passed","2026-08-20","","Go Test","github.com/specterops/bloodhound/packages/go/analysis/TestAnalysisErrorsEvaluateErrors","TestAnalysisErrorsEvaluateErrors"
"Test cases for TestMap","0","TestMap","","2026-08-20","passed","2026-08-20","","Go Test","github.com/specterops/bloodhound/packages/go/lab/internal/TestMap","TestMap"
"Test cases for TestMarshalBool","0","TestMarshalBool","","2026-08-20","passed","2026-08-20","","Go Test","github.com/specterops/bloodhound/cmd/api/src/database/types/null/TestMarshalBool","TestMarshalBool"
"","0","returns true when the response contains node_id","isNodeResponse","2026-08-20","passed","2026-08-20","","","",""
"Test cases for TestLoggingMiddleware_QueryParameters","0","TestLoggingMiddleware_QueryParameters","","2026-08-20","passed","2026-08-20","","Go Test","github.com/specterops/bloodhound/cmd/api/src/api/middleware/TestLoggingMiddleware_QueryParameters","TestLoggingMiddleware_QueryParameters"
"","3","shows the collection methods for the given job","toCollected","2026-08-20","passed","2026-08-20","","","",""
"Test cases for TestManagementResource_ListAuthTokens_SortingError","2","TestManagementResource_ListAuthTokens_SortingError","","2026-08-20","passed","2026-08-20","","Go Test","github.com/specterops/bloodhound/cmd/api/src/api/v2/auth/TestManagementResource_ListAuthTokens_SortingError","TestManagementResource_ListAuthTokens_SortingError"
"Test cases for TestResources_StartIngestJob","94","TestResources_StartIngestJob","","2026-08-20","passed","2026-08-20","","Go Test","github.com/specterops/bloodhound/cmd/api/src/api/v2/TestResources_StartIngestJob","TestResources_StartIngestJob"
"Test cases for Test_ParseGraphSortParameters_InvalidSortColumn","0","Test_ParseGraphSortParameters_InvalidSortColumn","","2026-08-20","passed","2026-08-20","","Go Test","github.com/specterops/bloodhound/cmd/api/src/api/Test_ParseGraphSortParameters_InvalidSortColumn","Test_ParseGraphSortParameters_InvalidSortColumn"
"Test cases for TestStorageFileService_DeleteFileWithOptions","38","TestStorageFileService_DeleteFileWithOptions","","2026-08-20","passed","2026-08-20","","Go Test","github.com/specterops/bloodhound/packages/go/storage/TestStorageFileService_DeleteFileWithOptions","TestStorageFileService_DeleteFileWithOptions"
"Test cases for TestMarshalIntText","0","TestMarshalIntText","","2026-08-20","passed","2026-08-20","","Go Test","github.com/specterops/bloodhound/cmd/api/src/database/types/null/TestMarshalIntText","TestMarshalIntText"
"Test cases for TestError","0","TestError","","2026-08-20","passed","2026-08-20","","Go Test","github.com/specterops/bloodhound/cmd/api/src/api/TestError","TestError"
"Test cases for TestLocalStore_Exists","63","TestLocalStore_Exists","","2026-08-20","passed","2026-08-20","","Go Test","github.com/specterops/bloodhound/packages/go/storage/TestLocalStore_Exists","TestLocalStore_Exists"
"","357","renders the Rule Tab content when Rule tab is chosen","Selected Details Tab Content","2026-08-20","passed","2026-08-20","","","",""
"","108","displays an error message","GraphView","2026-08-20","passed","2026-08-20","","","",""
"","87","should display the logged in user's role","UserProfile","2026-08-20","passed","2026-08-20","","","",""
"Test cases for TestResources_GetUserEntityInfo","5","TestResources_GetUserEntityInfo","","2026-08-20","passed","2026-08-20","","Go Test","github.com/specterops/bloodhound/cmd/api/src/api/v2/TestResources_GetUserEntityInfo","TestResources_GetUserEntityInfo"
"","60","should redirect to nested /file-ingest route if user navigates to an invalid route","Administration","2026-08-20","passed","2026-08-20","","","",""
"","446","should reject passwords with no special characters","CreateUserForm","2026-08-20","passed","2026-08-20","","","",""
"Test cases for TestService_IsEnabled","0","TestService_IsEnabled","","2026-08-20","passed","2026-08-20","","Go Test","github.com/specterops/bloodhound/server/featureflags/internal/services/TestService_IsEnabled","TestService_IsEnabled"
"Test cases for TestManagementResource_SanitizeAndGetRoles","0","TestManagementResource_SanitizeAndGetRoles","","2026-08-20","passed","2026-08-20","","Go Test","github.com/specterops/bloodhound/cmd/api/src/api/v2/auth/TestManagementResource_SanitizeAndGetRoles","TestManagementResource_SanitizeAndGetRoles"
"","10","when password is not expired no redirect occurs","AuthenticatedRoute","2026-08-20","passed","2026-08-20","","","",""
"Test cases for TestResources_ListAuditLogs_InvalidSkip","0","TestResources_ListAuditLogs_InvalidSkip","","2026-08-20","passed","2026-08-20","","Go Test","github.com/specterops/bloodhound/cmd/api/src/api/v2/TestResources_ListAuditLogs_InvalidSkip","TestResources_ListAuditLogs_InvalidSkip"
"","324","emits allGraphData true when the parent is checked from none","GraphDataCheckboxes","2026-08-20","passed","2026-08-20","","","",""
"","0","maps cypher 504 errors to timeout messaging","useExploreGraph","2026-08-20","passed","2026-08-20","","exploreGraphQueryFactory","",""
"Test cases for TestIngestGenericData_RegisterNodeKind","0","TestIngestGenericData_RegisterNodeKind","","2026-08-20","passed","2026-08-20","","Go Test","github.com/specterops/bloodhound/cmd/api/src/services/graphify/TestIngestGenericData_RegisterNodeKind","TestIngestGenericData_RegisterNodeKind"
"Test cases for TestDatabase_GetAssetGroupTagSelector","0","TestDatabase_GetAssetGroupTagSelector","","2026-08-20","passed","2026-08-20","","Go Test","github.com/specterops/bloodhound/cmd/api/src/api/v2/TestDatabase_GetAssetGroupTagSelector","TestDatabase_GetAssetGroupTagSelector"
"","60","invalidates the extensions and custom node kinds query keys when upload succeeds","useSchemaUploadHandlers","2026-08-20","passed","2026-08-20","","","",""
"","320","fires click handlers","ConfirmDeleteQueryDialog","2026-08-20","passed","2026-08-20","","","",""
"","198","highlights the selectedLayout when isExploreLayoutSelected is true","GraphControls","2026-08-20","passed","2026-08-20","","Selecting a layout","",""
"Test cases for TestOpenScratchReadSeeker","7","TestOpenScratchReadSeeker","","2026-08-20","passed","2026-08-20","","Go Test","github.com/specterops/bloodhound/cmd/api/src/services/graphify/TestOpenScratchReadSeeker","TestOpenScratchReadSeeker"
"","871","should render many sections with many navigation items","SubNav","2026-08-20","passed","2026-08-20","","","",""
"","45","tag members refetches on sort change","the useAssetGroupTags utilities","2026-08-20","passed","2026-08-20","","","",""
"Test cases for TestResources_DownloadCollectorByVersion","0","TestResources_DownloadCollectorByVersion","","2026-08-20","passed","2026-08-20","","Go Test","github.com/specterops/bloodhound/cmd/api/src/api/v2/TestResources_DownloadCollectorByVersion","TestResources_DownloadCollectorByVersion"
"","854","shows a table with partially completed jobs","FileIngestTable","2026-08-20","passed","2026-08-20","","","",""
"Test cases for TestStore_GetAllFlags","0","TestStore_GetAllFlags","","2026-08-20","passed","2026-08-20","","Go Test","github.com/specterops/bloodhound/server/featureflags/internal/appdb/TestStore_GetAllFlags","TestStore_GetAllFlags"
"","88","renders the selected query in the cypher editor when editing a query that differs from the active cypher search","SaveQueryDialog","2026-08-20","passed","2026-08-20","","","",""
"","811","constrains long zone names to the select width","Privilege Zones History Filter Dialog","2026-08-20","passed","2026-08-20","","","",""
"Test cases for TestConvertContainerToNode_InheritanceHashes","0","TestConvertContainerToNode_InheritanceHashes","","2026-08-20","passed","2026-08-20","","Go Test","github.com/specterops/bloodhound/packages/go/ein/TestConvertContainerToNode_InheritanceHashes","TestConvertContainerToNode_InheritanceHashes"
"","87","should redirect to nested /file-ingest route if user navigates to /","Administration","2026-08-20","passed","2026-08-20","","","",""
"Test cases for TestGetPlatformAggregateStats_Success","0","TestGetPlatformAggregateStats_Success","","2026-08-20","passed","2026-08-20","","Go Test","github.com/specterops/bloodhound/cmd/api/src/api/v2/TestGetPlatformAggregateStats_Success","TestGetPlatformAggregateStats_Success"
"","302","exposes disabled additional actions and prevents activation","GraphControls","2026-08-20","passed","2026-08-20","","Exporting json","",""
"Test cases for TestGetDataQualityAggregations_Success","3","TestGetDataQualityAggregations_Success","","2026-08-20","passed","2026-08-20","","Go Test","github.com/specterops/bloodhound/cmd/api/src/api/v2/TestGetDataQualityAggregations_Success","TestGetDataQualityAggregations_Success"
"Test cases for TestResources_OpenGraphSchemaIngest","4","TestResources_OpenGraphSchemaIngest","","2026-08-20","passed","2026-08-20","","Go Test","github.com/specterops/bloodhound/cmd/api/src/api/v2/TestResources_OpenGraphSchemaIngest","TestResources_OpenGraphSchemaIngest"
"Test cases for TestCreateAssetGroupRequest_AuditData","0","TestCreateAssetGroupRequest_AuditData","","2026-08-20","passed","2026-08-20","","Go Test","github.com/specterops/bloodhound/cmd/api/src/api/v2/TestCreateAssetGroupRequest_AuditData","TestCreateAssetGroupRequest_AuditData"
"Test cases for TestResources_ListAuditLogs","0","TestResources_ListAuditLogs","","2026-08-20","passed","2026-08-20","","Go Test","github.com/specterops/bloodhound/cmd/api/src/api/v2/TestResources_ListAuditLogs","TestResources_ListAuditLogs"
"Test cases for TestResources_GetRootCAEntityInfo","269","TestResources_GetRootCAEntityInfo","","2026-08-20","passed","2026-08-20","","Go Test","github.com/specterops/bloodhound/cmd/api/src/api/v2/TestResources_GetRootCAEntityInfo","TestResources_GetRootCAEntityInfo"
"","0","filters by collected=false when ""no"" filter is active","filterAndSearchEnvironments","2026-08-20","passed","2026-08-20","","collected filters","",""
"","13","returns active-directory environmentInfo when environmentAggregation param is active-directory","useAvailableEnvironments","2026-08-20","passed","2026-08-20","","useSelectedEnvironment","",""
"","343","renders an edit form for the selected asset group when a user has graph write permissions","GroupManagement","2026-08-20","passed","2026-08-20","","","",""
"","75","sorts by title as secondary key when positions are equal","KindInfoItems","2026-08-20","passed","2026-08-20","","","",""
